{
    "type": "FeatureCollection",
    "features": [
        {
            "type": "Feature",
            "geometry": {
                "type": "Polygon",
                "coordinates": [
                    [
                        [
                            36.73466666666667,
                            56.318083333333334
                        ],
                        [
                            36.736916666666666,
                            56.317750000000004
                        ],
                        [
                            36.74036111111111,
                            56.30325
                        ],
                        [
                            36.73994444444445,
                            56.30302777777778
                        ],
                        [
                            36.73466666666667,
                            56.318083333333334
                        ]
                    ]
                ]
            },
            "properties": {
                "description": "\u0433\u043e\u0440\u043e\u0434\u0441\u043a\u043e\u0439 \u043e\u043a\u0440\u0443\u0433 \u041a\u043b\u0438\u043d -> \u041a\u043b\u0438\u043d\u0441\u043a\u043e\u0435 \u0432\u043e\u0434\u043e\u0445\u0440\u0430\u043d\u0438\u043b\u0438\u0449\u0435: \u043e\u0442 \u043f\u043b\u043e\u0442\u0438\u043d\u044b \u0432 \u0442\u0440\u0435\u0442\u044c\u0435\u043c \u041c\u0438\u043a\u0440\u043e\u0440\u0430\u0439\u043e\u043d\u0435 \u0434\u043e \u0436\u0435\u043b\u0435\u0437\u043e\u0431\u0435\u0442\u043e\u043d\u043d\u043e\u0433\u043e \u043c\u043e\u0441\u0442\u0430 \u0434\u0435\u0440\u0435\u0432\u043d\u0438 \u0421\u043e\u0445\u0438\u043d\u043e:"
            }
        },
        {
            "type": "Feature",
            "geometry": {
                "type": "Polygon",
                "coordinates": [
                    [
                        [
                            36.75666666666667,
                            56.250638888888886
                        ],
                        [
                            36.757416666666664,
                            56.2505
                        ],
                        [
                            36.75669444444444,
                            56.249833333333335
                        ],
                        [
                            36.75516666666667,
                            56.255944444444445
                        ],
                        [
                            36.75552777777778,
                            56.256388888888885
                        ],
                        [
                            36.756166666666665,
                            56.25497222222222
                        ],
                        [
                            36.756194444444446,
                            56.25672222222222
                        ],
                        [
                            36.75630555555556,
                            56.25644444444445
                        ],
                        [
                            36.75825,
                            56.25711111111111
                        ],
                        [
                            36.75833333333333,
                            56.25691666666667
                        ],
                        [
                            36.75666666666667,
                            56.250638888888886
                        ]
                    ]
                ]
            },
            "properties": {
                "description": "\u0433\u043e\u0440\u043e\u0434\u0441\u043a\u043e\u0439 \u043e\u043a\u0440\u0443\u0433 \u041a\u043b\u0438\u043d -> \u041a\u043b\u0438\u043d\u0441\u043a\u043e\u0435 \u0432\u043e\u0434\u043e\u0445\u0440\u0430\u043d\u0438\u043b\u0438\u0449\u0435: \u0440\u0443\u0441\u043b\u043e\u0432\u044b\u0435 \u043f\u0440\u0443\u0434\u044b \u0432 \u0440\u0430\u0439\u043e\u043d\u0435 \u0434\u0435\u0440\u0435\u0432\u043d\u0438 \u0415\u043b\u0438\u043d\u043e \u043d\u0430 \u0440\u0435\u043a\u0435 \u0416\u043e\u0440\u043d\u043e\u0432\u043a\u0430:"
            }
        },
        {
            "type": "Feature",
            "geometry": {
                "type": "Polygon",
                "coordinates": [
                    [
                        [
                            36.33691666666667,
                            56.42536111111111
                        ],
                        [
                            36.337611111111116,
                            56.4255
                        ],
                        [
                            36.3335,
                            56.42747222222222
                        ],
                        [
                            36.33372222222223,
                            56.42766666666667
                        ],
                        [
                            36.32244444444445,
                            56.429138888888886
                        ],
                        [
                            36.32427777777778,
                            56.429138888888886
                        ],
                        [
                            36.32897222222223,
                            56.42966666666666
                        ],
                        [
                            36.32902777777778,
                            56.42986111111111
                        ],
                        [
                            36.33522222222223,
                            56.428888888888885
                        ],
                        [
                            36.33752777777778,
                            56.42883333333333
                        ],
                        [
                            36.338,
                            56.428999999999995
                        ],
                        [
                            36.33691666666667,
                            56.42536111111111
                        ]
                    ]
                ]
            },
            "properties": {
                "description": "\u0433\u043e\u0440\u043e\u0434\u0441\u043a\u043e\u0439 \u043e\u043a\u0440\u0443\u0433 \u041a\u043b\u0438\u043d -> \u041a\u043b\u0438\u043d\u0441\u043a\u043e\u0435 \u0432\u043e\u0434\u043e\u0445\u0440\u0430\u043d\u0438\u043b\u0438\u0449\u0435: \u0434\u0435\u0440\u0435\u0432\u043d\u0438 \u0427\u0435\u0440\u043d\u044f\u0442\u0438\u043d\u043e \u043d\u0430 \u0440\u0435\u043a\u0435 \u042f\u0443\u0437\u0430:"
            }
        },
        {
            "type": "Feature",
            "geometry": {
                "type": "Polygon",
                "coordinates": [
                    [
                        [
                            36.83163888888889,
                            56.40338888888889
                        ],
                        [
                            36.82777777777778,
                            56.40252777777778
                        ],
                        [
                            36.829055555555556,
                            56.404444444444444
                        ],
                        [
                            36.827111111111115,
                            56.405166666666666
                        ],
                        [
                            36.8275,
                            56.40452777777778
                        ],
                        [
                            36.82591666666667,
                            56.40486111111111
                        ],
                        [
                            36.82666666666667,
                            56.404666666666664
                        ],
                        [
                            36.80369444444444,
                            56.411027777777775
                        ],
                        [
                            36.803888888888885,
                            56.41111111111111
                        ],
                        [
                            36.812305555555554,
                            56.409083333333335
                        ],
                        [
                            36.812416666666664,
                            56.409166666666664
                        ],
                        [
                            36.81477777777778,
                            56.407916666666665
                        ],
                        [
                            36.81638888888889,
                            56.40844444444444
                        ],
                        [
                            36.81605555555555,
                            56.40858333333333
                        ],
                        [
                            36.83163888888889,
                            56.40338888888889
                        ]
                    ]
                ]
            },
            "properties": {
                "description": "\u0433\u043e\u0440\u043e\u0434\u0441\u043a\u043e\u0439 \u043e\u043a\u0440\u0443\u0433 \u041a\u043b\u0438\u043d -> \u041a\u043b\u0438\u043d\u0441\u043a\u043e\u0435 \u0432\u043e\u0434\u043e\u0445\u0440\u0430\u043d\u0438\u043b\u0438\u0449\u0435: \u0434\u0435\u0440\u0435\u0432\u043d\u0438 \u041a\u0430\u043b\u0438\u043d\u0438\u043d\u043e \u043d\u0430 \u0440\u0443\u0447\u044c\u0435 \u0411\u0435\u0437\u044b\u043c\u044f\u043d\u043d\u044b\u0439:"
            }
        },
        {
            "type": "Feature",
            "geometry": {
                "type": "Polygon",
                "coordinates": [
                    [
                        [
                            36.25241666666667,
                            56.281666666666666
                        ],
                        [
                            36.269777777777776,
                            56.27988888888889
                        ],
                        [
                            36.254333333333335,
                            56.27469444444444
                        ],
                        [
                            36.25391666666667,
                            56.277944444444444
                        ],
                        [
                            36.24033333333333,
                            56.26197222222222
                        ],
                        [
                            36.242583333333336,
                            56.26213888888889
                        ],
                        [
                            36.24344444444444,
                            56.26013888888889
                        ],
                        [
                            36.241416666666666,
                            56.25963888888889
                        ],
                        [
                            36.23986111111111,
                            56.26177777777778
                        ],
                        [
                            36.23730555555556,
                            56.260305555555554
                        ],
                        [
                            36.23833333333334,
                            56.25886111111111
                        ],
                        [
                            36.227361111111115,
                            56.25747222222222
                        ],
                        [
                            36.22925,
                            56.25819444444444
                        ],
                        [
                            36.22994444444445,
                            56.25669444444444
                        ],
                        [
                            36.22827777777778,
                            56.25661111111111
                        ],
                        [
                            36.21452777777778,
                            56.24816666666667
                        ],
                        [
                            36.21394444444445,
                            56.248805555555556
                        ],
                        [
                            36.216,
                            56.24963888888889
                        ],
                        [
                            36.21727777777778,
                            56.25138888888889
                        ],
                        [
                            36.219277777777776,
                            56.25238888888889
                        ],
                        [
                            36.220222222222226,
                            56.25344444444445
                        ],
                        [
                            36.219722222222224,
                            56.254444444444445
                        ],
                        [
                            36.224222222222224,
                            56.25486111111111
                        ],
                        [
                            36.22533333333334,
                            56.25702777777778
                        ],
                        [
                            36.22677777777778,
                            56.257555555555555
                        ],
                        [
                            36.225972222222225,
                            56.25427777777778
                        ],
                        [
                            36.21772222222222,
                            56.249361111111114
                        ],
                        [
                            36.25241666666667,
                            56.281666666666666
                        ]
                    ]
                ]
            },
            "properties": {
                "description": "\u0433\u043e\u0440\u043e\u0434\u0441\u043a\u043e\u0439 \u043e\u043a\u0440\u0443\u0433 \u041a\u043b\u0438\u043d -> \u041a\u043b\u0438\u043d\u0441\u043a\u043e\u0435 \u0432\u043e\u0434\u043e\u0445\u0440\u0430\u043d\u0438\u043b\u0438\u0449\u0435 \u0434\u0435\u0440\u0435\u0432\u043d\u0438 \u0414\u044f\u0442\u043b\u043e\u0432\u043e \u043d\u0430 \u0440\u0435\u043a\u0435 \u041c\u0430\u043b\u0430\u044f \u0421\u0435\u0441\u0442\u0440\u0430:"
            }
        },
        {
            "type": "Feature",
            "geometry": {
                "type": "Polygon",
                "coordinates": [
                    [
                        [
                            36.319972222222226,
                            56.36694444444444
                        ],
                        [
                            36.319583333333334,
                            56.366083333333336
                        ],
                        [
                            36.32227777777778,
                            56.36530555555556
                        ],
                        [
                            36.323,
                            56.36558333333333
                        ],
                        [
                            36.31344444444444,
                            56.35991666666667
                        ],
                        [
                            36.315777777777775,
                            56.35783333333333
                        ],
                        [
                            36.317861111111114,
                            56.358472222222225
                        ],
                        [
                            36.31927777777778,
                            56.36044444444445
                        ],
                        [
                            36.33083333333334,
                            56.36058333333334
                        ],
                        [
                            36.32888888888889,
                            56.363055555555555
                        ],
                        [
                            36.319750000000006,
                            56.36161111111111
                        ],
                        [
                            36.33733333333333,
                            56.35461111111111
                        ],
                        [
                            36.33705555555556,
                            56.35330555555556
                        ],
                        [
                            36.338972222222225,
                            56.35411111111111
                        ],
                        [
                            36.34963888888889,
                            56.35827777777778
                        ],
                        [
                            36.34919444444445,
                            56.35655555555556
                        ],
                        [
                            36.35797222222222,
                            56.35483333333333
                        ],
                        [
                            36.35905555555556,
                            56.35566666666667
                        ],
                        [
                            36.319972222222226,
                            56.36694444444444
                        ]
                    ]
                ]
            },
            "properties": {
                "description": "\u0433\u043e\u0440\u043e\u0434\u0441\u043a\u043e\u0439 \u043e\u043a\u0440\u0443\u0433 \u041a\u043b\u0438\u043d -> \u0434\u0435\u0440\u0435\u0432\u043d\u0438 \u041a\u0440\u0443\u0442\u0446\u044b \u043d\u0430 \u0440\u0435\u043a\u0435 \u042f\u0443\u0437\u0430:"
            }
        },
        {
            "type": "Feature",
            "geometry": {
                "type": "Polygon",
                "coordinates": [
                    [
                        [
                            36.977694444444445,
                            56.462250000000004
                        ],
                        [
                            36.97763888888889,
                            56.46255555555556
                        ],
                        [
                            36.8825,
                            56.28975
                        ],
                        [
                            36.90577777777778,
                            56.290194444444445
                        ],
                        [
                            36.977694444444445,
                            56.462250000000004
                        ]
                    ]
                ]
            },
            "properties": {
                "description": "\u0433\u043e\u0440\u043e\u0434\u0441\u043a\u043e\u0439 \u043e\u043a\u0440\u0443\u0433 \u041a\u043b\u0438\u043d -> \u0440\u0435\u043a\u0430 \u0421\u0435\u0441\u0442\u0440\u0430:"
            }
        },
        {
            "type": "Feature",
            "geometry": {
                "type": "Polygon",
                "coordinates": [
                    [
                        [
                            36.85758333333334,
                            56.434916666666666
                        ],
                        [
                            36.85738888888889,
                            56.434916666666666
                        ],
                        [
                            37.00044444444445,
                            56.364583333333336
                        ],
                        [
                            37.00036111111111,
                            56.36461111111111
                        ],
                        [
                            36.85758333333334,
                            56.434916666666666
                        ]
                    ]
                ]
            },
            "properties": {
                "description": "\u0433\u043e\u0440\u043e\u0434\u0441\u043a\u043e\u0439 \u043e\u043a\u0440\u0443\u0433 \u041a\u043b\u0438\u043d -> \u0440\u0435\u043a\u0430 \u041b\u0443\u0442\u043e\u0441\u043d\u044f:"
            }
        },
        {
            "type": "Feature",
            "geometry": {
                "type": "Polygon",
                "coordinates": [
                    [
                        [
                            36.82241666666667,
                            55.99375
                        ],
                        [
                            36.83091666666667,
                            55.99263888888889
                        ],
                        [
                            36.83166666666667,
                            55.99377777777778
                        ],
                        [
                            36.82377777777778,
                            55.995583333333336
                        ],
                        [
                            36.82241666666667,
                            55.99375
                        ]
                    ]
                ]
            },
            "properties": {
                "description": "\u0433\u043e\u0440\u043e\u0434\u0441\u043a\u043e\u0439 \u043e\u043a\u0440\u0443\u0433 \u0421\u043e\u043b\u043d\u0435\u0447\u043d\u043e\u0433\u043e\u0440\u0441\u043a -> \u0418\u0441\u0442\u0440\u0438\u043d\u0441\u043a\u043e\u0435 \u0432\u043e\u0434\u043e\u0445\u0440\u0430\u043d\u0438\u043b\u0438\u0449\u0435:"
            }
        },
        {
            "type": "Feature",
            "geometry": {
                "type": "Polygon",
                "coordinates": [
                    [
                        [
                            37.034166666666664,
                            56.33983333333334
                        ],
                        [
                            37.03283333333333,
                            56.33972222222222
                        ],
                        [
                            37.03219444444444,
                            56.339444444444446
                        ],
                        [
                            37.032805555555555,
                            56.33880555555556
                        ],
                        [
                            37.0325,
                            56.33775
                        ],
                        [
                            37.03230555555555,
                            56.33777777777778
                        ],
                        [
                            37.032555555555554,
                            56.33880555555556
                        ],
                        [
                            37.03175,
                            56.33963888888889
                        ],
                        [
                            37.03630555555555,
                            56.33819444444445
                        ],
                        [
                            37.03561111111111,
                            56.33813888888889
                        ],
                        [
                            37.03494444444444,
                            56.33797222222223
                        ],
                        [
                            37.03561111111111,
                            56.337944444444446
                        ],
                        [
                            37.03336111111111,
                            56.33294444444445
                        ],
                        [
                            37.03219444444444,
                            56.33230555555556
                        ],
                        [
                            37.03183333333333,
                            56.331250000000004
                        ],
                        [
                            37.03161111111111,
                            56.33208333333334
                        ],
                        [
                            37.030611111111114,
                            56.33213888888889
                        ],
                        [
                            37.03058333333333,
                            56.33236111111111
                        ],
                        [
                            37.03122222222222,
                            56.33216666666667
                        ],
                        [
                            37.034166666666664,
                            56.33983333333334
                        ]
                    ]
                ]
            },
            "properties": {
                "description": "\u0433\u043e\u0440\u043e\u0434\u0441\u043a\u043e\u0439 \u043e\u043a\u0440\u0443\u0433 \u0421\u043e\u043b\u043d\u0435\u0447\u043d\u043e\u0433\u043e\u0440\u0441\u043a -> \u0432\u043e\u0434\u043e\u0445\u0440\u0430\u043d\u0438\u043b\u0438\u0449\u0435 (\u0440\u0443\u0441\u043b\u043e\u0432\u043e\u0439 \u043f\u0440\u0443\u0434 \u0422\u0430\u0440\u0430\u043a\u0430\u043d\u043e\u0432\u0441\u043a\u0438\u0439)"
            }
        },
        {
            "type": "Feature",
            "geometry": {
                "type": "Polygon",
                "coordinates": [
                    [
                        [
                            36.82338888888889,
                            55.993944444444445
                        ],
                        [
                            36.83058333333334,
                            55.99336111111111
                        ],
                        [
                            36.90427777777778,
                            56.13183333333333
                        ],
                        [
                            36.76888888888889,
                            56.14813888888889
                        ],
                        [
                            36.70238888888889,
                            56.118138888888886
                        ],
                        [
                            36.82338888888889,
                            55.993944444444445
                        ]
                    ]
                ]
            },
            "properties": {
                "description": "\u0433\u043e\u0440\u043e\u0434\u0441\u043a\u043e\u0439 \u043e\u043a\u0440\u0443\u0433 \u0418\u0441\u0442\u0440\u0430 -> \u0418\u0441\u0442\u0440\u0438\u043d\u0441\u043a\u043e\u0435 \u0432\u043e\u0434\u043e\u0445\u0440\u0430\u043d\u0438\u043b\u0438\u0449\u0435: 50 \u043c \u0432\u0433\u043b\u0443\u0431\u044c \u0430\u043a\u0432\u0430\u0442\u043e\u0440\u0438\u0438 \u0432\u0434\u043e\u043b\u044c \u0432\u0441\u0435\u0439 \u0431\u0435\u0440\u0435\u0433\u043e\u0432\u043e\u0439 \u043b\u0438\u043d\u0438\u0438:"
            }
        },
        {
            "type": "Feature",
            "geometry": {
                "type": "Polygon",
                "coordinates": [
                    [
                        [
                            36.98594444444444,
                            55.974694444444445
                        ],
                        [
                            36.98719444444445,
                            55.97552777777778
                        ],
                        [
                            36.989666666666665,
                            55.976333333333336
                        ],
                        [
                            36.99063888888889,
                            55.977250000000005
                        ],
                        [
                            36.99052777777778,
                            55.976416666666665
                        ],
                        [
                            36.98977777777778,
                            55.97505555555556
                        ],
                        [
                            36.98827777777778,
                            55.97519444444445
                        ],
                        [
                            36.98641666666667,
                            55.974722222222226
                        ],
                        [
                            36.98236111111111,
                            55.97163888888889
                        ],
                        [
                            36.98211111111112,
                            55.971472222222225
                        ],
                        [
                            36.982055555555554,
                            55.97119444444445
                        ],
                        [
                            36.98147222222222,
                            55.97166666666667
                        ],
                        [
                            36.98594444444444,
                            55.974694444444445
                        ]
                    ]
                ]
            },
            "properties": {
                "description": "\u0433\u043e\u0440\u043e\u0434\u0441\u043a\u043e\u0439 \u043e\u043a\u0440\u0443\u0433 \u0418\u0441\u0442\u0440\u0430 -> \u0440\u0443\u0441\u043b\u043e\u0432\u044b\u0435 \u043f\u0440\u0443\u0434\u044b \u043d\u0430 \u0440\u0435\u043a\u0435 \u041f\u0435\u0441\u043e\u0447\u043d\u0430\u044f \u0443 \u0434\u0435\u0440\u0435\u0432\u043d\u0438 \u0425\u043e\u043b\u043c\u044b:"
            }
        },
        {
            "type": "Feature",
            "geometry": {
                "type": "Polygon",
                "coordinates": [
                    [
                        [
                            36.96438888888889,
                            55.96341666666667
                        ],
                        [
                            36.96452777777778,
                            55.96327777777778
                        ],
                        [
                            36.96497222222222,
                            55.964000000000006
                        ],
                        [
                            36.96630555555556,
                            55.964000000000006
                        ],
                        [
                            36.968722222222226,
                            55.96472222222223
                        ],
                        [
                            36.97063888888889,
                            55.96538888888889
                        ],
                        [
                            36.97327777777778,
                            55.96677777777778
                        ],
                        [
                            36.969833333333334,
                            55.96458333333334
                        ],
                        [
                            36.96713888888889,
                            55.96341666666667
                        ],
                        [
                            36.96619444444445,
                            55.96286111111112
                        ],
                        [
                            36.96527777777778,
                            55.963166666666666
                        ],
                        [
                            36.96438888888889,
                            55.96341666666667
                        ]
                    ]
                ]
            },
            "properties": {
                "description": "\u0433\u043e\u0440\u043e\u0434\u0441\u043a\u043e\u0439 \u043e\u043a\u0440\u0443\u0433 \u0418\u0441\u0442\u0440\u0430 -> \u0440\u0443\u0441\u043b\u043e\u0432\u044b\u0435 \u043f\u0440\u0443\u0434\u044b \u043d\u0430 \u0440\u0435\u043a\u0435 \u041f\u0435\u0441\u043e\u0447\u043d\u0430\u044f \u0443 \u0434\u0435\u0440\u0435\u0432\u043d\u0438 \u0410\u0434\u0443\u0435\u0432\u043e:"
            }
        },
        {
            "type": "Feature",
            "geometry": {
                "type": "Polygon",
                "coordinates": [
                    [
                        [
                            36.82302777777778,
                            55.99330555555556
                        ],
                        [
                            36.82230555555556,
                            55.993500000000004
                        ],
                        [
                            36.82302777777778,
                            55.99330555555556
                        ]
                    ]
                ]
            },
            "properties": {
                "description": "\u0433\u043e\u0440\u043e\u0434\u0441\u043a\u043e\u0439 \u043e\u043a\u0440\u0443\u0433 \u0418\u0441\u0442\u0440\u0430 -> \u0440\u0435\u043a\u0430 \u0418\u0441\u0442\u0440\u0430: \u043e\u0442 \u0433\u0438\u0434\u0440\u043e\u0443\u0437\u043b\u0430 \u0438\u043c\u0435\u043d\u0438 \u041a\u0443\u0439\u0431\u044b\u0448\u0435\u0432\u0430:"
            }
        },
        {
            "type": "Feature",
            "geometry": {
                "type": "Polygon",
                "coordinates": [
                    [
                        [
                            37.64297222222222,
                            56.40297222222222
                        ],
                        [
                            37.64113888888889,
                            56.4005
                        ],
                        [
                            37.63516666666666,
                            56.38377777777778
                        ],
                        [
                            37.654583333333335,
                            56.38780555555555
                        ],
                        [
                            37.683416666666666,
                            56.39013888888889
                        ],
                        [
                            37.69902777777777,
                            56.39677777777778
                        ],
                        [
                            37.64297222222222,
                            56.40297222222222
                        ]
                    ]
                ]
            },
            "properties": {
                "description": "\u0414\u043c\u0438\u0442\u0440\u043e\u0432\u0441\u043a\u0438\u0439 \u0433\u043e\u0440\u043e\u0434\u0441\u043a\u043e\u0439 \u043e\u043a\u0440\u0443\u0433 -> \u0416\u0435\u0441\u0442\u044b\u043b\u0435\u0432\u0441\u043a\u043e\u0435 \u0432\u043e\u0434\u043e\u0445\u0440\u0430\u043d\u0438\u043b\u0438\u0449\u0435: 50 \u043c \u0432\u0433\u043b\u0443\u0431\u044c \u0430\u043a\u0432\u0430\u0442\u043e\u0440\u0438\u0438 \u0432\u0434\u043e\u043b\u044c \u0432\u0441\u0435\u0439 \u0431\u0435\u0440\u0435\u0433\u043e\u0432\u043e\u0439 \u043b\u0438\u043d\u0438\u0438:"
            }
        },
        {
            "type": "Feature",
            "geometry": {
                "type": "Polygon",
                "coordinates": [
                    [
                        [
                            37.812916666666666,
                            56.49319444444445
                        ],
                        [
                            37.81813888888889,
                            56.494194444444446
                        ],
                        [
                            37.82036111111111,
                            56.484861111111115
                        ],
                        [
                            37.81702777777778,
                            56.485083333333336
                        ],
                        [
                            37.812916666666666,
                            56.49319444444445
                        ]
                    ]
                ]
            },
            "properties": {
                "description": "\u0414\u043c\u0438\u0442\u0440\u043e\u0432\u0441\u043a\u0438\u0439 \u0433\u043e\u0440\u043e\u0434\u0441\u043a\u043e\u0439 \u043e\u043a\u0440\u0443\u0433 -> \u0432\u043e\u0434\u043e\u0445\u0440\u0430\u043d\u0438\u043b\u0438\u0449\u0435 (\u0440\u0443\u0441\u043b\u043e\u0432\u043e\u0439 \u043f\u0440\u0443\u0434), \u043e\u0431\u0440\u0430\u0437\u043e\u0432\u0430\u043d\u043d\u043e\u0435 \u043d\u0430 \u0440\u0435\u043a\u0435 \u0412\u0435\u043b\u044f \u0432 \u0440\u0430\u0439\u043e\u043d\u0435 \u0434\u0435\u0440\u0435\u0432\u043d\u0438 \u041d\u043e\u0432\u043e\u0435 \u0421\u0435\u043b\u044c\u0446\u043e:"
            }
        },
        {
            "type": "Feature",
            "geometry": {
                "type": "Polygon",
                "coordinates": [
                    [
                        [
                            37.81988888888889,
                            56.48377777777778
                        ],
                        [
                            37.819611111111115,
                            56.480805555555555
                        ],
                        [
                            37.81816666666667,
                            56.481750000000005
                        ],
                        [
                            37.81872222222223,
                            56.48352777777778
                        ],
                        [
                            37.81647222222222,
                            56.48244444444445
                        ],
                        [
                            37.817305555555556,
                            56.4825
                        ],
                        [
                            37.82233333333334,
                            56.479416666666665
                        ],
                        [
                            37.82219444444445,
                            56.479111111111116
                        ],
                        [
                            37.81988888888889,
                            56.48377777777778
                        ]
                    ]
                ]
            },
            "properties": {
                "description": "\u0414\u043c\u0438\u0442\u0440\u043e\u0432\u0441\u043a\u0438\u0439 \u0433\u043e\u0440\u043e\u0434\u0441\u043a\u043e\u0439 \u043e\u043a\u0440\u0443\u0433 -> \u0440\u0443\u0441\u043b\u043e\u0432\u044b\u0435 \u043f\u0440\u0443\u0434\u044b, \u043e\u0431\u0440\u0430\u0437\u043e\u0432\u0430\u043d\u043d\u044b\u0435 \u043d\u0430 \u0440\u0435\u043a\u0435 \u0412\u0435\u043b\u044f \u0432 \u0440\u0430\u0439\u043e\u043d\u0435 \u0434\u0435\u0440\u0435\u0432\u043d\u0438 \u0421\u0438\u0445\u043d\u0435\u0432\u043e:"
            }
        },
        {
            "type": "Feature",
            "geometry": {
                "type": "Polygon",
                "coordinates": [
                    [
                        [
                            37.54055555555556,
                            56.22591666666667
                        ],
                        [
                            37.534194444444445,
                            56.22977777777778
                        ],
                        [
                            37.53511111111111,
                            56.21897222222223
                        ],
                        [
                            37.54055555555556,
                            56.22591666666667
                        ]
                    ]
                ]
            },
            "properties": {
                "description": "\u0414\u043c\u0438\u0442\u0440\u043e\u0432\u0441\u043a\u0438\u0439 \u0433\u043e\u0440\u043e\u0434\u0441\u043a\u043e\u0439 \u043e\u043a\u0440\u0443\u0433 -> \u0411\u0430\u0442\u044e\u0448\u043a\u043e\u0432\u0441\u043a\u0438\u0435 \u043a\u0430\u0440\u044c\u0435\u0440\u044b, \u0440\u0430\u0441\u043f\u043e\u043b\u043e\u0436\u0435\u043d\u043d\u044b\u0435 \u0432 \u0440\u0430\u0439\u043e\u043d\u0435 \u0434\u0435\u0440\u0435\u0432\u043d\u0438 \u0411\u0430\u0442\u044e\u0448\u043a\u043e\u0432\u043e, \u043f\u043e\u0432\u0441\u0435\u043c\u0435\u0441\u0442\u043d\u043e:"
            }
        },
        {
            "type": "Feature",
            "geometry": {
                "type": "Polygon",
                "coordinates": [
                    [
                        [
                            37.546305555555556,
                            56.214000000000006
                        ],
                        [
                            37.54263888888889,
                            56.21175
                        ],
                        [
                            37.54094444444444,
                            56.21077777777778
                        ],
                        [
                            37.53980555555555,
                            56.211194444444445
                        ],
                        [
                            37.537749999999996,
                            56.21147222222223
                        ],
                        [
                            37.53713888888889,
                            56.21141666666667
                        ],
                        [
                            37.537055555555554,
                            56.211000000000006
                        ],
                        [
                            37.53616666666667,
                            56.21052777777778
                        ],
                        [
                            37.53472222222222,
                            56.210972222222225
                        ],
                        [
                            37.532916666666665,
                            56.21061111111111
                        ],
                        [
                            37.53230555555555,
                            56.211444444444446
                        ],
                        [
                            37.53477777777778,
                            56.21169444444445
                        ],
                        [
                            37.546305555555556,
                            56.214000000000006
                        ]
                    ]
                ]
            },
            "properties": {
                "description": "\u0414\u043c\u0438\u0442\u0440\u043e\u0432\u0441\u043a\u0438\u0439 \u0433\u043e\u0440\u043e\u0434\u0441\u043a\u043e\u0439 \u043e\u043a\u0440\u0443\u0433 -> \u0432\u043e\u0434\u043e\u0445\u0440\u0430\u043d\u0438\u043b\u0438\u0449\u0435 (\u0440\u0443\u0441\u043b\u043e\u0432\u043e\u0439 \u043f\u0440\u0443\u0434), \u043e\u0431\u0440\u0430\u0437\u043e\u0432\u0430\u043d\u043d\u043e\u0435 \u043d\u0430 \u0440\u0435\u043a\u0435 \u0421\u043a\u043e\u0440\u043e\u0433\u043e\u0434\u0430\u0439\u043a\u0430 (\u0421\u043a\u043e\u0440\u043e\u0434\u0430\u043d\u043a\u0430) \u0432 \u0440\u0430\u0439\u043e\u043d\u0435 \u0435\u0435 \u0443\u0441\u0442\u044c\u044f \u0432 \u0434\u0435\u0440\u0435\u0432\u043d\u0435 \u041f\u043e\u0434\u043e\u0441\u0438\u043d\u043a\u0438:"
            }
        },
        {
            "type": "Feature",
            "geometry": {
                "type": "Polygon",
                "coordinates": [
                    [
                        [
                            37.47516666666667,
                            56.15094444444444
                        ],
                        [
                            37.47219444444445,
                            56.156666666666666
                        ],
                        [
                            37.478,
                            56.154583333333335
                        ],
                        [
                            37.47516666666667,
                            56.15094444444444
                        ]
                    ]
                ]
            },
            "properties": {
                "description": "\u0414\u043c\u0438\u0442\u0440\u043e\u0432\u0441\u043a\u0438\u0439 \u0433\u043e\u0440\u043e\u0434\u0441\u043a\u043e\u0439 \u043e\u043a\u0440\u0443\u0433 -> \u0432\u043e\u0434\u043e\u0445\u0440\u0430\u043d\u0438\u043b\u0438\u0449\u0430 (\u0440\u0443\u0441\u043b\u043e\u0432\u044b\u0435 \u043f\u0440\u0443\u0434\u044b), \u043e\u0431\u0440\u0430\u0437\u043e\u0432\u0430\u043d\u043d\u044b\u0435 \u043d\u0430 \u0440\u0443\u0447\u044c\u0435 \u0431\u0435\u0437 \u043d\u0430\u0437\u0432\u0430\u043d\u0438\u044f \u0432 \u0440\u0430\u0439\u043e\u043d\u0435 \u0434\u0435\u0440\u0435\u0432\u043d\u0438 \u0411\u0430\u0437\u0430\u0440\u043e\u0432\u043e:"
            }
        },
        {
            "type": "Feature",
            "geometry": {
                "type": "Polygon",
                "coordinates": [
                    [
                        [
                            37.34419444444445,
                            56.35413888888889
                        ],
                        [
                            37.34602777777778,
                            56.354194444444445
                        ],
                        [
                            37.34547222222223,
                            56.34916666666667
                        ],
                        [
                            37.34397222222223,
                            56.34908333333333
                        ],
                        [
                            37.34419444444445,
                            56.35413888888889
                        ]
                    ]
                ]
            },
            "properties": {
                "description": "\u0414\u043c\u0438\u0442\u0440\u043e\u0432\u0441\u043a\u0438\u0439 \u0433\u043e\u0440\u043e\u0434\u0441\u043a\u043e\u0439 \u043e\u043a\u0440\u0443\u0433 -> \u041a\u0430\u0440\u043f\u043e\u0432\u0441\u043a\u043e\u0435 \u0432\u043e\u0434\u043e\u0445\u0440\u0430\u043d\u0438\u043b\u0438\u0449\u0435, \u043e\u0431\u0440\u0430\u0437\u043e\u0432\u0430\u043d\u043d\u043e\u0435 \u043d\u0430 \u0440\u0435\u043a\u0435 \u0414\u044f\u0442\u043b\u0438\u043d\u043a\u0430 \u0432 \u0440\u0430\u0439\u043e\u043d\u0435 \u0434\u0435\u0440\u0435\u0432\u043d\u0438 \u041a\u0430\u0440\u043f\u043e\u0432\u043e:"
            }
        },
        {
            "type": "Feature",
            "geometry": {
                "type": "Polygon",
                "coordinates": [
                    [
                        [
                            37.3165,
                            56.38227777777778
                        ],
                        [
                            37.31497222222222,
                            56.376555555555555
                        ],
                        [
                            37.31616666666666,
                            56.376222222222225
                        ],
                        [
                            37.31188888888889,
                            56.375277777777775
                        ],
                        [
                            37.3165,
                            56.38227777777778
                        ]
                    ]
                ]
            },
            "properties": {
                "description": "\u0414\u043c\u0438\u0442\u0440\u043e\u0432\u0441\u043a\u0438\u0439 \u0433\u043e\u0440\u043e\u0434\u0441\u043a\u043e\u0439 \u043e\u043a\u0440\u0443\u0433 -> \u0421\u0438\u043d\u044c\u043a\u043e\u0432\u0441\u043a\u043e\u0435 \u0432\u043e\u0434\u043e\u0445\u0440\u0430\u043d\u0438\u043b\u0438\u0449\u0435, \u043e\u0431\u0440\u0430\u0437\u043e\u0432\u0430\u043d\u043d\u043e\u0435 \u043d\u0430 \u0440\u0435\u043a\u0435 \u0412\u0430\u0440\u0432\u0430\u0440\u043a\u0430 \u0432 \u0440\u0430\u0439\u043e\u043d\u0435 \u0434\u0435\u0440\u0435\u0432\u043d\u0438 \u041d\u043e\u0432\u043e\u0441\u0438\u043d\u044c\u043a\u043e\u0432\u043e:"
            }
        },
        {
            "type": "Feature",
            "geometry": {
                "type": "Polygon",
                "coordinates": [
                    [
                        [
                            37.38825,
                            56.47277777777778
                        ],
                        [
                            37.38319444444444,
                            56.47727777777778
                        ],
                        [
                            37.399972222222225,
                            56.48269444444445
                        ],
                        [
                            37.404944444444446,
                            56.478500000000004
                        ],
                        [
                            37.38825,
                            56.47277777777778
                        ]
                    ]
                ]
            },
            "properties": {
                "description": "\u0414\u043c\u0438\u0442\u0440\u043e\u0432\u0441\u043a\u0438\u0439 \u0433\u043e\u0440\u043e\u0434\u0441\u043a\u043e\u0439 \u043e\u043a\u0440\u0443\u0433 -> \u041c\u0435\u043b\u044c\u0447\u0435\u0432\u0441\u043a\u0438\u0435 \u0442\u043e\u0440\u0444\u044f\u043d\u044b\u0435 \u043a\u0430\u0440\u044c\u0435\u0440\u044b: \u0441\u0435\u0432\u0435\u0440\u043d\u0435\u0435 \u043f\u043e\u0441\u0435\u043b\u043a\u0430 \u041c\u0435\u043b\u044c\u0447\u0435\u0432\u043a\u0430:"
            }
        },
        {
            "type": "Feature",
            "geometry": {
                "type": "Polygon",
                "coordinates": [
                    [
                        [
                            37.51105555555556,
                            56.15519444444444
                        ],
                        [
                            37.51211111111111,
                            56.15519444444444
                        ],
                        [
                            37.40719444444444,
                            56.519638888888885
                        ],
                        [
                            37.408166666666666,
                            56.51972222222222
                        ],
                        [
                            37.51105555555556,
                            56.15519444444444
                        ]
                    ]
                ]
            },
            "properties": {
                "description": "\u0414\u043c\u0438\u0442\u0440\u043e\u0432\u0441\u043a\u0438\u0439 \u0433\u043e\u0440\u043e\u0434\u0441\u043a\u043e\u0439 \u043e\u043a\u0440\u0443\u0433 -> \u043a\u0430\u043d\u0430\u043b \u0438\u043c\u0435\u043d\u0438 \u041c\u043e\u0441\u043a\u0432\u044b: \u0437\u0430\u043b\u0438\u0432\u044b \u0438 \u043f\u0440\u0438\u0442\u043e\u043a\u0438:"
            }
        },
        {
            "type": "Feature",
            "geometry": {
                "type": "Polygon",
                "coordinates": [
                    [
                        [
                            37.122194444444446,
                            56.737833333333334
                        ],
                        [
                            37.12569444444444,
                            56.733583333333335
                        ],
                        [
                            37.24236111111111,
                            56.78830555555555
                        ],
                        [
                            37.24477777777778,
                            56.78541666666666
                        ],
                        [
                            37.122194444444446,
                            56.737833333333334
                        ]
                    ]
                ]
            },
            "properties": {
                "description": "\u0433\u043e\u0440\u043e\u0434\u0441\u043a\u043e\u0439 \u043e\u043a\u0440\u0443\u0433 \u0414\u0443\u0431\u043d\u0430 -> \u0440\u0435\u043a\u0430 \u0412\u043e\u043b\u0433\u0430: \u0437\u0430\u043b\u0438\u0432\u044b \u0438 \u043f\u0440\u0438\u0442\u043e\u043a\u0438 \u0432 \u0433\u0440\u0430\u043d\u0438\u0446\u0430\u0445 \u0433\u043e\u0440\u043e\u0434\u0430 \u0434\u043e \u0443\u0441\u0442\u044c\u044f \u0440\u0435\u043a\u0438 \u0414\u0443\u0431\u043d\u0430:"
            }
        },
        {
            "type": "Feature",
            "geometry": {
                "type": "Polygon",
                "coordinates": [
                    [
                        [
                            35.81744444444445,
                            55.599805555555555
                        ],
                        [
                            35.86394444444445,
                            55.583555555555556
                        ],
                        [
                            35.81744444444445,
                            55.599805555555555
                        ]
                    ]
                ]
            },
            "properties": {
                "description": "\u041c\u043e\u0436\u0430\u0439\u0441\u043a\u0438\u0439 \u0433\u043e\u0440\u043e\u0434\u0441\u043a\u043e\u0439 \u043e\u043a\u0440\u0443\u0433 -> \u041c\u043e\u0436\u0430\u0439\u0441\u043a\u043e\u0435 \u0432\u043e\u0434\u043e\u0445\u0440\u0430\u043d\u0438\u043b\u0438\u0449\u0435: \u043e\u0442 \u0434\u0435\u0440\u0435\u0432\u043d\u0438 \u0425\u043e\u0442\u0438\u043b\u043e\u0432\u043e \u0434\u043e \u0434\u0435\u0440\u0435\u0432\u043d\u0438 \u041a\u0440\u0430\u0441\u043d\u043e\u0432\u0438\u0434\u043e\u0432\u043e:"
            }
        },
        {
            "type": "Feature",
            "geometry": {
                "type": "Polygon",
                "coordinates": [
                    [
                        [
                            35.85613888888889,
                            55.56136111111111
                        ],
                        [
                            35.86252777777778,
                            55.55969444444444
                        ],
                        [
                            35.86563888888889,
                            55.55086111111111
                        ],
                        [
                            35.86533333333333,
                            55.550805555555556
                        ],
                        [
                            35.85613888888889,
                            55.56136111111111
                        ]
                    ]
                ]
            },
            "properties": {
                "description": "\u041c\u043e\u0436\u0430\u0439\u0441\u043a\u0438\u0439 \u0433\u043e\u0440\u043e\u0434\u0441\u043a\u043e\u0439 \u043e\u043a\u0440\u0443\u0433 -> \u041c\u043e\u0436\u0430\u0439\u0441\u043a\u043e\u0435 \u0432\u043e\u0434\u043e\u0445\u0440\u0430\u043d\u0438\u043b\u0438\u0449\u0435: \u043e\u0442 \u0434\u0435\u0440\u0435\u0432\u043d\u0438 \u0413\u043e\u0440\u043a\u0438 \u0434\u043e \u0411\u0443\u0440\u043c\u0430\u043a\u0438\u043d\u0441\u043a\u043e\u0439 \u043f\u043b\u043e\u0442\u0438\u043d\u044b \u043f\u043e \u043b\u0435\u0432\u043e\u043c\u0443 \u0438 \u043f\u0440\u0430\u0432\u043e\u043c\u0443 \u0431\u0435\u0440\u0435\u0433\u0443:"
            }
        },
        {
            "type": "Feature",
            "geometry": {
                "type": "Polygon",
                "coordinates": [
                    [
                        [
                            35.79483333333333,
                            55.61402777777778
                        ],
                        [
                            35.76152777777778,
                            55.63311111111111
                        ],
                        [
                            35.79483333333333,
                            55.61402777777778
                        ]
                    ]
                ]
            },
            "properties": {
                "description": "\u041c\u043e\u0436\u0430\u0439\u0441\u043a\u0438\u0439 \u0433\u043e\u0440\u043e\u0434\u0441\u043a\u043e\u0439 \u043e\u043a\u0440\u0443\u0433 -> \u041c\u043e\u0436\u0430\u0439\u0441\u043a\u043e\u0435 \u0432\u043e\u0434\u043e\u0445\u0440\u0430\u043d\u0438\u043b\u0438\u0449\u0435: \u043f\u043e \u043b\u0435\u0432\u043e\u043c\u0443 \u0431\u0435\u0440\u0435\u0433\u0443: \u043e\u0442 \u0434\u0435\u0440\u0435\u0432\u043d\u0438 \u0413\u043b\u0430\u0437\u043e\u0432\u043e \u0434\u043e \u0434\u043e\u043c\u0430 \u043e\u0442\u0434\u044b\u0445\u0430 \"\u0411\u0435\u0441\u0442\u0443\u0436\u0435\u0432\u043e\":"
            }
        },
        {
            "type": "Feature",
            "geometry": {
                "type": "Polygon",
                "coordinates": [
                    [
                        [
                            35.914249999999996,
                            55.538805555555555
                        ],
                        [
                            35.90886111111111,
                            55.5415
                        ],
                        [
                            35.90047222222222,
                            55.54666666666667
                        ],
                        [
                            35.899499999999996,
                            55.55161111111111
                        ],
                        [
                            35.89494444444444,
                            55.55183333333333
                        ],
                        [
                            35.88591666666667,
                            55.54877777777778
                        ],
                        [
                            35.88472222222222,
                            55.549277777777775
                        ],
                        [
                            35.88655555555555,
                            55.552638888888886
                        ],
                        [
                            35.87861111111111,
                            55.553777777777775
                        ],
                        [
                            35.880472222222224,
                            55.55716666666667
                        ],
                        [
                            35.86933333333334,
                            55.56180555555555
                        ],
                        [
                            35.86047222222222,
                            55.553638888888884
                        ],
                        [
                            35.86644444444445,
                            55.55058333333333
                        ],
                        [
                            35.86388888888889,
                            55.540166666666664
                        ],
                        [
                            35.85527777777778,
                            55.54036111111111
                        ],
                        [
                            35.85947222222222,
                            55.54286111111111
                        ],
                        [
                            35.86002777777778,
                            55.55033333333333
                        ],
                        [
                            35.852722222222226,
                            55.55441666666666
                        ],
                        [
                            35.85538888888889,
                            55.558166666666665
                        ],
                        [
                            35.85583333333334,
                            55.562416666666664
                        ],
                        [
                            35.86083333333333,
                            55.564166666666665
                        ],
                        [
                            35.87861111111111,
                            55.5625
                        ],
                        [
                            35.90113888888889,
                            55.553416666666664
                        ],
                        [
                            35.91605555555555,
                            55.5405
                        ],
                        [
                            35.914249999999996,
                            55.538805555555555
                        ]
                    ]
                ]
            },
            "properties": {
                "description": "\u041c\u043e\u0436\u0430\u0439\u0441\u043a\u0438\u0439 \u0433\u043e\u0440\u043e\u0434\u0441\u043a\u043e\u0439 \u043e\u043a\u0440\u0443\u0433 -> \u041c\u043e\u0436\u0430\u0439\u0441\u043a\u043e\u0435 \u0432\u043e\u0434\u043e\u0445\u0440\u0430\u043d\u0438\u043b\u0438\u0449\u0435: \u043e\u0442 \u041a\u043e\u043b\u043e\u0447\u0441\u043a\u043e\u0439 \u043f\u043b\u043e\u0442\u0438\u043d\u044b \u0434\u043e \u0434\u0435\u0440\u0435\u0432\u043d\u0438 \u041a\u0440\u0438\u0443\u0448\u0438\u043d\u043e:"
            }
        },
        {
            "type": "Feature",
            "geometry": {
                "type": "Polygon",
                "coordinates": [
                    [
                        [
                            35.8175,
                            55.585750000000004
                        ],
                        [
                            35.85797222222222,
                            55.564277777777775
                        ],
                        [
                            35.8175,
                            55.585750000000004
                        ]
                    ]
                ]
            },
            "properties": {
                "description": "\u041c\u043e\u0436\u0430\u0439\u0441\u043a\u0438\u0439 \u0433\u043e\u0440\u043e\u0434\u0441\u043a\u043e\u0439 \u043e\u043a\u0440\u0443\u0433 -> \u041c\u043e\u0436\u0430\u0439\u0441\u043a\u043e\u0435 \u0432\u043e\u0434\u043e\u0445\u0440\u0430\u043d\u0438\u043b\u0438\u0449\u0435: \u043f\u043e \u043f\u0440\u0430\u0432\u043e\u043c\u0443 \u0431\u0435\u0440\u0435\u0433\u0443, \u043e\u0442 \u0434\u0435\u0440\u0435\u0432\u043d\u0438 \u041b\u0435\u0432\u0430\u0448\u043e\u0432\u043e \u0434\u043e \u0434\u0435\u0440\u0435\u0432\u043d\u0438 \u0421\u0442\u0430\u0440\u043e\u0435 \u0441\u0435\u043b\u043e:"
            }
        },
        {
            "type": "Feature",
            "geometry": {
                "type": "Polygon",
                "coordinates": [
                    [
                        [
                            35.95088888888889,
                            55.5335
                        ],
                        [
                            36.025527777777775,
                            55.54869444444444
                        ],
                        [
                            36.02580555555556,
                            55.54847222222222
                        ],
                        [
                            35.95088888888889,
                            55.5335
                        ]
                    ]
                ]
            },
            "properties": {
                "description": "\u041c\u043e\u0436\u0430\u0439\u0441\u043a\u0438\u0439 \u0433\u043e\u0440\u043e\u0434\u0441\u043a\u043e\u0439 \u043e\u043a\u0440\u0443\u0433 -> \u0440\u0435\u043a\u0430 \u041c\u043e\u0441\u043a\u0432\u0430:"
            }
        },
        {
            "type": "Feature",
            "geometry": {
                "type": "Polygon",
                "coordinates": [
                    [
                        [
                            35.845444444444446,
                            55.541666666666664
                        ],
                        [
                            35.86377777777778,
                            55.55222222222222
                        ],
                        [
                            35.845444444444446,
                            55.54161111111111
                        ],
                        [
                            35.863416666666666,
                            55.55130555555555
                        ],
                        [
                            35.845444444444446,
                            55.541666666666664
                        ]
                    ]
                ]
            },
            "properties": {
                "description": "\u041c\u043e\u0436\u0430\u0439\u0441\u043a\u0438\u0439 \u0433\u043e\u0440\u043e\u0434\u0441\u043a\u043e\u0439 \u043e\u043a\u0440\u0443\u0433 -> \u0440\u0435\u043a\u0430 \u041a\u043e\u043b\u043e\u0447\u044c:"
            }
        },
        {
            "type": "Feature",
            "geometry": {
                "type": "Polygon",
                "coordinates": [
                    [
                        [
                            35.86438888888889,
                            55.43372222222222
                        ],
                        [
                            35.86441666666667,
                            55.43366666666666
                        ],
                        [
                            35.877361111111114,
                            55.43622222222222
                        ],
                        [
                            35.86438888888889,
                            55.43372222222222
                        ]
                    ]
                ]
            },
            "properties": {
                "description": "\u041c\u043e\u0436\u0430\u0439\u0441\u043a\u0438\u0439 \u0433\u043e\u0440\u043e\u0434\u0441\u043a\u043e\u0439 \u043e\u043a\u0440\u0443\u0433 -> \u0440\u0435\u043a\u0430 \u041c\u0436\u0443\u0442\u044c:"
            }
        },
        {
            "type": "Feature",
            "geometry": {
                "type": "Polygon",
                "coordinates": [
                    [
                        [
                            36.081694444444445,
                            55.57163888888889
                        ],
                        [
                            36.08155555555556,
                            55.57138888888889
                        ],
                        [
                            36.075833333333335,
                            55.57291666666667
                        ],
                        [
                            36.075944444444445,
                            55.572750000000006
                        ],
                        [
                            36.081694444444445,
                            55.57163888888889
                        ]
                    ]
                ]
            },
            "properties": {
                "description": "\u041c\u043e\u0436\u0430\u0439\u0441\u043a\u0438\u0439 \u0433\u043e\u0440\u043e\u0434\u0441\u043a\u043e\u0439 \u043e\u043a\u0440\u0443\u0433 -> \u0440\u0435\u043a\u0430 \u0418\u0441\u043a\u043e\u043d\u0430:"
            }
        },
        {
            "type": "Feature",
            "geometry": {
                "type": "Polygon",
                "coordinates": [
                    [
                        [
                            35.318000000000005,
                            55.935138888888886
                        ],
                        [
                            35.31805555555556,
                            55.935027777777776
                        ],
                        [
                            35.37386111111111,
                            55.93930555555555
                        ],
                        [
                            35.369166666666665,
                            55.93158333333333
                        ],
                        [
                            35.318000000000005,
                            55.935138888888886
                        ]
                    ]
                ]
            },
            "properties": {
                "description": "\u0433\u043e\u0440\u043e\u0434\u0441\u043a\u043e\u0439 \u043e\u043a\u0440\u0443\u0433 \u0428\u0430\u0445\u043e\u0432\u0441\u043a\u0430\u044f -> \u0412\u0435\u0440\u0445\u043d\u0435\u0435 \u0420\u0443\u0437\u0441\u043a\u043e\u0435 \u0432\u043e\u0434\u043e\u0445\u0440\u0430\u043d\u0438\u043b\u0438\u0449\u0435: \u043e\u0442 \u0440\u0435\u043a\u0438 \u0421\u0442\u0430\u043d\u043e\u0432\u043a\u0430 \u0434\u043e \u0427\u0435\u0440\u043d\u043e\u0433\u043e \u0440\u0443\u0447\u044c\u044f, \u043f\u043e\u0432\u0441\u0435\u043c\u0435\u0441\u0442\u043d\u043e:"
            }
        },
        {
            "type": "Feature",
            "geometry": {
                "type": "Polygon",
                "coordinates": [
                    [
                        [
                            35.51069444444445,
                            55.93308333333333
                        ],
                        [
                            35.510777777777776,
                            55.932944444444445
                        ],
                        [
                            35.47511111111111,
                            55.94486111111111
                        ],
                        [
                            35.474944444444446,
                            55.94472222222222
                        ],
                        [
                            35.51069444444445,
                            55.93308333333333
                        ]
                    ]
                ]
            },
            "properties": {
                "description": "\u0433\u043e\u0440\u043e\u0434\u0441\u043a\u043e\u0439 \u043e\u043a\u0440\u0443\u0433 \u0428\u0430\u0445\u043e\u0432\u0441\u043a\u0430\u044f -> \u0440\u0435\u043a\u0430 \u0420\u0443\u0437\u0430: \u043e\u0442 \u0434\u0435\u0440\u0435\u0432\u043d\u0438 \u041a\u0440\u0430\u0441\u043d\u043e\u0435 \u0441\u0435\u043b\u043e \u0434\u043e \u0434\u0435\u0440\u0435\u0432\u043d\u0438 \u0427\u0435\u0440\u043b\u0435\u043d\u043a\u043e\u0432\u043e 33 \u0433\u0438\u0434\u0440\u043e\u044d\u043b\u0435\u043a\u0442\u0440\u043e\u0441\u0442\u0430\u043d\u0446\u0438\u0438:"
            }
        },
        {
            "type": "Feature",
            "geometry": {
                "type": "Polygon",
                "coordinates": [
                    [
                        [
                            36.17669444444444,
                            56.00841666666667
                        ],
                        [
                            35.92811111111111,
                            56.26938888888889
                        ],
                        [
                            35.92816666666666,
                            56.26916666666666
                        ],
                        [
                            36.17669444444444,
                            56.00841666666667
                        ]
                    ]
                ]
            },
            "properties": {
                "description": "\u0433\u043e\u0440\u043e\u0434\u0441\u043a\u043e\u0439 \u043e\u043a\u0440\u0443\u0433 \u041b\u043e\u0442\u043e\u0448\u0438\u043d\u043e -> \u0440\u0435\u043a\u0430 \u0411\u043e\u043b\u044c\u0448\u0430\u044f \u0421\u0435\u0441\u0442\u0440\u0430:"
            }
        },
        {
            "type": "Feature",
            "geometry": {
                "type": "Polygon",
                "coordinates": [
                    [
                        [
                            37.22580555555556,
                            56.713166666666666
                        ],
                        [
                            37.230472222222225,
                            56.71436111111112
                        ],
                        [
                            37.22580555555556,
                            56.713166666666666
                        ]
                    ]
                ]
            },
            "properties": {
                "description": "\u0433\u043e\u0440\u043e\u0434\u0441\u043a\u043e\u0439 \u043e\u043a\u0440\u0443\u0433 \u041b\u043e\u0442\u043e\u0448\u0438\u043d\u043e -> \u0440\u0435\u043a\u0430 \u0421\u0435\u0441\u0442\u0440\u0430: \u0443\u0441\u0442\u044c\u0435 \u0440\u0435\u043a\u0438 (50 \u043c \u0432\u044b\u0448\u0435 \u0438 \u043d\u0438\u0436\u0435 \u043f\u043e \u0442\u0435\u0447\u0435\u043d\u0438\u044e \u043e\u0442 \u043c\u0435\u0441\u0442\u0430 \u0432\u043f\u0430\u0434\u0435\u043d\u0438\u044f):"
            }
        },
        {
            "type": "Feature",
            "geometry": {
                "type": "Polygon",
                "coordinates": [
                    [
                        [
                            37.161055555555556,
                            56.74219444444444
                        ],
                        [
                            37.16138888888889,
                            56.74172222222222
                        ],
                        [
                            37.161055555555556,
                            56.74219444444444
                        ]
                    ]
                ]
            },
            "properties": {
                "description": "\u0433\u043e\u0440\u043e\u0434\u0441\u043a\u043e\u0439 \u043e\u043a\u0440\u0443\u0433 \u041b\u043e\u0442\u043e\u0448\u0438\u043d\u043e -> \u0440\u0435\u043a\u0430 \u0427\u0435\u0440\u043d\u0430\u044f: \u0443\u0441\u0442\u044c\u0435 \u0440\u0435\u043a\u0438 (50 \u043c \u0432\u044b\u0448\u0435 \u0438 \u043d\u0438\u0436\u0435 \u043f\u043e \u0442\u0435\u0447\u0435\u043d\u0438\u044e \u043e\u0442 \u043c\u0435\u0441\u0442\u0430 \u0432\u043f\u0430\u0434\u0435\u043d\u0438\u044f):"
            }
        },
        {
            "type": "Feature",
            "geometry": {
                "type": "Polygon",
                "coordinates": [
                    [
                        [
                            36.60952777777778,
                            55.445361111111104
                        ],
                        [
                            36.60930555555556,
                            55.44533333333333
                        ],
                        [
                            36.62880555555556,
                            55.44333333333333
                        ],
                        [
                            36.628861111111114,
                            55.443
                        ],
                        [
                            36.60952777777778,
                            55.445361111111104
                        ]
                    ]
                ]
            },
            "properties": {
                "description": "\u041d\u0430\u0440\u043e-\u0424\u043e\u043c\u0438\u043d\u0441\u043a\u0438\u0439 \u0433\u043e\u0440\u043e\u0434\u0441\u043a\u043e\u0439 \u043e\u043a\u0440\u0443\u0433 -> \u0440\u0435\u043a\u0430 \u041d\u0430\u0440\u0430: \u043e\u0442 \u0434\u0435\u0440\u0435\u0432\u043d\u0438 \u041b\u044e\u0431\u0430\u043d\u043e\u0432\u043e \u0434\u043e \u043f\u043b\u043e\u0442\u0438\u043d\u044b \u0441\u0430\u043d\u0430\u0442\u043e\u0440\u0438\u044f \"\u041b\u0438\u0442\u0432\u0438\u043d\u043e\u0432\u043e\":"
            }
        },
        {
            "type": "Feature",
            "geometry": {
                "type": "Polygon",
                "coordinates": [
                    [
                        [
                            36.65691666666667,
                            55.42530555555555
                        ],
                        [
                            36.65683333333333,
                            55.42519444444444
                        ],
                        [
                            36.73683333333334,
                            55.38977777777778
                        ],
                        [
                            36.736583333333336,
                            55.3895
                        ],
                        [
                            36.65691666666667,
                            55.42530555555555
                        ]
                    ]
                ]
            },
            "properties": {
                "description": "\u041d\u0430\u0440\u043e-\u0424\u043e\u043c\u0438\u043d\u0441\u043a\u0438\u0439 \u0433\u043e\u0440\u043e\u0434\u0441\u043a\u043e\u0439 \u043e\u043a\u0440\u0443\u0433 -> \u0440\u0435\u043a\u0430 \u041d\u0430\u0440\u0430: \u043e\u0442 \u0434\u0435\u0440\u0435\u0432\u043d\u0438 \u0422\u0430\u0448\u0438\u0440\u043e\u0432\u043e \u0434\u043e \u043f\u043b\u043e\u0442\u0438\u043d\u044b \u0433\u043e\u0440\u043e\u0434\u0430 \u041d\u0430\u0440\u043e-\u0424\u043e\u043c\u0438\u043d\u0441\u043a\u0430:"
            }
        },
        {
            "type": "Feature",
            "geometry": {
                "type": "Polygon",
                "coordinates": [
                    [
                        [
                            36.74663888888889,
                            55.35663888888889
                        ],
                        [
                            36.74647222222222,
                            55.35644444444445
                        ],
                        [
                            36.750194444444446,
                            55.32613888888889
                        ],
                        [
                            36.74986111111111,
                            55.32597222222223
                        ],
                        [
                            36.74663888888889,
                            55.35663888888889
                        ]
                    ]
                ]
            },
            "properties": {
                "description": "\u041d\u0430\u0440\u043e-\u0424\u043e\u043c\u0438\u043d\u0441\u043a\u0438\u0439 \u0433\u043e\u0440\u043e\u0434\u0441\u043a\u043e\u0439 \u043e\u043a\u0440\u0443\u0433 -> \u0440\u0435\u043a\u0430 \u041d\u0430\u0440\u0430: \u043e\u0442 \u043c\u043e\u0441\u0442\u0430 \u043f\u043e \u041a\u0438\u0435\u0432\u0441\u043a\u043e\u043c\u0443 \u0448\u043e\u0441\u0441\u0435 \u0434\u043e \u043f\u043e\u0441\u0435\u043b\u043a\u0430 \u0410\u0442\u0435\u043f\u0446\u0435\u0432\u043e:"
            }
        },
        {
            "type": "Feature",
            "geometry": {
                "type": "Polygon",
                "coordinates": [
                    [
                        [
                            36.74663888888889,
                            55.35663888888889
                        ],
                        [
                            36.74647222222222,
                            55.35644444444445
                        ],
                        [
                            36.750194444444446,
                            55.32613888888889
                        ],
                        [
                            36.74986111111111,
                            55.32597222222223
                        ],
                        [
                            36.74663888888889,
                            55.35663888888889
                        ]
                    ]
                ]
            },
            "properties": {
                "description": "\u041d\u0430\u0440\u043e-\u0424\u043e\u043c\u0438\u043d\u0441\u043a\u0438\u0439 \u0433\u043e\u0440\u043e\u0434\u0441\u043a\u043e\u0439 \u043e\u043a\u0440\u0443\u0433 -> \u0440\u0435\u043a\u0430 \u041d\u0430\u0440\u0430 \u043e\u0442 \u043c\u043e\u0441\u0442\u0430 \u043f\u043e \u041a\u0438\u0435\u0432\u0441\u043a\u043e\u043c\u0443 \u0448\u043e\u0441\u0441\u0435 \u0434\u043e \u043f\u043e\u0441\u0435\u043b\u043a\u0430 \u0410\u0442\u0435\u043f\u0446\u0435\u0432\u043e:"
            }
        },
        {
            "type": "Feature",
            "geometry": {
                "type": "Polygon",
                "coordinates": [
                    [
                        [
                            36.77205555555555,
                            55.305138888888884
                        ],
                        [
                            36.77169444444444,
                            55.30508333333333
                        ],
                        [
                            36.82358333333334,
                            55.264694444444444
                        ],
                        [
                            36.82372222222222,
                            55.26452777777778
                        ],
                        [
                            36.77205555555555,
                            55.305138888888884
                        ]
                    ]
                ]
            },
            "properties": {
                "description": "\u041d\u0430\u0440\u043e-\u0424\u043e\u043c\u0438\u043d\u0441\u043a\u0438\u0439 \u0433\u043e\u0440\u043e\u0434\u0441\u043a\u043e\u0439 \u043e\u043a\u0440\u0443\u0433 -> \u0440\u0435\u043a\u0430 \u041d\u0430\u0440\u0430: \u043e\u0442 \u0434\u0435\u0440\u0435\u0432\u043d\u0438 \u0421\u043b\u0438\u0437\u043d\u0435\u0432\u043e \u0434\u043e \u0441\u0435\u043b\u0430 \u041a\u0430\u043c\u0435\u043d\u0441\u043a\u043e\u0435:"
            }
        },
        {
            "type": "Feature",
            "geometry": {
                "type": "Polygon",
                "coordinates": [
                    [
                        [
                            36.575027777777784,
                            55.45166666666667
                        ],
                        [
                            36.609027777777776,
                            55.44555555555555
                        ],
                        [
                            36.575027777777784,
                            55.45166666666667
                        ]
                    ]
                ]
            },
            "properties": {
                "description": "\u041d\u0430\u0440\u043e-\u0424\u043e\u043c\u0438\u043d\u0441\u043a\u0438\u0439 \u0433\u043e\u0440\u043e\u0434\u0441\u043a\u043e\u0439 \u043e\u043a\u0440\u0443\u0433 -> \u0440\u0435\u043a\u0430 \u0422\u0430\u0440\u0443\u0441\u0430: \u043e\u0442 \u0434\u0435\u0440\u0435\u0432\u043d\u0438 \u041f\u0430\u0448\u043a\u043e\u0432\u043e \u0434\u043e \u0434\u0435\u0440\u0435\u0432\u043d\u0438 \u041b\u044e\u0431\u0430\u043d\u043e\u0432\u043e:"
            }
        },
        {
            "type": "Feature",
            "geometry": {
                "type": "Polygon",
                "coordinates": [
                    [
                        [
                            36.50486111111111,
                            55.48266666666667
                        ],
                        [
                            36.50519444444444,
                            55.4825
                        ],
                        [
                            36.536027777777775,
                            55.465500000000006
                        ],
                        [
                            36.53597222222222,
                            55.465472222222225
                        ],
                        [
                            36.50486111111111,
                            55.48266666666667
                        ]
                    ]
                ]
            },
            "properties": {
                "description": "\u041d\u0430\u0440\u043e-\u0424\u043e\u043c\u0438\u043d\u0441\u043a\u0438\u0439 \u0433\u043e\u0440\u043e\u0434\u0441\u043a\u043e\u0439 \u043e\u043a\u0440\u0443\u0433 -> \u0440\u0435\u043a\u0430 \u0422\u0430\u0440\u0443\u0441\u0430: \u043e\u0442 \u0434\u0435\u0440\u0435\u0432\u043d\u0438 \u0413\u043e\u043b\u043e\u0432\u043a\u043e\u0432\u043e \u0434\u043e \u0434\u0435\u0440\u0435\u0432\u043d\u0438 \u041a\u0440\u044e\u043a\u043e\u0432\u043e:"
            }
        },
        {
            "type": "Feature",
            "geometry": {
                "type": "Polygon",
                "coordinates": [
                    [
                        [
                            36.269666666666666,
                            55.21252777777778
                        ],
                        [
                            36.269194444444445,
                            55.212500000000006
                        ],
                        [
                            36.30169444444444,
                            55.21047222222222
                        ],
                        [
                            36.30166666666666,
                            55.21027777777778
                        ],
                        [
                            36.269666666666666,
                            55.21252777777778
                        ]
                    ]
                ]
            },
            "properties": {
                "description": "\u041d\u0430\u0440\u043e-\u0424\u043e\u043c\u0438\u043d\u0441\u043a\u0438\u0439 \u0433\u043e\u0440\u043e\u0434\u0441\u043a\u043e\u0439 \u043e\u043a\u0440\u0443\u0433 -> \u0440\u0435\u043a\u0430 \u041f\u0440\u043e\u0442\u0432\u0430:"
            }
        },
        {
            "type": "Feature",
            "geometry": {
                "type": "Polygon",
                "coordinates": [
                    [
                        [
                            36.095888888888894,
                            55.217111111111116
                        ],
                        [
                            36.09572222222222,
                            55.21702777777778
                        ],
                        [
                            36.18808333333333,
                            55.21072222222222
                        ],
                        [
                            36.095888888888894,
                            55.217111111111116
                        ]
                    ]
                ]
            },
            "properties": {
                "description": "\u041d\u0430\u0440\u043e-\u0424\u043e\u043c\u0438\u043d\u0441\u043a\u0438\u0439 \u0433\u043e\u0440\u043e\u0434\u0441\u043a\u043e\u0439 \u043e\u043a\u0440\u0443\u0433 -> \u0440\u0435\u043a\u0430 \u0420\u0443\u0442\u044c: \u043e\u0442 \u0434\u0435\u0440\u0435\u0432\u043d\u0438 \u041f\u043e\u0434\u043e\u043b\u044c\u043d\u043e\u0435 \u0434\u043e \u0432\u043f\u0430\u0434\u0435\u043d\u0438\u044f \u0432 \u0440\u0435\u043a\u0443 \u041f\u0440\u043e\u0442\u0432\u0430:"
            }
        },
        {
            "type": "Feature",
            "geometry": {
                "type": "Polygon",
                "coordinates": [
                    [
                        [
                            37.02133333333333,
                            55.52511111111111
                        ],
                        [
                            37.06816666666667,
                            55.52708333333333
                        ],
                        [
                            37.02133333333333,
                            55.52511111111111
                        ]
                    ]
                ]
            },
            "properties": {
                "description": "\u041d\u0430\u0440\u043e-\u0424\u043e\u043c\u0438\u043d\u0441\u043a\u0438\u0439 \u0433\u043e\u0440\u043e\u0434\u0441\u043a\u043e\u0439 \u043e\u043a\u0440\u0443\u0433 -> \u0440\u0435\u043a\u0430 \u0414\u0435\u0441\u043d\u0430: \u043e\u0442 \u043f\u043e\u0441\u0435\u043b\u043a\u0430 \u0410\u043b\u0430\u0431\u0438\u043d\u043e \u0434\u043e \u043f\u043e\u0441\u0435\u043b\u043a\u0430 \u041c\u0430\u0440\u0442\u0435\u043c\u044c\u044f\u043d\u043e\u0432\u043e:"
            }
        },
        {
            "type": "Feature",
            "geometry": {
                "type": "Polygon",
                "coordinates": [
                    [
                        [
                            36.90566666666667,
                            55.471916666666665
                        ],
                        [
                            36.93936111111111,
                            55.46191666666667
                        ],
                        [
                            36.90566666666667,
                            55.471916666666665
                        ]
                    ]
                ]
            },
            "properties": {
                "description": "\u041d\u0430\u0440\u043e-\u0424\u043e\u043c\u0438\u043d\u0441\u043a\u0438\u0439 \u0433\u043e\u0440\u043e\u0434\u0441\u043a\u043e\u0439 \u043e\u043a\u0440\u0443\u0433 -> \u0440\u0435\u043a\u0430 \u041f\u0430\u0445\u0440\u0430: \u043e\u0442 \u0434\u0435\u0440\u0435\u0432\u043d\u0438 \u041f\u0430\u0445\u043e\u0440\u043a\u0430 \u0434\u043e \u0434\u0435\u0440\u0435\u0432\u043d\u0438 \u041a\u0443\u0437\u043d\u0435\u0446\u043e\u0432\u043e:"
            }
        },
        {
            "type": "Feature",
            "geometry": {
                "type": "Polygon",
                "coordinates": [
                    [
                        [
                            36.98111111111111,
                            55.444222222222216
                        ],
                        [
                            37.04102777777778,
                            55.43380555555555
                        ],
                        [
                            36.98111111111111,
                            55.444222222222216
                        ]
                    ]
                ]
            },
            "properties": {
                "description": "\u041d\u0430\u0440\u043e-\u0424\u043e\u043c\u0438\u043d\u0441\u043a\u0438\u0439 \u0433\u043e\u0440\u043e\u0434\u0441\u043a\u043e\u0439 \u043e\u043a\u0440\u0443\u0433 -> \u0440\u0435\u043a\u0430 \u041f\u0430\u0445\u0440\u0430: \u043e\u0442 \u0434\u0435\u0440\u0435\u0432\u043d\u0438 \u0414\u043e\u043b\u0433\u0438\u043d\u043e \u0434\u043e \u0434\u0435\u0440\u0435\u0432\u043d\u0438 \u0418\u0433\u043d\u0430\u0442\u043e\u0432\u043e:"
            }
        },
        {
            "type": "Feature",
            "geometry": {
                "type": "Polygon",
                "coordinates": [
                    [
                        [
                            37.04102777777778,
                            55.43380555555555
                        ],
                        [
                            37.15141666666666,
                            55.42619444444444
                        ],
                        [
                            37.04102777777778,
                            55.43380555555555
                        ]
                    ]
                ]
            },
            "properties": {
                "description": "\u041d\u0430\u0440\u043e-\u0424\u043e\u043c\u0438\u043d\u0441\u043a\u0438\u0439 \u0433\u043e\u0440\u043e\u0434\u0441\u043a\u043e\u0439 \u043e\u043a\u0440\u0443\u0433 -> \u0440\u0435\u043a\u0430 \u041f\u0430\u0445\u0440\u0430: \u043e\u0442 \u0434\u0435\u0440\u0435\u0432\u043d\u0438 \u0418\u0433\u043d\u0430\u0442\u043e\u0432\u043e \u0434\u043e \u0434\u0435\u0440\u0435\u0432\u043d\u0438 \u0421\u0435\u043a\u0435\u0440\u0438\u043d\u043e:"
            }
        },
        {
            "type": "Feature",
            "geometry": {
                "type": "Polygon",
                "coordinates": [
                    [
                        [
                            36.30158333333333,
                            55.38752777777778
                        ],
                        [
                            36.334500000000006,
                            55.339083333333335
                        ],
                        [
                            36.30158333333333,
                            55.38752777777778
                        ]
                    ]
                ]
            },
            "properties": {
                "description": "\u041d\u0430\u0440\u043e-\u0424\u043e\u043c\u0438\u043d\u0441\u043a\u0438\u0439 \u0433\u043e\u0440\u043e\u0434\u0441\u043a\u043e\u0439 \u043e\u043a\u0440\u0443\u0433 -> \u0440\u0435\u043a\u0430 \u0418\u0441\u044c\u043c\u0430: \u043e\u0442 \u0434\u0435\u0440\u0435\u0432\u043d\u0438 \u0421\u0438\u043c\u0431\u0443\u0445\u043e\u0432\u043e \u0434\u043e \u0434\u0435\u0440\u0435\u0432\u043d\u0438 \u0412\u0430\u0441\u0438\u043b\u0438\u0441\u0438\u043d\u043e:"
            }
        },
        {
            "type": "Feature",
            "geometry": {
                "type": "Polygon",
                "coordinates": [
                    [
                        [
                            36.35358333333333,
                            55.293388888888884
                        ],
                        [
                            36.35375,
                            55.293305555555555
                        ],
                        [
                            36.34166666666667,
                            55.25761111111111
                        ],
                        [
                            36.35358333333333,
                            55.293388888888884
                        ]
                    ]
                ]
            },
            "properties": {
                "description": "\u041d\u0430\u0440\u043e-\u0424\u043e\u043c\u0438\u043d\u0441\u043a\u0438\u0439 \u0433\u043e\u0440\u043e\u0434\u0441\u043a\u043e\u0439 \u043e\u043a\u0440\u0443\u0433 -> \u0440\u0435\u043a\u0430 \u0418\u0441\u044c\u043c\u0430 \u043e\u0442 \u0434\u0435\u0440\u0435\u0432\u043d\u0438 \u041a\u0440\u0435\u0441\u0442\u044c\u044f\u043d\u043a\u0430 \u0434\u043e \u0434\u0435\u0440\u0435\u0432\u043d\u0438 \u0421\u043f\u0430\u0441-\u041a\u043e\u0441\u0438\u0446\u044b:"
            }
        },
        {
            "type": "Feature",
            "geometry": {
                "type": "Polygon",
                "coordinates": [
                    [
                        [
                            36.64825,
                            55.305138888888884
                        ],
                        [
                            36.68436111111111,
                            55.30122222222222
                        ],
                        [
                            36.64825,
                            55.305138888888884
                        ]
                    ]
                ]
            },
            "properties": {
                "description": "\u041d\u0430\u0440\u043e-\u0424\u043e\u043c\u0438\u043d\u0441\u043a\u0438\u0439 \u0433\u043e\u0440\u043e\u0434\u0441\u043a\u043e\u0439 \u043e\u043a\u0440\u0443\u0433 -> \u0440\u0435\u043a\u0430 \u0418\u0441\u0442\u044c\u044f: \u0443\u043b. \u0422\u0430\u0442\u0430\u0440\u043a\u0430 \u043f\u043e\u0441\u0435\u043b\u043a\u0430 \u041d\u043e\u0432\u0430\u044f \u041e\u043b\u044c\u0445\u043e\u0432\u043a\u0430 \u0434\u043e \u0434\u0435\u0440\u0435\u0432\u043d\u0438 \u0420\u043e\u0436\u0434\u0435\u0441\u0442\u0432\u043e:"
            }
        },
        {
            "type": "Feature",
            "geometry": {
                "type": "Polygon",
                "coordinates": [
                    [
                        [
                            36.721250000000005,
                            55.27447222222222
                        ],
                        [
                            36.72263888888889,
                            55.265861111111114
                        ],
                        [
                            36.721250000000005,
                            55.27447222222222
                        ]
                    ]
                ]
            },
            "properties": {
                "description": "\u041d\u0430\u0440\u043e-\u0424\u043e\u043c\u0438\u043d\u0441\u043a\u0438\u0439 \u0433\u043e\u0440\u043e\u0434\u0441\u043a\u043e\u0439 \u043e\u043a\u0440\u0443\u0433 -> \u0440\u0435\u043a\u0430 \u0418\u0441\u0442\u044c\u044f: \u0432 \u0440\u0430\u0439\u043e\u043d\u0435 \u0434\u0435\u0440\u0435\u0432\u043d\u0438 \u0414\u0435\u0434\u0435\u043d\u0435\u0432\u043e:"
            }
        },
        {
            "type": "Feature",
            "geometry": {
                "type": "Polygon",
                "coordinates": [
                    [
                        [
                            36.32461111111112,
                            55.37888888888889
                        ],
                        [
                            36.32405555555556,
                            55.379472222222226
                        ],
                        [
                            36.33313888888889,
                            55.383805555555554
                        ],
                        [
                            36.33463888888889,
                            55.382777777777775
                        ],
                        [
                            36.32461111111112,
                            55.37888888888889
                        ]
                    ]
                ]
            },
            "properties": {
                "description": "\u041d\u0430\u0440\u043e-\u0424\u043e\u043c\u0438\u043d\u0441\u043a\u0438\u0439 \u0433\u043e\u0440\u043e\u0434\u0441\u043a\u043e\u0439 \u043e\u043a\u0440\u0443\u0433 -> \u0432\u043e\u0434\u043e\u0445\u0440\u0430\u043d\u0438\u043b\u0438\u0449\u0435 (\u0440\u0443\u0441\u043b\u043e\u0432\u043e\u0439 \u043f\u0440\u0443\u0434), \u043e\u0431\u0440\u0430\u0437\u043e\u0432\u0430\u043d\u043d\u043e\u0435 \u043d\u0430 \u0440\u0435\u043a\u0435 \u0418\u0441\u044c\u043c\u0430 \u0432 \u0440\u0430\u0439\u043e\u043d\u0435 \u0434\u0435\u0440\u0435\u0432\u043d\u0438 \u0421\u0438\u043c\u0431\u0443\u0445\u043e\u0432\u043e:"
            }
        },
        {
            "type": "Feature",
            "geometry": {
                "type": "Polygon",
                "coordinates": [
                    [
                        [
                            36.10491666666667,
                            55.76486111111111
                        ],
                        [
                            36.11075,
                            55.76463888888889
                        ],
                        [
                            35.86475,
                            55.849944444444446
                        ],
                        [
                            35.877611111111115,
                            55.85344444444445
                        ],
                        [
                            36.10491666666667,
                            55.76486111111111
                        ]
                    ]
                ]
            },
            "properties": {
                "description": "\u0420\u0443\u0437\u0441\u043a\u0438\u0439 \u0433\u043e\u0440\u043e\u0434\u0441\u043a\u043e\u0439 \u043e\u043a\u0440\u0443\u0433 -> \u0420\u0443\u0437\u0441\u043a\u043e\u0435 \u0432\u043e\u0434\u043e\u0445\u0440\u0430\u043d\u0438\u043b\u0438\u0449\u0435: 50 \u043c \u0432\u0433\u043b\u0443\u0431\u044c \u0430\u043a\u0432\u0430\u0442\u043e\u0440\u0438\u0438 \u0432\u0434\u043e\u043b\u044c \u0432\u0441\u0435\u0439 \u0431\u0435\u0440\u0435\u0433\u043e\u0432\u043e\u0439 \u043b\u0438\u043d\u0438\u0438, \u0437\u0430 \u0438\u0441\u043a\u043b\u044e\u0447\u0435\u043d\u0438\u0435\u043c \u0431\u0435\u0440\u0435\u0433\u043e\u0432\u043e\u0439 \u043b\u0438\u043d\u0438\u0438 \u043e\u0442 \u0434\u043e\u043c\u0430 \u043e\u0442\u0434\u044b\u0445\u0430 \"\u041b\u0443\u0436\u043a\u0438\" \u0434\u043e \u0434\u0435\u0440\u0435\u0432\u043d\u0438 \u041e\u0432\u0441\u044f\u043d\u0438\u043a\u0438:"
            }
        },
        {
            "type": "Feature",
            "geometry": {
                "type": "Polygon",
                "coordinates": [
                    [
                        [
                            36.12513888888889,
                            55.75519444444444
                        ],
                        [
                            36.12566666666667,
                            55.755
                        ],
                        [
                            36.130833333333335,
                            55.75830555555556
                        ],
                        [
                            36.13077777777778,
                            55.75805555555556
                        ],
                        [
                            36.12513888888889,
                            55.75519444444444
                        ]
                    ]
                ]
            },
            "properties": {
                "description": "\u0420\u0443\u0437\u0441\u043a\u0438\u0439 \u0433\u043e\u0440\u043e\u0434\u0441\u043a\u043e\u0439 \u043e\u043a\u0440\u0443\u0433 -> \u0440\u0435\u043a\u0430 \u0420\u0443\u0437\u0430 \u0432 \u0433\u0440\u0430\u043d\u0438\u0446\u0430\u0445 \u0434\u0435\u0440\u0435\u0432\u043d\u0438 \u0428\u043e\u0440\u043d\u043e\u0432\u043e:"
            }
        },
        {
            "type": "Feature",
            "geometry": {
                "type": "Polygon",
                "coordinates": [
                    [
                        [
                            36.19244444444444,
                            55.69636111111111
                        ],
                        [
                            36.183861111111106,
                            55.69463888888889
                        ],
                        [
                            36.19244444444444,
                            55.69636111111111
                        ]
                    ]
                ]
            },
            "properties": {
                "description": "\u0420\u0443\u0437\u0441\u043a\u0438\u0439 \u0433\u043e\u0440\u043e\u0434\u0441\u043a\u043e\u0439 \u043e\u043a\u0440\u0443\u0433 -> \u0440\u0435\u043a\u0430 \u0420\u0443\u0437\u0430: \u0440\u0430\u0439\u043e\u043d \u0432 \u0433\u0440\u0430\u043d\u0438\u0446\u0430\u0445 \u0433\u043e\u0440\u043e\u0434\u0430 \u0420\u0443\u0437\u0430 \u0432\u044b\u0448\u0435 \u043c\u043e\u0441\u0442\u0430 \u043f\u043e \u043f\u0440\u0430\u0432\u043e\u043c\u0443 \u0431\u0435\u0440\u0435\u0433\u0443:"
            }
        },
        {
            "type": "Feature",
            "geometry": {
                "type": "Polygon",
                "coordinates": [
                    [
                        [
                            36.13872222222222,
                            55.751444444444445
                        ],
                        [
                            36.13825,
                            55.75091666666667
                        ],
                        [
                            36.13619444444444,
                            55.74608333333333
                        ],
                        [
                            36.13580555555556,
                            55.74605555555556
                        ],
                        [
                            36.13872222222222,
                            55.751444444444445
                        ]
                    ]
                ]
            },
            "properties": {
                "description": "\u0420\u0443\u0437\u0441\u043a\u0438\u0439 \u0433\u043e\u0440\u043e\u0434\u0441\u043a\u043e\u0439 \u043e\u043a\u0440\u0443\u0433 -> \u0440\u0435\u043a\u0430 \u0420\u0443\u0437\u0430: \u0432 \u0433\u0440\u0430\u043d\u0438\u0446\u0430\u0445 \u0434\u0435\u0440\u0435\u0432\u043d\u0438 \u041b\u0435\u043d\u044c\u043a\u043e\u0432\u043e:"
            }
        },
        {
            "type": "Feature",
            "geometry": {
                "type": "Polygon",
                "coordinates": [
                    [
                        [
                            36.136472222222224,
                            55.740500000000004
                        ],
                        [
                            36.13575,
                            55.74063888888889
                        ],
                        [
                            36.12883333333333,
                            55.73533333333334
                        ],
                        [
                            36.12844444444445,
                            55.73580555555556
                        ],
                        [
                            36.136472222222224,
                            55.740500000000004
                        ]
                    ]
                ]
            },
            "properties": {
                "description": "\u0420\u0443\u0437\u0441\u043a\u0438\u0439 \u0433\u043e\u0440\u043e\u0434\u0441\u043a\u043e\u0439 \u043e\u043a\u0440\u0443\u0433 -> \u0440\u0435\u043a\u0430 \u0420\u0443\u0437\u0430: \u0432 \u0433\u0440\u0430\u043d\u0438\u0446\u0430\u0445 \u0434\u0435\u0440\u0435\u0432\u043d\u0438 \u0420\u0430\u043a\u0438\u0442\u0438\u043d\u043e:"
            }
        },
        {
            "type": "Feature",
            "geometry": {
                "type": "Polygon",
                "coordinates": [
                    [
                        [
                            36.13272222222222,
                            55.716638888888895
                        ],
                        [
                            36.13227777777778,
                            55.71630555555556
                        ],
                        [
                            36.14502777777778,
                            55.712500000000006
                        ],
                        [
                            36.14402777777778,
                            55.712611111111116
                        ],
                        [
                            36.13272222222222,
                            55.716638888888895
                        ]
                    ]
                ]
            },
            "properties": {
                "description": "\u0420\u0443\u0437\u0441\u043a\u0438\u0439 \u0433\u043e\u0440\u043e\u0434\u0441\u043a\u043e\u0439 \u043e\u043a\u0440\u0443\u0433 -> \u0440\u0435\u043a\u0430 \u0420\u0443\u0437\u0430: \u0432 \u0433\u0440\u0430\u043d\u0438\u0446\u0430\u0445 \u0434\u0435\u0440\u0435\u0432\u043d\u0438 \u0421\u0442\u0430\u0440\u043e:"
            }
        },
        {
            "type": "Feature",
            "geometry": {
                "type": "Polygon",
                "coordinates": [
                    [
                        [
                            36.24597222222222,
                            55.6595
                        ],
                        [
                            36.24527777777778,
                            55.65877777777778
                        ],
                        [
                            36.25544444444444,
                            55.65886111111111
                        ],
                        [
                            36.25563888888889,
                            55.65833333333333
                        ],
                        [
                            36.24597222222222,
                            55.6595
                        ]
                    ]
                ]
            },
            "properties": {
                "description": "\u0420\u0443\u0437\u0441\u043a\u0438\u0439 \u0433\u043e\u0440\u043e\u0434\u0441\u043a\u043e\u0439 \u043e\u043a\u0440\u0443\u0433 -> \u0440\u0435\u043a\u0430 \u0420\u0443\u0437\u0430: \u0432 \u0433\u0440\u0430\u043d\u0438\u0446\u0430\u0445 \u043f\u043e\u0441\u0435\u043b\u043a\u0430 \u0413\u043e\u0440\u0431\u043e\u0432\u043e:"
            }
        },
        {
            "type": "Feature",
            "geometry": {
                "type": "Polygon",
                "coordinates": [
                    [
                        [
                            36.17061111111111,
                            55.69263888888889
                        ],
                        [
                            36.17055555555555,
                            55.69211111111111
                        ],
                        [
                            36.17988888888889,
                            55.69419444444444
                        ],
                        [
                            36.18011111111111,
                            55.69369444444444
                        ],
                        [
                            36.17061111111111,
                            55.69263888888889
                        ]
                    ]
                ]
            },
            "properties": {
                "description": "\u0420\u0443\u0437\u0441\u043a\u0438\u0439 \u0433\u043e\u0440\u043e\u0434\u0441\u043a\u043e\u0439 \u043e\u043a\u0440\u0443\u0433 -> \u0440\u0435\u043a\u0430 \u0420\u0443\u0437\u0430: \u0432 \u0433\u0440\u0430\u043d\u0438\u0446\u0430\u0445 \u0411\u0440\u044b\u043d\u044c\u043a\u043e\u0432\u043e:"
            }
        },
        {
            "type": "Feature",
            "geometry": {
                "type": "Polygon",
                "coordinates": [
                    [
                        [
                            36.28802777777778,
                            55.63719444444445
                        ],
                        [
                            36.28875,
                            55.63736111111111
                        ],
                        [
                            36.28530555555555,
                            55.632666666666665
                        ],
                        [
                            36.28802777777778,
                            55.63719444444445
                        ]
                    ]
                ]
            },
            "properties": {
                "description": "\u0420\u0443\u0437\u0441\u043a\u0438\u0439 \u0433\u043e\u0440\u043e\u0434\u0441\u043a\u043e\u0439 \u043e\u043a\u0440\u0443\u0433 -> \u0440\u0435\u043a\u0430 \u0420\u0443\u0437\u0430: \u0432 \u0433\u0440\u0430\u043d\u0438\u0446\u0430\u0445 \u0434\u0435\u0440\u0435\u0432\u043d\u0438 \u0424\u0435\u0434\u043e\u0442\u043e\u0432\u043e:"
            }
        },
        {
            "type": "Feature",
            "geometry": {
                "type": "Polygon",
                "coordinates": [
                    [
                        [
                            36.10630555555556,
                            55.760333333333335
                        ],
                        [
                            36.107,
                            55.760194444444444
                        ],
                        [
                            36.10783333333333,
                            55.750277777777775
                        ],
                        [
                            36.10758333333334,
                            55.75
                        ],
                        [
                            36.10630555555556,
                            55.760333333333335
                        ]
                    ]
                ]
            },
            "properties": {
                "description": "\u0420\u0443\u0437\u0441\u043a\u0438\u0439 \u0433\u043e\u0440\u043e\u0434\u0441\u043a\u043e\u0439 \u043e\u043a\u0440\u0443\u0433 -> \u0440\u0435\u043a\u0430 \u0420\u0443\u0437\u0430: \u0432 \u0433\u0440\u0430\u043d\u0438\u0446\u0430\u0445 \u0434\u0435\u0440\u0435\u0432\u043d\u0438 \u041f\u0430\u043b\u0430\u0448\u043a\u0438\u043d\u043e:"
            }
        },
        {
            "type": "Feature",
            "geometry": {
                "type": "Polygon",
                "coordinates": [
                    [
                        [
                            36.121972222222226,
                            55.73444444444444
                        ],
                        [
                            36.122,
                            55.73419444444445
                        ],
                        [
                            36.12127777777778,
                            55.73155555555556
                        ],
                        [
                            36.12108333333333,
                            55.73147222222222
                        ],
                        [
                            36.121972222222226,
                            55.73444444444444
                        ]
                    ]
                ]
            },
            "properties": {
                "description": "\u0420\u0443\u0437\u0441\u043a\u0438\u0439 \u0433\u043e\u0440\u043e\u0434\u0441\u043a\u043e\u0439 \u043e\u043a\u0440\u0443\u0433 -> \u0440\u0435\u043a\u0430 \u0420\u0443\u0437\u0430: \u0432 \u0433\u0440\u0430\u043d\u0438\u0446\u0430\u0445 \u0434\u0435\u0440\u0435\u0432\u043d\u0438 \u041a\u043e\u043c\u043b\u0435\u0432\u043e:"
            }
        },
        {
            "type": "Feature",
            "geometry": {
                "type": "Polygon",
                "coordinates": [
                    [
                        [
                            36.13183333333333,
                            55.75797222222222
                        ],
                        [
                            36.13283333333333,
                            55.75344444444445
                        ],
                        [
                            36.13183333333333,
                            55.75797222222222
                        ]
                    ]
                ]
            },
            "properties": {
                "description": "\u0420\u0443\u0437\u0441\u043a\u0438\u0439 \u0433\u043e\u0440\u043e\u0434\u0441\u043a\u043e\u0439 \u043e\u043a\u0440\u0443\u0433 -> \u0440\u0435\u043a\u0430 \u0420\u0443\u0437\u0430: \u0432 \u0433\u0440\u0430\u043d\u0438\u0446\u0430\u0445 \u0434\u0435\u0440\u0435\u0432\u043d\u0438 \u041f\u043e\u043a\u0440\u043e\u0432:"
            }
        },
        {
            "type": "Feature",
            "geometry": {
                "type": "Polygon",
                "coordinates": [
                    [
                        [
                            36.29008333333333,
                            55.64525
                        ],
                        [
                            36.290166666666664,
                            55.64555555555555
                        ],
                        [
                            36.295249999999996,
                            55.64516666666667
                        ],
                        [
                            36.295138888888886,
                            55.644888888888886
                        ],
                        [
                            36.29008333333333,
                            55.64525
                        ]
                    ]
                ]
            },
            "properties": {
                "description": "\u0420\u0443\u0437\u0441\u043a\u0438\u0439 \u0433\u043e\u0440\u043e\u0434\u0441\u043a\u043e\u0439 \u043e\u043a\u0440\u0443\u0433 -> \u0440\u0435\u043a\u0430 \u0420\u0443\u0437\u0430: \u0432 \u0433\u0440\u0430\u043d\u0438\u0446\u0430\u0445 \u0434\u0435\u0440\u0435\u0432\u043d\u0438 \u0410\u043a\u0443\u043b\u043e\u0432\u043e:"
            }
        },
        {
            "type": "Feature",
            "geometry": {
                "type": "Polygon",
                "coordinates": [
                    [
                        [
                            36.13619444444444,
                            55.741166666666665
                        ],
                        [
                            36.13638888888889,
                            55.74111111111111
                        ],
                        [
                            36.13444444444444,
                            55.739111111111114
                        ],
                        [
                            36.13375,
                            55.73891666666667
                        ],
                        [
                            36.13619444444444,
                            55.741166666666665
                        ]
                    ]
                ]
            },
            "properties": {
                "description": "\u0420\u0443\u0437\u0441\u043a\u0438\u0439 \u0433\u043e\u0440\u043e\u0434\u0441\u043a\u043e\u0439 \u043e\u043a\u0440\u0443\u0433 -> \u0440\u0435\u043a\u0430 \u0420\u0443\u0437\u0430: \u0432 \u0433\u0440\u0430\u043d\u0438\u0446\u0430\u0445 \u0434\u0435\u0440\u0435\u0432\u043d\u0438 \u0420\u044b\u0431\u0443\u0448\u043a\u0438\u043d\u043e:"
            }
        },
        {
            "type": "Feature",
            "geometry": {
                "type": "Polygon",
                "coordinates": [
                    [
                        [
                            36.23297222222222,
                            55.82497222222223
                        ],
                        [
                            36.235194444444446,
                            55.82416666666667
                        ],
                        [
                            36.23297222222222,
                            55.82497222222223
                        ]
                    ]
                ]
            },
            "properties": {
                "description": "\u0420\u0443\u0437\u0441\u043a\u0438\u0439 \u0433\u043e\u0440\u043e\u0434\u0441\u043a\u043e\u0439 \u043e\u043a\u0440\u0443\u0433 -> \u0440\u0435\u043a\u0430 \u0412\u0435\u0439\u043d\u0430: \u0432 \u0433\u0440\u0430\u043d\u0438\u0446\u0430\u0445 \u0434\u0435\u0440\u0435\u0432\u043d\u0438 \u0411\u043e\u0440\u0437\u0435\u0446\u043e\u0432\u043e:"
            }
        },
        {
            "type": "Feature",
            "geometry": {
                "type": "Polygon",
                "coordinates": [
                    [
                        [
                            36.235194444444446,
                            55.82416666666667
                        ],
                        [
                            36.23688888888889,
                            55.82316666666667
                        ],
                        [
                            36.235194444444446,
                            55.82416666666667
                        ]
                    ]
                ]
            },
            "properties": {
                "description": "\u0420\u0443\u0437\u0441\u043a\u0438\u0439 \u0433\u043e\u0440\u043e\u0434\u0441\u043a\u043e\u0439 \u043e\u043a\u0440\u0443\u0433 -> \u0440\u0435\u043a\u0430 \u0412\u0435\u0439\u043d\u0430: \u0432 \u0433\u0440\u0430\u043d\u0438\u0446\u0430\u0445 \u0434\u0435\u0440\u0435\u0432\u043d\u0438 \u0411\u043e\u043b\u044c\u0448\u0438\u0435 \u0413\u043e\u0440\u043a\u0438:"
            }
        },
        {
            "type": "Feature",
            "geometry": {
                "type": "Polygon",
                "coordinates": [
                    [
                        [
                            36.21786111111111,
                            55.846138888888895
                        ],
                        [
                            36.223,
                            55.84597222222222
                        ],
                        [
                            36.21786111111111,
                            55.846138888888895
                        ]
                    ]
                ]
            },
            "properties": {
                "description": "\u0420\u0443\u0437\u0441\u043a\u0438\u0439 \u0433\u043e\u0440\u043e\u0434\u0441\u043a\u043e\u0439 \u043e\u043a\u0440\u0443\u0433 -> \u0440\u0435\u043a\u0430 \u0412\u0435\u0439\u043d\u0430: \u0432 \u0433\u0440\u0430\u043d\u0438\u0446\u0430\u0445 \u0434\u0435\u0440\u0435\u0432\u043d\u0438 \u041c\u0430\u0442\u0432\u0435\u0439\u0446\u0435\u0432\u043e-2:"
            }
        },
        {
            "type": "Feature",
            "geometry": {
                "type": "Polygon",
                "coordinates": [
                    [
                        [
                            36.23297222222222,
                            55.82497222222223
                        ],
                        [
                            36.23555555555556,
                            55.82891666666667
                        ],
                        [
                            36.23297222222222,
                            55.82497222222223
                        ]
                    ]
                ]
            },
            "properties": {
                "description": "\u0420\u0443\u0437\u0441\u043a\u0438\u0439 \u0433\u043e\u0440\u043e\u0434\u0441\u043a\u043e\u0439 \u043e\u043a\u0440\u0443\u0433 -> \u0440\u0435\u043a\u0430 \u0412\u0435\u0439\u043d\u0430: \u0432 \u0433\u0440\u0430\u043d\u0438\u0446\u0430\u0445 \u0434\u0435\u0440\u0435\u0432\u043d\u0438 \u041c\u0430\u043b\u044b\u0435 \u0413\u043e\u0440\u043a\u0438:"
            }
        },
        {
            "type": "Feature",
            "geometry": {
                "type": "Polygon",
                "coordinates": [
                    [
                        [
                            36.21786111111111,
                            55.846138888888895
                        ],
                        [
                            36.20269444444445,
                            55.843944444444446
                        ],
                        [
                            36.21786111111111,
                            55.846138888888895
                        ]
                    ]
                ]
            },
            "properties": {
                "description": "\u0420\u0443\u0437\u0441\u043a\u0438\u0439 \u0433\u043e\u0440\u043e\u0434\u0441\u043a\u043e\u0439 \u043e\u043a\u0440\u0443\u0433 -> \u0440\u0435\u043a\u0430 \u0412\u0435\u0439\u043d\u0430: \u0432 \u0433\u0440\u0430\u043d\u0438\u0446\u0430\u0445 \u0434\u0435\u0440\u0435\u0432\u043d\u0438 \u041c\u0430\u0442\u0432\u0435\u0439\u0446\u0435\u0432\u043e-1:"
            }
        },
        {
            "type": "Feature",
            "geometry": {
                "type": "Polygon",
                "coordinates": [
                    [
                        [
                            36.31336111111111,
                            55.91288888888889
                        ],
                        [
                            36.321333333333335,
                            55.904944444444446
                        ],
                        [
                            36.31336111111111,
                            55.91288888888889
                        ]
                    ]
                ]
            },
            "properties": {
                "description": "\u0420\u0443\u0437\u0441\u043a\u0438\u0439 \u0433\u043e\u0440\u043e\u0434\u0441\u043a\u043e\u0439 \u043e\u043a\u0440\u0443\u0433 -> \u0440\u0435\u043a\u0430 \u041e\u0437\u0435\u0440\u043d\u0430: \u0432 \u0433\u0440\u0430\u043d\u0438\u0446\u0430\u0445 \u0434\u0435\u0440\u0435\u0432\u043d\u0438 \u041d\u0438\u0436\u043d\u0435\u0435 \u0421\u043b\u044f\u0434\u043d\u0435\u0432\u043e:"
            }
        },
        {
            "type": "Feature",
            "geometry": {
                "type": "Polygon",
                "coordinates": [
                    [
                        [
                            36.36002777777778,
                            55.81716666666667
                        ],
                        [
                            36.36263888888889,
                            55.81305555555555
                        ],
                        [
                            36.36002777777778,
                            55.81716666666667
                        ]
                    ]
                ]
            },
            "properties": {
                "description": "\u0420\u0443\u0437\u0441\u043a\u0438\u0439 \u0433\u043e\u0440\u043e\u0434\u0441\u043a\u043e\u0439 \u043e\u043a\u0440\u0443\u0433 -> \u0440\u0435\u043a\u0430 \u041e\u0437\u0435\u0440\u043d\u0430: \u0432 \u0433\u0440\u0430\u043d\u0438\u0446\u0430\u0445 \u0434\u0435\u0440\u0435\u0432\u043d\u0438 \u0423\u0433\u043b\u044b\u043d\u044c:"
            }
        },
        {
            "type": "Feature",
            "geometry": {
                "type": "Polygon",
                "coordinates": [
                    [
                        [
                            36.31669444444445,
                            55.89513888888889
                        ],
                        [
                            36.340250000000005,
                            55.87211111111111
                        ],
                        [
                            36.31669444444445,
                            55.89513888888889
                        ]
                    ]
                ]
            },
            "properties": {
                "description": "\u0420\u0443\u0437\u0441\u043a\u0438\u0439 \u0433\u043e\u0440\u043e\u0434\u0441\u043a\u043e\u0439 \u043e\u043a\u0440\u0443\u0433 -> \u0440\u0435\u043a\u0430 \u041e\u0437\u0435\u0440\u043d\u0430: \u0432 \u0433\u0440\u0430\u043d\u0438\u0446\u0430\u0445 \u0434\u0435\u0440\u0435\u0432\u043d\u0438 \u041f\u043e\u043a\u0440\u043e\u0432\u0441\u043a\u043e\u0435:"
            }
        },
        {
            "type": "Feature",
            "geometry": {
                "type": "Polygon",
                "coordinates": [
                    [
                        [
                            36.352333333333334,
                            55.82505555555556
                        ],
                        [
                            36.354,
                            55.82269444444445
                        ],
                        [
                            36.352333333333334,
                            55.82505555555556
                        ]
                    ]
                ]
            },
            "properties": {
                "description": "\u0420\u0443\u0437\u0441\u043a\u0438\u0439 \u0433\u043e\u0440\u043e\u0434\u0441\u043a\u043e\u0439 \u043e\u043a\u0440\u0443\u0433 -> \u0440\u0435\u043a\u0430 \u041e\u0437\u0435\u0440\u043d\u0430: \u0432 \u0433\u0440\u0430\u043d\u0438\u0446\u0430\u0445 \u0434\u0435\u0440\u0435\u0432\u043d\u0438 \u041c\u0438\u0445\u0430\u0439\u043b\u043e\u0432\u0441\u043a\u043e\u0435:"
            }
        },
        {
            "type": "Feature",
            "geometry": {
                "type": "Polygon",
                "coordinates": [
                    [
                        [
                            36.348222222222226,
                            55.82597222222223
                        ],
                        [
                            36.348222222222226,
                            55.82597222222223
                        ]
                    ]
                ]
            },
            "properties": {
                "description": "\u0420\u0443\u0437\u0441\u043a\u0438\u0439 \u0433\u043e\u0440\u043e\u0434\u0441\u043a\u043e\u0439 \u043e\u043a\u0440\u0443\u0433 -> \u0440\u0435\u043a\u0430 \u041e\u0437\u0435\u0440\u043d\u0430: \u0432 \u0433\u0440\u0430\u043d\u0438\u0446\u0430\u0445 \u0434\u0435\u0440\u0435\u0432\u043d\u0438 \u0418\u043b\u044c\u0438\u043d\u0441\u043a\u043e\u0435:"
            }
        },
        {
            "type": "Feature",
            "geometry": {
                "type": "Polygon",
                "coordinates": [
                    [
                        [
                            36.351888888888894,
                            55.836666666666666
                        ],
                        [
                            36.35461111111111,
                            55.83325000000001
                        ],
                        [
                            36.351888888888894,
                            55.836666666666666
                        ]
                    ]
                ]
            },
            "properties": {
                "description": "\u0420\u0443\u0437\u0441\u043a\u0438\u0439 \u0433\u043e\u0440\u043e\u0434\u0441\u043a\u043e\u0439 \u043e\u043a\u0440\u0443\u0433 -> \u0440\u0435\u043a\u0430 \u041e\u0437\u0435\u0440\u043d\u0430: \u0432 \u0433\u0440\u0430\u043d\u0438\u0446\u0430\u0445 \u0434\u0435\u0440\u0435\u0432\u043d\u0438 \u0424\u0435\u0434\u0447\u0435\u043d\u043e:"
            }
        },
        {
            "type": "Feature",
            "geometry": {
                "type": "Polygon",
                "coordinates": [
                    [
                        [
                            36.35313888888889,
                            55.848305555555555
                        ],
                        [
                            36.35636111111111,
                            55.84466666666667
                        ],
                        [
                            36.35313888888889,
                            55.848305555555555
                        ]
                    ]
                ]
            },
            "properties": {
                "description": "\u0420\u0443\u0437\u0441\u043a\u0438\u0439 \u0433\u043e\u0440\u043e\u0434\u0441\u043a\u043e\u0439 \u043e\u043a\u0440\u0443\u0433 -> \u0440\u0435\u043a\u0430 \u041e\u0437\u0435\u0440\u043d\u0430: \u0432 \u0433\u0440\u0430\u043d\u0438\u0446\u0430\u0445 \u0434\u0435\u0440\u0435\u0432\u043d\u0438 \u0413\u043e\u0440\u043e\u0434\u0438\u0449\u0435:"
            }
        },
        {
            "type": "Feature",
            "geometry": {
                "type": "Polygon",
                "coordinates": [
                    [
                        [
                            36.31669444444445,
                            55.89513888888889
                        ],
                        [
                            36.32241666666667,
                            55.89972222222222
                        ],
                        [
                            36.31669444444445,
                            55.89513888888889
                        ]
                    ]
                ]
            },
            "properties": {
                "description": "\u0420\u0443\u0437\u0441\u043a\u0438\u0439 \u0433\u043e\u0440\u043e\u0434\u0441\u043a\u043e\u0439 \u043e\u043a\u0440\u0443\u0433 -> \u0440\u0435\u043a\u0430 \u041e\u0437\u0435\u0440\u043d\u0430: \u0432 \u0433\u0440\u0430\u043d\u0438\u0446\u0430\u0445 \u0434\u0435\u0440\u0435\u0432\u043d\u0438 \u041f\u043e\u043a\u0440\u043e\u0432\u0441\u043a\u043e\u0435:"
            }
        },
        {
            "type": "Feature",
            "geometry": {
                "type": "Polygon",
                "coordinates": [
                    [
                        [
                            36.31319444444444,
                            55.91319444444444
                        ],
                        [
                            36.319500000000005,
                            55.91122222222222
                        ],
                        [
                            36.31319444444444,
                            55.91319444444444
                        ]
                    ]
                ]
            },
            "properties": {
                "description": "\u0420\u0443\u0437\u0441\u043a\u0438\u0439 \u0433\u043e\u0440\u043e\u0434\u0441\u043a\u043e\u0439 \u043e\u043a\u0440\u0443\u0433 -> \u0440\u0435\u043a\u0430 \u041e\u0437\u0435\u0440\u043d\u0430: \u0432 \u0433\u0440\u0430\u043d\u0438\u0446\u0430\u0445 \u0434\u0435\u0440\u0435\u0432\u043d\u0438 \u041a\u043e\u0437\u043b\u043e\u0432\u043e:"
            }
        },
        {
            "type": "Feature",
            "geometry": {
                "type": "Polygon",
                "coordinates": [
                    [
                        [
                            36.25336111111111,
                            55.802388888888885
                        ],
                        [
                            36.259277777777775,
                            55.79902777777777
                        ],
                        [
                            36.25336111111111,
                            55.802388888888885
                        ]
                    ]
                ]
            },
            "properties": {
                "description": "\u0420\u0443\u0437\u0441\u043a\u0438\u0439 \u0433\u043e\u0440\u043e\u0434\u0441\u043a\u043e\u0439 \u043e\u043a\u0440\u0443\u0433 -> \u041e\u0437\u0435\u0440\u043d\u0438\u043d\u0441\u043a\u043e\u0435 \u0432\u043e\u0434\u043e\u0445\u0440\u0430\u043d\u0438\u043b\u0438\u0449\u0435:"
            }
        },
        {
            "type": "Feature",
            "geometry": {
                "type": "Polygon",
                "coordinates": [
                    [
                        [
                            35.92805555555555,
                            55.763
                        ],
                        [
                            35.93955555555555,
                            55.76275
                        ],
                        [
                            35.92805555555555,
                            55.763
                        ]
                    ]
                ]
            },
            "properties": {
                "description": "\u0420\u0443\u0437\u0441\u043a\u0438\u0439 \u0433\u043e\u0440\u043e\u0434\u0441\u043a\u043e\u0439 \u043e\u043a\u0440\u0443\u0433 -> \u0440\u0435\u043a\u0430 \u041f\u0440\u0430\u0432\u0430\u044f \u041f\u0435\u0434\u043d\u044f: \u0432 \u0433\u0440\u0430\u043d\u0438\u0446\u0430\u0445 \u0434\u0435\u0440\u0435\u0432\u043d\u0438 \u041a\u043e\u043a\u0448\u0438\u043d\u043e:"
            }
        },
        {
            "type": "Feature",
            "geometry": {
                "type": "Polygon",
                "coordinates": [
                    [
                        [
                            35.91808333333333,
                            55.76255555555556
                        ],
                        [
                            35.914,
                            55.76475
                        ],
                        [
                            35.91808333333333,
                            55.76255555555556
                        ]
                    ]
                ]
            },
            "properties": {
                "description": "\u0420\u0443\u0437\u0441\u043a\u0438\u0439 \u0433\u043e\u0440\u043e\u0434\u0441\u043a\u043e\u0439 \u043e\u043a\u0440\u0443\u0433 -> \u0440\u0435\u043a\u0430 \u041f\u0440\u0430\u0432\u0430\u044f \u041f\u0435\u0434\u043d\u044f: \u0432 \u0433\u0440\u0430\u043d\u0438\u0446\u0430\u0445 \u0434\u0435\u0440\u0435\u0432\u043d\u0438 \u0421\u0443\u043c\u0430\u0440\u043e\u043a\u043e\u0432\u043e:"
            }
        },
        {
            "type": "Feature",
            "geometry": {
                "type": "Polygon",
                "coordinates": [
                    [
                        [
                            35.961444444444446,
                            55.76219444444445
                        ],
                        [
                            35.97108333333333,
                            55.76155555555555
                        ],
                        [
                            35.961444444444446,
                            55.76219444444445
                        ]
                    ]
                ]
            },
            "properties": {
                "description": "\u0420\u0443\u0437\u0441\u043a\u0438\u0439 \u0433\u043e\u0440\u043e\u0434\u0441\u043a\u043e\u0439 \u043e\u043a\u0440\u0443\u0433 -> \u0440\u0435\u043a\u0430 \u041f\u0440\u0430\u0432\u0430\u044f \u041f\u0435\u0434\u043d\u044f: \u0432 \u0433\u0440\u0430\u043d\u0438\u0446\u0430\u0445 \u0434\u0435\u0440\u0435\u0432\u043d\u0438 \u041b\u0438\u0434\u0438\u043d\u043e:"
            }
        },
        {
            "type": "Feature",
            "geometry": {
                "type": "Polygon",
                "coordinates": [
                    [
                        [
                            35.951638888888894,
                            55.76113888888889
                        ],
                        [
                            35.96061111111111,
                            55.76061111111111
                        ],
                        [
                            35.951638888888894,
                            55.76113888888889
                        ]
                    ]
                ]
            },
            "properties": {
                "description": "\u0420\u0443\u0437\u0441\u043a\u0438\u0439 \u0433\u043e\u0440\u043e\u0434\u0441\u043a\u043e\u0439 \u043e\u043a\u0440\u0443\u0433 -> \u0440\u0435\u043a\u0430 \u041f\u0440\u0430\u0432\u0430\u044f \u041f\u0435\u0434\u043d\u044f: \u0432 \u0433\u0440\u0430\u043d\u0438\u0446\u0430\u0445 \u0434\u0435\u0440\u0435\u0432\u043d\u0438 \u0420\u044f\u0431\u0446\u0435\u0432\u043e:"
            }
        },
        {
            "type": "Feature",
            "geometry": {
                "type": "Polygon",
                "coordinates": [
                    [
                        [
                            35.98411111111111,
                            55.75816666666667
                        ],
                        [
                            35.97580555555556,
                            55.75816666666667
                        ],
                        [
                            35.98411111111111,
                            55.75816666666667
                        ]
                    ]
                ]
            },
            "properties": {
                "description": "\u0420\u0443\u0437\u0441\u043a\u0438\u0439 \u0433\u043e\u0440\u043e\u0434\u0441\u043a\u043e\u0439 \u043e\u043a\u0440\u0443\u0433 -> \u0440\u0435\u043a\u0430 \u041f\u0440\u0430\u0432\u0430\u044f \u041f\u0435\u0434\u043d\u044f: \u0440\u0430\u0439\u043e\u043d \u0443\u0441\u0442\u044c\u044f:"
            }
        },
        {
            "type": "Feature",
            "geometry": {
                "type": "Polygon",
                "coordinates": [
                    [
                        [
                            36.02072222222222,
                            55.81802777777778
                        ],
                        [
                            36.01475,
                            55.814
                        ],
                        [
                            36.02072222222222,
                            55.81802777777778
                        ]
                    ]
                ]
            },
            "properties": {
                "description": "\u0420\u0443\u0437\u0441\u043a\u0438\u0439 \u0433\u043e\u0440\u043e\u0434\u0441\u043a\u043e\u0439 \u043e\u043a\u0440\u0443\u0433 -> \u0440\u0435\u043a\u0430 \u041b\u0435\u0432\u0430\u044f \u041f\u0435\u0434\u043d\u044f: \u0432 \u0433\u0440\u0430\u043d\u0438\u0446\u0430\u0445 \u0434\u0435\u0440\u0435\u0432\u043d\u0438 \u041b\u0430\u0448\u0438\u043d\u043e:"
            }
        },
        {
            "type": "Feature",
            "geometry": {
                "type": "Polygon",
                "coordinates": [
                    [
                        [
                            36.07638888888889,
                            55.86936111111111
                        ],
                        [
                            36.07069444444445,
                            55.870194444444444
                        ],
                        [
                            36.07638888888889,
                            55.86936111111111
                        ]
                    ]
                ]
            },
            "properties": {
                "description": "\u0420\u0443\u0437\u0441\u043a\u0438\u0439 \u0433\u043e\u0440\u043e\u0434\u0441\u043a\u043e\u0439 \u043e\u043a\u0440\u0443\u0433 -> \u0440\u0435\u043a\u0430 \u041b\u0435\u0432\u0430\u044f \u041f\u0435\u0434\u043d\u044f: \u0432 \u0433\u0440\u0430\u043d\u0438\u0446\u0430\u0445 \u0434\u0435\u0440\u0435\u0432\u043d\u0438 \u0410\u043a\u0443\u043b\u043e\u0432\u043e:"
            }
        },
        {
            "type": "Feature",
            "geometry": {
                "type": "Polygon",
                "coordinates": [
                    [
                        [
                            36.07069444444445,
                            55.870194444444444
                        ],
                        [
                            36.018027777777775,
                            55.85208333333333
                        ],
                        [
                            36.07069444444445,
                            55.870194444444444
                        ]
                    ]
                ]
            },
            "properties": {
                "description": "\u0420\u0443\u0437\u0441\u043a\u0438\u0439 \u0433\u043e\u0440\u043e\u0434\u0441\u043a\u043e\u0439 \u043e\u043a\u0440\u0443\u0433 -> \u0440\u0435\u043a\u0430 \u041b\u0435\u0432\u0430\u044f \u041f\u0435\u0434\u043d\u044f: \u0432 \u0433\u0440\u0430\u043d\u0438\u0446\u0430\u0445 \u0434\u0435\u0440\u0435\u0432\u043d\u0438 \u0411\u0443\u0442\u0430\u043a\u043e\u0432\u043e:"
            }
        },
        {
            "type": "Feature",
            "geometry": {
                "type": "Polygon",
                "coordinates": [
                    [
                        [
                            36.26669444444445,
                            55.60975
                        ],
                        [
                            36.26891666666666,
                            55.60488888888889
                        ],
                        [
                            36.26669444444445,
                            55.60975
                        ]
                    ]
                ]
            },
            "properties": {
                "description": "\u0420\u0443\u0437\u0441\u043a\u0438\u0439 \u0433\u043e\u0440\u043e\u0434\u0441\u043a\u043e\u0439 \u043e\u043a\u0440\u0443\u0433 -> \u0440\u0435\u043a\u0430 \u0415\u043b\u0438\u0446\u0430: \u0432 \u0433\u0440\u0430\u043d\u0438\u0446\u0430\u0445 \u0434\u0435\u0440\u0435\u0432\u043d\u0438 \u0411\u0435\u043b\u044c\u043a\u043e\u0432\u043e:"
            }
        },
        {
            "type": "Feature",
            "geometry": {
                "type": "Polygon",
                "coordinates": [
                    [
                        [
                            36.315083333333334,
                            55.58552777777778
                        ],
                        [
                            36.30483333333333,
                            55.58577777777778
                        ],
                        [
                            36.26038888888889,
                            55.620194444444444
                        ],
                        [
                            36.26069444444445,
                            55.61786111111111
                        ],
                        [
                            36.315083333333334,
                            55.58552777777778
                        ]
                    ]
                ]
            },
            "properties": {
                "description": "\u0420\u0443\u0437\u0441\u043a\u0438\u0439 \u0433\u043e\u0440\u043e\u0434\u0441\u043a\u043e\u0439 \u043e\u043a\u0440\u0443\u0433 -> \u0440\u0435\u043a\u0430 \u0415\u043b\u0438\u0446\u0430: \u0432 \u0433\u0440\u0430\u043d\u0438\u0446\u0430\u0445 \u0434\u0435\u0440\u0435\u0432\u043d\u0438 \u041b\u044b\u0449\u0438\u043a\u043e\u0432\u043e:"
            }
        },
        {
            "type": "Feature",
            "geometry": {
                "type": "Polygon",
                "coordinates": [
                    [
                        [
                            35.87688888888889,
                            55.72113888888889
                        ],
                        [
                            35.869277777777775,
                            55.725833333333334
                        ],
                        [
                            35.87688888888889,
                            55.72113888888889
                        ]
                    ]
                ]
            },
            "properties": {
                "description": "\u0420\u0443\u0437\u0441\u043a\u0438\u0439 \u0433\u043e\u0440\u043e\u0434\u0441\u043a\u043e\u0439 \u043e\u043a\u0440\u0443\u0433 -> \u0440\u0435\u043a\u0430 \u041f\u043e\u0436\u043d\u044f: \u0440\u0430\u0439\u043e\u043d \u0434\u0435\u0440\u0435\u0432\u043d\u0438 \u0414\u0440\u043e\u0431\u044b\u043b\u0435\u0432\u043e:"
            }
        },
        {
            "type": "Feature",
            "geometry": {
                "type": "Polygon",
                "coordinates": [
                    [
                        [
                            35.879416666666664,
                            55.71369444444445
                        ],
                        [
                            35.882416666666664,
                            55.712138888888894
                        ],
                        [
                            35.879416666666664,
                            55.71369444444445
                        ]
                    ]
                ]
            },
            "properties": {
                "description": "\u0420\u0443\u0437\u0441\u043a\u0438\u0439 \u0433\u043e\u0440\u043e\u0434\u0441\u043a\u043e\u0439 \u043e\u043a\u0440\u0443\u0433 -> \u0440\u0435\u043a\u0430 \u041f\u043e\u0436\u043d\u044f: \u0440\u0430\u0439\u043e\u043d \u0434\u0435\u0440\u0435\u0432\u043d\u0438 \u0422\u0440\u0443\u0431\u0438\u0446\u0438\u043d\u043e:"
            }
        },
        {
            "type": "Feature",
            "geometry": {
                "type": "Polygon",
                "coordinates": [
                    [
                        [
                            35.882416666666664,
                            55.712138888888894
                        ],
                        [
                            35.89469444444445,
                            55.70827777777778
                        ],
                        [
                            35.882416666666664,
                            55.712138888888894
                        ]
                    ]
                ]
            },
            "properties": {
                "description": "\u0420\u0443\u0437\u0441\u043a\u0438\u0439 \u0433\u043e\u0440\u043e\u0434\u0441\u043a\u043e\u0439 \u043e\u043a\u0440\u0443\u0433 -> \u0440\u0435\u043a\u0430 \u041f\u043e\u0436\u043d\u044f: \u0440\u0430\u0439\u043e\u043d \u0434\u0435\u0440\u0435\u0432\u043d\u0438 \u0415\u0440\u0434\u0435\u043d\u044c\u0435\u0432\u043e:"
            }
        },
        {
            "type": "Feature",
            "geometry": {
                "type": "Polygon",
                "coordinates": [
                    [
                        [
                            36.06397222222222,
                            55.71738888888889
                        ],
                        [
                            36.05927777777777,
                            55.70880555555556
                        ],
                        [
                            36.06397222222222,
                            55.71738888888889
                        ]
                    ]
                ]
            },
            "properties": {
                "description": "\u0420\u0443\u0437\u0441\u043a\u0438\u0439 \u0433\u043e\u0440\u043e\u0434\u0441\u043a\u043e\u0439 \u043e\u043a\u0440\u0443\u0433 -> \u0440\u0435\u043a\u0430 \u041f\u0430\u043b\u044c\u043d\u0430: \u0432 \u0433\u0440\u0430\u043d\u0438\u0446\u0430\u0445 \u0434\u0435\u0440\u0435\u0432\u043d\u0438 \u0417\u0430\u0445\u043d\u0435\u0432\u043e:"
            }
        },
        {
            "type": "Feature",
            "geometry": {
                "type": "Polygon",
                "coordinates": [
                    [
                        [
                            36.05883333333333,
                            55.735305555555556
                        ],
                        [
                            36.05419444444444,
                            55.73038888888889
                        ],
                        [
                            36.05883333333333,
                            55.735305555555556
                        ]
                    ]
                ]
            },
            "properties": {
                "description": "\u0420\u0443\u0437\u0441\u043a\u0438\u0439 \u0433\u043e\u0440\u043e\u0434\u0441\u043a\u043e\u0439 \u043e\u043a\u0440\u0443\u0433 -> \u0440\u0435\u043a\u0430 \u041f\u0430\u043b\u044c\u043d\u0430: \u0432 \u0433\u0440\u0430\u043d\u0438\u0446\u0430\u0445 \u0434\u0435\u0440\u0435\u0432\u043d\u0438 \u0426\u044b\u0433\u0430\u043d\u043e\u0432\u043e:"
            }
        },
        {
            "type": "Feature",
            "geometry": {
                "type": "Polygon",
                "coordinates": [
                    [
                        [
                            36.05658333333333,
                            55.69252777777778
                        ],
                        [
                            36.05877777777778,
                            55.68841666666666
                        ],
                        [
                            36.05658333333333,
                            55.69252777777778
                        ]
                    ]
                ]
            },
            "properties": {
                "description": "\u0420\u0443\u0437\u0441\u043a\u0438\u0439 \u0433\u043e\u0440\u043e\u0434\u0441\u043a\u043e\u0439 \u043e\u043a\u0440\u0443\u0433 -> \u0440\u0435\u043a\u0430 \u041f\u0430\u043b\u044c\u043d\u0430: \u0432 \u0433\u0440\u0430\u043d\u0438\u0446\u0430\u0445 \u0434\u0435\u0440\u0435\u0432\u043d\u0438 \u0412\u043e\u0441\u043a\u0440\u0435\u0441\u0435\u043d\u0441\u043a\u043e\u0435:"
            }
        },
        {
            "type": "Feature",
            "geometry": {
                "type": "Polygon",
                "coordinates": [
                    [
                        [
                            36.05444444444444,
                            55.65961111111111
                        ],
                        [
                            36.04913888888888,
                            55.65691666666667
                        ],
                        [
                            36.05444444444444,
                            55.65961111111111
                        ]
                    ]
                ]
            },
            "properties": {
                "description": "\u0420\u0443\u0437\u0441\u043a\u0438\u0439 \u0433\u043e\u0440\u043e\u0434\u0441\u043a\u043e\u0439 \u043e\u043a\u0440\u0443\u0433 -> \u0440\u0435\u043a\u0430 \u041f\u0430\u043b\u044c\u043d\u0430: \u0432 \u0433\u0440\u0430\u043d\u0438\u0446\u0430\u0445 \u0434\u0435\u0440\u0435\u0432\u043d\u0438 \u0412\u0430\u043d\u0434\u043e\u0432\u043e:"
            }
        },
        {
            "type": "Feature",
            "geometry": {
                "type": "Polygon",
                "coordinates": [
                    [
                        [
                            36.06177777777778,
                            55.6855
                        ],
                        [
                            36.058277777777775,
                            55.680305555555556
                        ],
                        [
                            36.06177777777778,
                            55.6855
                        ]
                    ]
                ]
            },
            "properties": {
                "description": "\u0420\u0443\u0437\u0441\u043a\u0438\u0439 \u0433\u043e\u0440\u043e\u0434\u0441\u043a\u043e\u0439 \u043e\u043a\u0440\u0443\u0433 -> \u0440\u0435\u043a\u0430 \u041f\u0430\u043b\u044c\u043d\u0430: \u0432 \u0433\u0440\u0430\u043d\u0438\u0446\u0430\u0445 \u0434\u0435\u0440\u0435\u0432\u043d\u0438 \u041d\u043e\u0432\u0430\u044f:"
            }
        },
        {
            "type": "Feature",
            "geometry": {
                "type": "Polygon",
                "coordinates": [
                    [
                        [
                            36.057138888888886,
                            55.66283333333333
                        ],
                        [
                            36.05472222222222,
                            55.65983333333333
                        ],
                        [
                            36.057138888888886,
                            55.66283333333333
                        ]
                    ]
                ]
            },
            "properties": {
                "description": "\u0420\u0443\u0437\u0441\u043a\u0438\u0439 \u0433\u043e\u0440\u043e\u0434\u0441\u043a\u043e\u0439 \u043e\u043a\u0440\u0443\u0433 -> \u0440\u0435\u043a\u0430 \u041f\u0430\u043b\u044c\u043d\u0430: \u0432 \u0433\u0440\u0430\u043d\u0438\u0446\u0430\u0445 \u0434\u0435\u0440\u0435\u0432\u043d\u0438 \u041a\u043e\u043d\u0441\u0442\u0430\u043d\u0442\u0438\u043d\u043e\u0432\u043e:"
            }
        },
        {
            "type": "Feature",
            "geometry": {
                "type": "Polygon",
                "coordinates": [
                    [
                        [
                            36.413916666666665,
                            55.63666666666666
                        ],
                        [
                            36.430027777777774,
                            55.63194444444444
                        ],
                        [
                            36.413916666666665,
                            55.63666666666666
                        ]
                    ]
                ]
            },
            "properties": {
                "description": "\u0420\u0443\u0437\u0441\u043a\u0438\u0439 \u0433\u043e\u0440\u043e\u0434\u0441\u043a\u043e\u0439 \u043e\u043a\u0440\u0443\u0433 -> \u0440\u0435\u043a\u0430 \u042f\u043a\u043e\u0432\u043b\u0435\u043d\u043a\u0430: \u0432 \u0433\u0440\u0430\u043d\u0438\u0446\u0430\u0445 \u0434\u0435\u0440\u0435\u0432\u043d\u0438 \u041c\u043e\u0440\u0435\u0432\u043e:"
            }
        },
        {
            "type": "Feature",
            "geometry": {
                "type": "Polygon",
                "coordinates": [
                    [
                        [
                            36.43058333333333,
                            55.63188888888889
                        ],
                        [
                            36.431527777777774,
                            55.62475
                        ],
                        [
                            36.43058333333333,
                            55.63188888888889
                        ]
                    ]
                ]
            },
            "properties": {
                "description": "\u0420\u0443\u0437\u0441\u043a\u0438\u0439 \u0433\u043e\u0440\u043e\u0434\u0441\u043a\u043e\u0439 \u043e\u043a\u0440\u0443\u0433 -> \u0440\u0435\u043a\u0430 \u042f\u043a\u043e\u0432\u043b\u0435\u043d\u043a\u0430: \u0432 \u0433\u0440\u0430\u043d\u0438\u0446\u0430\u0445 \u0434\u0435\u0440\u0435\u0432\u043d\u0438 \u041c\u043e\u043b\u043e\u0434\u0438\u043a\u043e\u0432\u043e:"
            }
        },
        {
            "type": "Feature",
            "geometry": {
                "type": "Polygon",
                "coordinates": [
                    [
                        [
                            36.385333333333335,
                            55.92791666666666
                        ],
                        [
                            36.36775,
                            55.92444444444444
                        ],
                        [
                            36.385333333333335,
                            55.92791666666666
                        ]
                    ]
                ]
            },
            "properties": {
                "description": "\u0420\u0443\u0437\u0441\u043a\u0438\u0439 \u0433\u043e\u0440\u043e\u0434\u0441\u043a\u043e\u0439 \u043e\u043a\u0440\u0443\u0433 -> \u0440\u0435\u043a\u0430 \u0420\u0430\u0441\u0441\u043e\u0445\u0430: \u0432 \u0433\u0440\u0430\u043d\u0438\u0446\u0430\u0445 \u0434\u0435\u0440\u0435\u0432\u043d\u0438 \u0421\u043a\u0438\u0440\u043c\u0430\u043d\u043e\u0432\u043e:"
            }
        },
        {
            "type": "Feature",
            "geometry": {
                "type": "Polygon",
                "coordinates": [
                    [
                        [
                            36.19472222222222,
                            55.91788888888889
                        ],
                        [
                            36.22822222222222,
                            55.91155555555555
                        ],
                        [
                            36.19472222222222,
                            55.91788888888889
                        ]
                    ]
                ]
            },
            "properties": {
                "description": "\u0420\u0443\u0437\u0441\u043a\u0438\u0439 \u0433\u043e\u0440\u043e\u0434\u0441\u043a\u043e\u0439 \u043e\u043a\u0440\u0443\u0433 -> \u0440\u0435\u043a\u0430 \u0425\u043e\u0431\u043d\u044f: \u0432 \u0433\u0440\u0430\u043d\u0438\u0446\u0430\u0445 \u0434\u0435\u0440\u0435\u0432\u043d\u0438 \u041f\u0440\u0438\u0442\u044b\u043a\u0438\u043d\u043e:"
            }
        },
        {
            "type": "Feature",
            "geometry": {
                "type": "Polygon",
                "coordinates": [
                    [
                        [
                            36.4955,
                            55.67358333333333
                        ],
                        [
                            36.50541666666667,
                            55.66788888888889
                        ],
                        [
                            36.4955,
                            55.67358333333333
                        ]
                    ]
                ]
            },
            "properties": {
                "description": "\u0420\u0443\u0437\u0441\u043a\u0438\u0439 \u0433\u043e\u0440\u043e\u0434\u0441\u043a\u043e\u0439 \u043e\u043a\u0440\u0443\u0433 -> \u0440\u0435\u043a\u0430 \u0413\u043d\u0438\u043b\u0443\u0448\u0430: \u0432 \u0433\u0440\u0430\u043d\u0438\u0446\u0430\u0445 \u0434\u0435\u0440\u0435\u0432\u043d\u0438 \u041d\u0435\u0432\u0435\u0440\u043e\u0432\u043e:"
            }
        },
        {
            "type": "Feature",
            "geometry": {
                "type": "Polygon",
                "coordinates": [
                    [
                        [
                            36.42947222222222,
                            55.46877777777778
                        ],
                        [
                            36.44130555555555,
                            55.47327777777778
                        ],
                        [
                            36.42947222222222,
                            55.46877777777778
                        ]
                    ]
                ]
            },
            "properties": {
                "description": "\u0420\u0443\u0437\u0441\u043a\u0438\u0439 \u0433\u043e\u0440\u043e\u0434\u0441\u043a\u043e\u0439 \u043e\u043a\u0440\u0443\u0433 -> \u0440\u0435\u043a\u0430 \u041b\u043e\u0445\u043d\u044f: \u0432 \u0433\u0440\u0430\u043d\u0438\u0446\u0430\u0445 \u0434\u0435\u0440\u0435\u0432\u043d\u0438 \u042e\u043c\u0430\u0442\u043e\u0432\u043e:"
            }
        },
        {
            "type": "Feature",
            "geometry": {
                "type": "Polygon",
                "coordinates": [
                    [
                        [
                            36.56830555555556,
                            55.64225
                        ],
                        [
                            36.55566666666667,
                            55.64577777777778
                        ],
                        [
                            36.56830555555556,
                            55.64225
                        ]
                    ]
                ]
            },
            "properties": {
                "description": "\u0420\u0443\u0437\u0441\u043a\u0438\u0439 \u0433\u043e\u0440\u043e\u0434\u0441\u043a\u043e\u0439 \u043e\u043a\u0440\u0443\u0433 -> \u0440\u0435\u043a\u0430 \u041f\u043e\u043d\u043e\u0448\u0430: \u0432 \u0433\u0440\u0430\u043d\u0438\u0446\u0430\u0445 \u0434\u0435\u0440\u0435\u0432\u043d\u0438 \u0410\u043b\u0442\u044b\u043d\u043e\u0432\u043e:"
            }
        },
        {
            "type": "Feature",
            "geometry": {
                "type": "Polygon",
                "coordinates": [
                    [
                        [
                            36.51761111111111,
                            55.69147222222222
                        ],
                        [
                            36.52436111111111,
                            55.67722222222222
                        ],
                        [
                            36.51761111111111,
                            55.69147222222222
                        ]
                    ]
                ]
            },
            "properties": {
                "description": "\u0420\u0443\u0437\u0441\u043a\u0438\u0439 \u0433\u043e\u0440\u043e\u0434\u0441\u043a\u043e\u0439 \u043e\u043a\u0440\u0443\u0433 -> \u0440\u0435\u043a\u0430 \u041f\u043e\u043d\u043e\u0448\u0430: \u0432 \u0433\u0440\u0430\u043d\u0438\u0446\u0430\u0445 \u0434\u0435\u0440\u0435\u0432\u043d\u0438 \u0410\u043f\u0430\u043b\u044c\u0449\u0438\u043d\u043e:"
            }
        },
        {
            "type": "Feature",
            "geometry": {
                "type": "Polygon",
                "coordinates": [
                    [
                        [
                            36.79263888888889,
                            55.794444444444444
                        ],
                        [
                            36.79322222222222,
                            55.794888888888885
                        ],
                        [
                            36.79263888888889,
                            55.794444444444444
                        ]
                    ]
                ]
            },
            "properties": {
                "description": "\u0420\u0443\u0437\u0441\u043a\u0438\u0439 \u0433\u043e\u0440\u043e\u0434\u0441\u043a\u043e\u0439 \u043e\u043a\u0440\u0443\u0433 -> \u0440\u0435\u043a\u0430 \u0420\u0430\u0437\u0432\u0430\u0440\u043d\u044f: 50 \u043c \u0432\u0432\u0435\u0440\u0445 \u043f\u043e \u0442\u0435\u0447\u0435\u043d\u0438\u044e \u043e\u0442 \u0443\u0441\u0442\u044c\u044f:"
            }
        },
        {
            "type": "Feature",
            "geometry": {
                "type": "Polygon",
                "coordinates": [
                    [
                        [
                            36.35641666666667,
                            55.44458333333333
                        ],
                        [
                            36.35641666666667,
                            55.44458333333333
                        ]
                    ]
                ]
            },
            "properties": {
                "description": "\u0420\u0443\u0437\u0441\u043a\u0438\u0439 \u0433\u043e\u0440\u043e\u0434\u0441\u043a\u043e\u0439 \u043e\u043a\u0440\u0443\u0433 -> \u0440\u0435\u043a\u0430 \u0413\u0430\u0432\u0440\u0438\u043b\u043e\u0432\u043a\u0430: \u0432 \u0433\u0440\u0430\u043d\u0438\u0446\u0430\u0445 \u0434\u0435\u0440\u0435\u0432\u043d\u0438 \u0421\u0442\u0430\u0440\u043e\u043d\u0438\u043a\u043e\u043b\u044c\u0441\u043a\u043e\u0435:"
            }
        },
        {
            "type": "Feature",
            "geometry": {
                "type": "Polygon",
                "coordinates": [
                    [
                        [
                            36.368916666666664,
                            55.471361111111115
                        ],
                        [
                            36.36588888888889,
                            55.46969444444445
                        ],
                        [
                            36.368916666666664,
                            55.471361111111115
                        ]
                    ]
                ]
            },
            "properties": {
                "description": "\u0420\u0443\u0437\u0441\u043a\u0438\u0439 \u0433\u043e\u0440\u043e\u0434\u0441\u043a\u043e\u0439 \u043e\u043a\u0440\u0443\u0433 -> \u0440\u0435\u043a\u0430 \u0413\u0430\u0432\u0440\u0438\u043b\u043e\u0432\u043a\u0430: \u0432 \u0433\u0440\u0430\u043d\u0438\u0446\u0430\u0445 \u0434\u0435\u0440\u0435\u0432\u043d\u0438 \u0413\u043e\u043b\u043e\u0432\u0438\u043d\u043a\u0430:"
            }
        },
        {
            "type": "Feature",
            "geometry": {
                "type": "Polygon",
                "coordinates": [
                    [
                        [
                            36.10161111111111,
                            55.81361111111111
                        ],
                        [
                            36.121805555555554,
                            55.80419444444444
                        ],
                        [
                            36.10161111111111,
                            55.81361111111111
                        ]
                    ]
                ]
            },
            "properties": {
                "description": "\u0420\u0443\u0437\u0441\u043a\u0438\u0439 \u0433\u043e\u0440\u043e\u0434\u0441\u043a\u043e\u0439 \u043e\u043a\u0440\u0443\u0433 -> \u0440\u0435\u043a\u0430 \u0425\u043b\u044b\u043d\u044c\u044f: \u0432 \u0433\u0440\u0430\u043d\u0438\u0446\u0430\u0445 \u0434\u0435\u0440\u0435\u0432\u043d\u0438 \u041f\u0430\u0445\u043e\u043c\u044c\u0435\u0432\u043e:"
            }
        },
        {
            "type": "Feature",
            "geometry": {
                "type": "Polygon",
                "coordinates": [
                    [
                        [
                            36.431777777777775,
                            55.913916666666665
                        ],
                        [
                            36.43286111111111,
                            55.91430555555555
                        ],
                        [
                            36.431777777777775,
                            55.913916666666665
                        ]
                    ]
                ]
            },
            "properties": {
                "description": "\u0420\u0443\u0437\u0441\u043a\u0438\u0439 \u0433\u043e\u0440\u043e\u0434\u0441\u043a\u043e\u0439 \u043e\u043a\u0440\u0443\u0433 -> \u0440\u0435\u043a\u0430 \u0411\u0443\u043b\u0430\u043d\u0438\u043d\u043a\u0430: \u0440\u0430\u0439\u043e\u043d \u0443\u0441\u0442\u044c\u044f (50 \u043c \u0432\u044b\u0448\u0435 \u0438 \u043d\u0438\u0436\u0435 \u043f\u043e \u0442\u0435\u0447\u0435\u043d\u0438\u044e \u043e\u0442 \u043c\u0435\u0441\u0442\u0430 \u0432\u043f\u0430\u0434\u0435\u043d\u0438\u044f):"
            }
        },
        {
            "type": "Feature",
            "geometry": {
                "type": "Polygon",
                "coordinates": [
                    [
                        [
                            36.98941666666667,
                            55.635666666666665
                        ],
                        [
                            36.98880555555556,
                            55.63630555555555
                        ],
                        [
                            36.98941666666667,
                            55.635666666666665
                        ]
                    ]
                ]
            },
            "properties": {
                "description": "\u0420\u0443\u0437\u0441\u043a\u0438\u0439 \u0433\u043e\u0440\u043e\u0434\u0441\u043a\u043e\u0439 \u043e\u043a\u0440\u0443\u0433 -> \u0440\u0435\u043a\u0430 \u0417\u0430\u0445\u0430\u0440\u043e\u0432\u043a\u0430: \u0440\u0430\u0439\u043e\u043d \u0443\u0441\u0442\u044c\u044f (50 \u043c \u0432\u044b\u0448\u0435 \u0438 \u043d\u0438\u0436\u0435 \u043f\u043e \u0442\u0435\u0447\u0435\u043d\u0438\u044e \u043e\u0442 \u043c\u0435\u0441\u0442\u0430 \u0432\u043f\u0430\u0434\u0435\u043d\u0438\u044f):"
            }
        },
        {
            "type": "Feature",
            "geometry": {
                "type": "Polygon",
                "coordinates": [
                    [
                        [
                            36.583083333333335,
                            55.64525
                        ],
                        [
                            36.59491666666667,
                            55.64561111111111
                        ],
                        [
                            36.60655555555556,
                            55.64575
                        ],
                        [
                            36.618722222222225,
                            55.648472222222225
                        ],
                        [
                            36.583083333333335,
                            55.64525
                        ]
                    ]
                ]
            },
            "properties": {
                "description": "\u0420\u0443\u0437\u0441\u043a\u0438\u0439 \u0433\u043e\u0440\u043e\u0434\u0441\u043a\u043e\u0439 \u043e\u043a\u0440\u0443\u0433 -> \u0440\u0435\u043a\u0430 \u041c\u043e\u0441\u043a\u0432\u0430: \u0440\u0430\u0439\u043e\u043d \u0434\u0435\u0440\u0435\u0432\u043d\u0438 \u041d\u0438\u043a\u0438\u0444\u043e\u0440\u043e\u0432\u0441\u043a\u043e\u0435:"
            }
        },
        {
            "type": "Feature",
            "geometry": {
                "type": "Polygon",
                "coordinates": [
                    [
                        [
                            36.622194444444446,
                            55.65097222222222
                        ],
                        [
                            36.62561111111111,
                            55.65236111111111
                        ],
                        [
                            36.632,
                            55.65136111111111
                        ],
                        [
                            36.63608333333333,
                            55.653638888888885
                        ],
                        [
                            36.622194444444446,
                            55.65097222222222
                        ]
                    ]
                ]
            },
            "properties": {
                "description": "\u0420\u0443\u0437\u0441\u043a\u0438\u0439 \u0433\u043e\u0440\u043e\u0434\u0441\u043a\u043e\u0439 \u043e\u043a\u0440\u0443\u0433 -> \u0440\u0435\u043a\u0430 \u041c\u043e\u0441\u043a\u0432\u0430: \u0440\u0430\u0439\u043e\u043d \u0434\u0435\u0440\u0435\u0432\u043d\u0438 \u0412\u043b\u0430\u0441\u043e\u0432\u043e:"
            }
        },
        {
            "type": "Feature",
            "geometry": {
                "type": "Polygon",
                "coordinates": [
                    [
                        [
                            36.72844444444445,
                            55.70388888888889
                        ],
                        [
                            36.747972222222224,
                            55.706361111111114
                        ],
                        [
                            36.76294444444444,
                            55.71205555555556
                        ],
                        [
                            36.75791666666667,
                            55.715833333333336
                        ],
                        [
                            36.72844444444445,
                            55.70388888888889
                        ]
                    ]
                ]
            },
            "properties": {
                "description": "\u0420\u0443\u0437\u0441\u043a\u0438\u0439 \u0433\u043e\u0440\u043e\u0434\u0441\u043a\u043e\u0439 \u043e\u043a\u0440\u0443\u0433 -> \u0440\u0435\u043a\u0430 \u041c\u043e\u0441\u043a\u0432\u0430: \u0440\u0430\u0439\u043e\u043d \u0434\u0435\u0440\u0435\u0432\u043d\u0438 \u0420\u044b\u0431\u0443\u0448\u043a\u0438\u043d\u043e:"
            }
        },
        {
            "type": "Feature",
            "geometry": {
                "type": "Polygon",
                "coordinates": [
                    [
                        [
                            36.19247222222222,
                            55.62002777777778
                        ],
                        [
                            36.20086111111112,
                            55.623222222222225
                        ],
                        [
                            36.20952777777778,
                            55.626111111111115
                        ],
                        [
                            36.21575,
                            55.62855555555556
                        ],
                        [
                            36.19247222222222,
                            55.62002777777778
                        ]
                    ]
                ]
            },
            "properties": {
                "description": "\u0420\u0443\u0437\u0441\u043a\u0438\u0439 \u0433\u043e\u0440\u043e\u0434\u0441\u043a\u043e\u0439 \u043e\u043a\u0440\u0443\u0433 -> \u0440\u0435\u043a\u0430 \u041c\u043e\u0441\u043a\u0432\u0430: \u0440\u0430\u0439\u043e\u043d \u0434\u0435\u0440\u0435\u0432\u043d\u0438 \u041f\u043e\u043b\u0443\u044d\u043a\u0442\u043e\u0432\u043e:"
            }
        },
        {
            "type": "Feature",
            "geometry": {
                "type": "Polygon",
                "coordinates": [
                    [
                        [
                            36.59077777777778,
                            55.61875
                        ],
                        [
                            36.58280555555556,
                            55.61980555555556
                        ],
                        [
                            36.578500000000005,
                            55.62222222222222
                        ],
                        [
                            36.57061111111111,
                            55.6255
                        ],
                        [
                            36.59077777777778,
                            55.61875
                        ]
                    ]
                ]
            },
            "properties": {
                "description": "\u0420\u0443\u0437\u0441\u043a\u0438\u0439 \u0433\u043e\u0440\u043e\u0434\u0441\u043a\u043e\u0439 \u043e\u043a\u0440\u0443\u0433 -> \u0440\u0435\u043a\u0430 \u041c\u043e\u0441\u043a\u0432\u0430: \u0440\u0430\u0439\u043e\u043d \u0434\u0435\u0440\u0435\u0432\u043d\u0438 \u0410\u0433\u0430\u0444\u043e\u043d\u043e\u0432\u043e:"
            }
        },
        {
            "type": "Feature",
            "geometry": {
                "type": "Polygon",
                "coordinates": [
                    [
                        [
                            36.17497222222222,
                            55.612972222222226
                        ],
                        [
                            36.18205555555555,
                            55.614361111111116
                        ],
                        [
                            36.18655555555555,
                            55.61625
                        ],
                        [
                            36.19161111111111,
                            55.61877777777778
                        ],
                        [
                            36.17497222222222,
                            55.612972222222226
                        ]
                    ]
                ]
            },
            "properties": {
                "description": "\u0420\u0443\u0437\u0441\u043a\u0438\u0439 \u0433\u043e\u0440\u043e\u0434\u0441\u043a\u043e\u0439 \u043e\u043a\u0440\u0443\u0433 -> \u0440\u0435\u043a\u0430 \u041c\u043e\u0441\u043a\u0432\u0430: \u0440\u0430\u0439\u043e\u043d \u0434\u0435\u0440\u0435\u0432\u043d\u0438 \u041a\u043e\u0441\u0442\u0438\u043d\u043e:"
            }
        },
        {
            "type": "Feature",
            "geometry": {
                "type": "Polygon",
                "coordinates": [
                    [
                        [
                            36.227555555555554,
                            55.6205
                        ],
                        [
                            36.24047222222222,
                            55.620194444444444
                        ],
                        [
                            36.2465,
                            55.620583333333336
                        ],
                        [
                            36.227555555555554,
                            55.6205
                        ]
                    ]
                ]
            },
            "properties": {
                "description": "\u0420\u0443\u0437\u0441\u043a\u0438\u0439 \u0433\u043e\u0440\u043e\u0434\u0441\u043a\u043e\u0439 \u043e\u043a\u0440\u0443\u0433 -> \u0440\u0435\u043a\u0430 \u041c\u043e\u0441\u043a\u0432\u0430: \u0440\u0430\u0439\u043e\u043d \u0434\u0435\u0440\u0435\u0432\u043d\u0438 \u041a\u043e\u0436\u0438\u043d\u043e:"
            }
        },
        {
            "type": "Feature",
            "geometry": {
                "type": "Polygon",
                "coordinates": [
                    [
                        [
                            36.261694444444444,
                            55.62136111111111
                        ],
                        [
                            36.26327777777778,
                            55.62411111111111
                        ],
                        [
                            36.269,
                            55.62594444444444
                        ],
                        [
                            36.272888888888886,
                            55.626222222222225
                        ],
                        [
                            36.261694444444444,
                            55.62136111111111
                        ]
                    ]
                ]
            },
            "properties": {
                "description": "\u0420\u0443\u0437\u0441\u043a\u0438\u0439 \u0433\u043e\u0440\u043e\u0434\u0441\u043a\u043e\u0439 \u043e\u043a\u0440\u0443\u0433 -> \u0440\u0435\u043a\u0430 \u041c\u043e\u0441\u043a\u0432\u0430: \u0440\u0430\u0439\u043e\u043d \u0434\u0435\u0440\u0435\u0432\u043d\u0438 \u0422\u0438\u043c\u043e\u0444\u0435\u0435\u0432\u043e:"
            }
        },
        {
            "type": "Feature",
            "geometry": {
                "type": "Polygon",
                "coordinates": [
                    [
                        [
                            36.35647222222222,
                            55.62938888888889
                        ],
                        [
                            36.360055555555554,
                            55.628083333333336
                        ],
                        [
                            36.36333333333334,
                            55.62661111111111
                        ],
                        [
                            36.365833333333335,
                            55.624722222222225
                        ],
                        [
                            36.35647222222222,
                            55.62938888888889
                        ]
                    ]
                ]
            },
            "properties": {
                "description": "\u0420\u0443\u0437\u0441\u043a\u0438\u0439 \u0433\u043e\u0440\u043e\u0434\u0441\u043a\u043e\u0439 \u043e\u043a\u0440\u0443\u0433 -> \u0440\u0435\u043a\u0430 \u041c\u043e\u0441\u043a\u0432\u0430: \u0440\u0430\u0439\u043e\u043d \u0434\u0435\u0440\u0435\u0432\u043d\u0438 \u041a\u0440\u0430\u0441\u043e\u0442\u0438\u043d\u043e:"
            }
        },
        {
            "type": "Feature",
            "geometry": {
                "type": "Polygon",
                "coordinates": [
                    [
                        [
                            36.34466666666667,
                            55.63608333333333
                        ],
                        [
                            36.34547222222223,
                            55.63272222222222
                        ],
                        [
                            36.34991666666667,
                            55.62991666666667
                        ],
                        [
                            36.34991666666667,
                            55.62991666666667
                        ],
                        [
                            36.34466666666667,
                            55.63608333333333
                        ]
                    ]
                ]
            },
            "properties": {
                "description": "\u0420\u0443\u0437\u0441\u043a\u0438\u0439 \u0433\u043e\u0440\u043e\u0434\u0441\u043a\u043e\u0439 \u043e\u043a\u0440\u0443\u0433 -> \u0440\u0435\u043a\u0430 \u041c\u043e\u0441\u043a\u0432\u0430: \u0440\u0430\u0439\u043e\u043d \u0434\u0435\u0440\u0435\u0432\u043d\u0438 \u0416\u0438\u0433\u0430\u043d\u043e\u0432\u043e:"
            }
        },
        {
            "type": "Feature",
            "geometry": {
                "type": "Polygon",
                "coordinates": [
                    [
                        [
                            36.31205555555555,
                            55.62852777777778
                        ],
                        [
                            36.3215,
                            55.62661111111111
                        ],
                        [
                            36.32405555555556,
                            55.63638888888889
                        ],
                        [
                            36.32405555555556,
                            55.64369444444444
                        ],
                        [
                            36.31205555555555,
                            55.62852777777778
                        ]
                    ]
                ]
            },
            "properties": {
                "description": "\u0420\u0443\u0437\u0441\u043a\u0438\u0439 \u0433\u043e\u0440\u043e\u0434\u0441\u043a\u043e\u0439 \u043e\u043a\u0440\u0443\u0433 -> \u0440\u0435\u043a\u0430 \u041c\u043e\u0441\u043a\u0432\u0430: \u0440\u0430\u0439\u043e\u043d \u043f\u043e\u0441\u0435\u043b\u043a\u0430 \u0421\u0442\u0430\u0440\u0430\u044f \u0420\u0443\u0437\u0430:"
            }
        },
        {
            "type": "Feature",
            "geometry": {
                "type": "Polygon",
                "coordinates": [
                    [
                        [
                            36.28991666666666,
                            55.62719444444444
                        ],
                        [
                            36.29211111111111,
                            55.629444444444445
                        ],
                        [
                            36.3,
                            55.627722222222225
                        ],
                        [
                            36.307249999999996,
                            55.629305555555554
                        ],
                        [
                            36.28991666666666,
                            55.62719444444444
                        ]
                    ]
                ]
            },
            "properties": {
                "description": "\u0420\u0443\u0437\u0441\u043a\u0438\u0439 \u0433\u043e\u0440\u043e\u0434\u0441\u043a\u043e\u0439 \u043e\u043a\u0440\u0443\u0433 -> \u0440\u0435\u043a\u0430 \u041c\u043e\u0441\u043a\u0432\u0430: \u0432 \u0440\u0430\u0439\u043e\u043d\u0435 \u0432\u043e\u0439\u0441\u043a\u043e\u0432\u043e\u0439 \u0447\u0430\u0441\u0442\u0438 \u0434\u0435\u0440\u0435\u0432\u043d\u0438 \u0423\u0441\u0442\u044c\u0435:"
            }
        },
        {
            "type": "Feature",
            "geometry": {
                "type": "Polygon",
                "coordinates": [
                    [
                        [
                            36.36855555555556,
                            55.621805555555554
                        ],
                        [
                            36.36944444444445,
                            55.61825
                        ],
                        [
                            36.376,
                            55.617111111111114
                        ],
                        [
                            36.380833333333335,
                            55.62122222222222
                        ],
                        [
                            36.36855555555556,
                            55.621805555555554
                        ]
                    ]
                ]
            },
            "properties": {
                "description": "\u0420\u0443\u0437\u0441\u043a\u0438\u0439 \u0433\u043e\u0440\u043e\u0434\u0441\u043a\u043e\u0439 \u043e\u043a\u0440\u0443\u0433 -> \u0440\u0435\u043a\u0430 \u041c\u043e\u0441\u043a\u0432\u0430: \u0440\u0430\u0439\u043e\u043d \u0434\u0435\u0440\u0435\u0432\u043d\u0438 \u041e\u0436\u0438\u0433\u043e\u0432\u043e:"
            }
        },
        {
            "type": "Feature",
            "geometry": {
                "type": "Polygon",
                "coordinates": [
                    [
                        [
                            36.403777777777776,
                            55.623916666666666
                        ],
                        [
                            36.40833333333333,
                            55.62122222222222
                        ],
                        [
                            36.41166666666666,
                            55.619277777777775
                        ],
                        [
                            36.403777777777776,
                            55.623916666666666
                        ]
                    ]
                ]
            },
            "properties": {
                "description": "\u0420\u0443\u0437\u0441\u043a\u0438\u0439 \u0433\u043e\u0440\u043e\u0434\u0441\u043a\u043e\u0439 \u043e\u043a\u0440\u0443\u0433 -> \u0440\u0435\u043a\u0430 \u041c\u043e\u0441\u043a\u0432\u0430: \u0440\u0430\u0439\u043e\u043d \u0434\u0435\u0440\u0435\u0432\u043d\u0438 \u0425\u0440\u0443\u0449\u0435\u0432\u043e:"
            }
        },
        {
            "type": "Feature",
            "geometry": {
                "type": "Polygon",
                "coordinates": [
                    [
                        [
                            36.42652777777778,
                            55.60830555555556
                        ],
                        [
                            36.42838888888889,
                            55.607194444444445
                        ],
                        [
                            36.4315,
                            55.60622222222222
                        ],
                        [
                            36.43508333333333,
                            55.60597222222222
                        ],
                        [
                            36.42652777777778,
                            55.60830555555556
                        ]
                    ]
                ]
            },
            "properties": {
                "description": "\u0420\u0443\u0437\u0441\u043a\u0438\u0439 \u0433\u043e\u0440\u043e\u0434\u0441\u043a\u043e\u0439 \u043e\u043a\u0440\u0443\u0433 -> \u0440\u0435\u043a\u0430 \u041c\u043e\u0441\u043a\u0432\u0430: \u0440\u0430\u0439\u043e\u043d \u0434\u0435\u0440\u0435\u0432\u043d\u0438 \u041c\u0430\u0440\u0441:"
            }
        },
        {
            "type": "Feature",
            "geometry": {
                "type": "Polygon",
                "coordinates": [
                    [
                        [
                            36.883805555555554,
                            55.714555555555556
                        ],
                        [
                            36.89180555555556,
                            55.71752777777778
                        ],
                        [
                            36.89230555555555,
                            55.72175
                        ],
                        [
                            36.88713888888889,
                            55.72652777777778
                        ],
                        [
                            36.883805555555554,
                            55.714555555555556
                        ]
                    ]
                ]
            },
            "properties": {
                "description": "\u0420\u0443\u0437\u0441\u043a\u0438\u0439 \u0433\u043e\u0440\u043e\u0434\u0441\u043a\u043e\u0439 \u043e\u043a\u0440\u0443\u0433 -> \u0440\u0435\u043a\u0430 \u041c\u043e\u0441\u043a\u0432\u0430: \u0440\u0430\u0439\u043e\u043d \u0434\u0435\u0440\u0435\u0432\u043d\u0438 \u041f\u043e\u0440\u0435\u0447\u044c\u0435:"
            }
        },
        {
            "type": "Feature",
            "geometry": {
                "type": "Polygon",
                "coordinates": [
                    [
                        [
                            36.49455555555556,
                            55.62269444444445
                        ],
                        [
                            36.49852777777778,
                            55.621138888888886
                        ],
                        [
                            36.50152777777778,
                            55.61844444444444
                        ],
                        [
                            36.505944444444445,
                            55.617805555555556
                        ],
                        [
                            36.49455555555556,
                            55.62269444444445
                        ]
                    ]
                ]
            },
            "properties": {
                "description": "\u0420\u0443\u0437\u0441\u043a\u0438\u0439 \u0433\u043e\u0440\u043e\u0434\u0441\u043a\u043e\u0439 \u043e\u043a\u0440\u0443\u0433 -> \u0440\u0435\u043a\u0430 \u041c\u043e\u0441\u043a\u0432\u0430: \u0440\u0430\u0439\u043e\u043d \u0434\u0435\u0440\u0435\u0432\u043d\u0438 \u041b\u0430\u0434\u044b\u0433\u0438\u043d\u043e:"
            }
        },
        {
            "type": "Feature",
            "geometry": {
                "type": "Polygon",
                "coordinates": [
                    [
                        [
                            36.512972222222224,
                            55.61558333333333
                        ],
                        [
                            36.5125,
                            55.60852777777778
                        ],
                        [
                            36.51013888888889,
                            55.605472222222225
                        ],
                        [
                            36.512972222222224,
                            55.61558333333333
                        ]
                    ]
                ]
            },
            "properties": {
                "description": "\u0420\u0443\u0437\u0441\u043a\u0438\u0439 \u0433\u043e\u0440\u043e\u0434\u0441\u043a\u043e\u0439 \u043e\u043a\u0440\u0443\u0433 -> \u0440\u0435\u043a\u0430 \u041c\u043e\u0441\u043a\u0432\u0430: \u0440\u0430\u0439\u043e\u043d \u0434\u0435\u0440\u0435\u0432\u043d\u0438 \u0410\u0440\u0442\u044e\u0445\u0438\u043d\u043e:"
            }
        },
        {
            "type": "Feature",
            "geometry": {
                "type": "Polygon",
                "coordinates": [
                    [
                        [
                            36.511583333333334,
                            55.60411111111111
                        ],
                        [
                            36.516444444444446,
                            55.603611111111114
                        ],
                        [
                            36.522666666666666,
                            55.60480555555556
                        ],
                        [
                            36.527833333333334,
                            55.60647222222222
                        ],
                        [
                            36.511583333333334,
                            55.60411111111111
                        ]
                    ]
                ]
            },
            "properties": {
                "description": "\u0420\u0443\u0437\u0441\u043a\u0438\u0439 \u0433\u043e\u0440\u043e\u0434\u0441\u043a\u043e\u0439 \u043e\u043a\u0440\u0443\u0433 -> \u0440\u0435\u043a\u0430 \u041c\u043e\u0441\u043a\u0432\u0430: \u0440\u0430\u0439\u043e\u043d \u0434\u0435\u0440\u0435\u0432\u043d\u0438 \u0421\u043e\u043d\u0438\u043d\u043e:"
            }
        },
        {
            "type": "Feature",
            "geometry": {
                "type": "Polygon",
                "coordinates": [
                    [
                        [
                            36.52963888888889,
                            55.60677777777778
                        ],
                        [
                            36.532944444444446,
                            55.60711111111111
                        ],
                        [
                            36.536249999999995,
                            55.60725
                        ],
                        [
                            36.54058333333333,
                            55.60669444444444
                        ],
                        [
                            36.52963888888889,
                            55.60677777777778
                        ]
                    ]
                ]
            },
            "properties": {
                "description": "\u0420\u0443\u0437\u0441\u043a\u0438\u0439 \u0433\u043e\u0440\u043e\u0434\u0441\u043a\u043e\u0439 \u043e\u043a\u0440\u0443\u0433 -> \u0440\u0435\u043a\u0430 \u041c\u043e\u0441\u043a\u0432\u0430: \u0440\u0430\u0439\u043e\u043d \u0434\u0435\u0440\u0435\u0432\u043d\u0438 \u0413\u0440\u0438\u0433\u043e\u0440\u043e\u0432\u043e:"
            }
        },
        {
            "type": "Feature",
            "geometry": {
                "type": "Polygon",
                "coordinates": [
                    [
                        [
                            36.56633333333333,
                            55.62863888888889
                        ],
                        [
                            36.563916666666664,
                            55.630583333333334
                        ],
                        [
                            36.56355555555555,
                            55.63238888888889
                        ],
                        [
                            36.56794444444445,
                            55.635305555555554
                        ],
                        [
                            36.56633333333333,
                            55.62863888888889
                        ]
                    ]
                ]
            },
            "properties": {
                "description": "\u0420\u0443\u0437\u0441\u043a\u0438\u0439 \u0433\u043e\u0440\u043e\u0434\u0441\u043a\u043e\u0439 \u043e\u043a\u0440\u0443\u0433 -> \u0440\u0435\u043a\u0430 \u041c\u043e\u0441\u043a\u0432\u0430: \u0440\u0430\u0439\u043e\u043d \u043f\u043e\u0441\u0435\u043b\u043a\u0430 \u0434\u043e\u043c\u0430 \u043e\u0442\u0434\u044b\u0445\u0430 \"\u0422\u0443\u0447\u043a\u043e\u0432\u043e\":"
            }
        },
        {
            "type": "Feature",
            "geometry": {
                "type": "Polygon",
                "coordinates": [
                    [
                        [
                            36.56861111111112,
                            55.603722222222224
                        ],
                        [
                            36.57555555555556,
                            55.60475
                        ],
                        [
                            36.58141666666667,
                            55.60633333333333
                        ],
                        [
                            36.58819444444445,
                            55.60922222222222
                        ],
                        [
                            36.56861111111112,
                            55.603722222222224
                        ]
                    ]
                ]
            },
            "properties": {
                "description": "\u0420\u0443\u0437\u0441\u043a\u0438\u0439 \u0433\u043e\u0440\u043e\u0434\u0441\u043a\u043e\u0439 \u043e\u043a\u0440\u0443\u0433 -> \u0440\u0435\u043a\u0430 \u041c\u043e\u0441\u043a\u0432\u0430: \u0440\u0430\u0439\u043e\u043d \u0434\u0435\u0440\u0435\u0432\u043d\u0438 \u0412\u0430\u0441\u0438\u043b\u044c\u0435\u0432\u0441\u043a\u043e\u0435:"
            }
        },
        {
            "type": "Feature",
            "geometry": {
                "type": "Polygon",
                "coordinates": [
                    [
                        [
                            36.498083333333334,
                            55.56205555555555
                        ],
                        [
                            36.52305555555555,
                            55.57383333333334
                        ],
                        [
                            36.498083333333334,
                            55.56205555555555
                        ]
                    ]
                ]
            },
            "properties": {
                "description": "\u041e\u0434\u0438\u043d\u0446\u043e\u0432\u0441\u043a\u0438\u0439 \u0433\u043e\u0440\u043e\u0434\u0441\u043a\u043e\u0439 \u043e\u043a\u0440\u0443\u0433 -> \u0440\u0435\u043a\u0430 \u041f\u043e\u043b\u044c\u0433\u0430: \u0432 \u0433\u0440\u0430\u043d\u0438\u0446\u0430\u0445 \u0434\u0435\u0440\u0435\u0432\u0435\u043d\u044c \u0414\u0443\u0431\u043a\u0438, \u041a\u0440\u044b\u043c\u0441\u043a\u043e\u0435:"
            }
        },
        {
            "type": "Feature",
            "geometry": {
                "type": "Polygon",
                "coordinates": [
                    [
                        [
                            36.846000000000004,
                            55.637
                        ],
                        [
                            36.85769444444445,
                            55.64113888888889
                        ],
                        [
                            36.846000000000004,
                            55.637
                        ]
                    ]
                ]
            },
            "properties": {
                "description": "\u041e\u0434\u0438\u043d\u0446\u043e\u0432\u0441\u043a\u0438\u0439 \u0433\u043e\u0440\u043e\u0434\u0441\u043a\u043e\u0439 \u043e\u043a\u0440\u0443\u0433 -> \u0440\u0435\u043a\u0430 \u041d\u0430\u0445\u0430\u0431\u0438\u043d\u043a\u0430: \u0432 \u0433\u0440\u0430\u043d\u0438\u0446\u0430\u0445 \u0434\u0435\u0440\u0435\u0432\u043d\u0438 \u0411\u0440\u0435\u0445\u043e\u0432\u043e:"
            }
        },
        {
            "type": "Feature",
            "geometry": {
                "type": "Polygon",
                "coordinates": [
                    [
                        [
                            36.85963888888889,
                            55.69105555555555
                        ],
                        [
                            36.8585,
                            55.69697222222222
                        ],
                        [
                            36.86719444444444,
                            55.71094444444445
                        ],
                        [
                            36.86808333333333,
                            55.71125
                        ],
                        [
                            36.86727777777778,
                            55.71136111111112
                        ],
                        [
                            36.85963888888889,
                            55.69105555555555
                        ]
                    ]
                ]
            },
            "properties": {
                "description": "\u041e\u0434\u0438\u043d\u0446\u043e\u0432\u0441\u043a\u0438\u0439 \u0433\u043e\u0440\u043e\u0434\u0441\u043a\u043e\u0439 \u043e\u043a\u0440\u0443\u0433 -> \u0440\u0435\u043a\u0430 \u041d\u0430\u0445\u0430\u0431\u0438\u043d\u043a\u0430: \u0432 \u0433\u0440\u0430\u043d\u0438\u0446\u0430\u0445 \u0434\u0435\u0440\u0435\u0432\u043d\u0438 \u041a\u043b\u043e\u043f\u043e\u0432\u043e:"
            }
        },
        {
            "type": "Feature",
            "geometry": {
                "type": "Polygon",
                "coordinates": [
                    [
                        [
                            36.86625,
                            55.67505555555555
                        ],
                        [
                            36.85766666666667,
                            55.683166666666665
                        ],
                        [
                            36.86625,
                            55.67505555555555
                        ]
                    ]
                ]
            },
            "properties": {
                "description": "\u041e\u0434\u0438\u043d\u0446\u043e\u0432\u0441\u043a\u0438\u0439 \u0433\u043e\u0440\u043e\u0434\u0441\u043a\u043e\u0439 \u043e\u043a\u0440\u0443\u0433 -> \u0440\u0435\u043a\u0430 \u041d\u0430\u0445\u0430\u0431\u0438\u043d\u043a\u0430: \u0432 \u0433\u0440\u0430\u043d\u0438\u0446\u0430\u0445 \u0434\u0435\u0440\u0435\u0432\u043d\u0438 \u041a\u043e\u0431\u044f\u043a\u043e\u0432\u043e:"
            }
        },
        {
            "type": "Feature",
            "geometry": {
                "type": "Polygon",
                "coordinates": [
                    [
                        [
                            36.871805555555554,
                            55.65011111111111
                        ],
                        [
                            36.87788888888889,
                            55.66016666666667
                        ],
                        [
                            36.871805555555554,
                            55.65011111111111
                        ]
                    ]
                ]
            },
            "properties": {
                "description": "\u041e\u0434\u0438\u043d\u0446\u043e\u0432\u0441\u043a\u0438\u0439 \u0433\u043e\u0440\u043e\u0434\u0441\u043a\u043e\u0439 \u043e\u043a\u0440\u0443\u0433 -> \u0440\u0435\u043a\u0430 \u041d\u0430\u0445\u0430\u0431\u0438\u043d\u043a\u0430: \u0432 \u0433\u0440\u0430\u043d\u0438\u0446\u0430\u0445 \u0434\u0435\u0440\u0435\u0432\u043d\u0438 \u0411\u043e\u0433\u043e\u0447\u0435\u0432\u043e:"
            }
        },
        {
            "type": "Feature",
            "geometry": {
                "type": "Polygon",
                "coordinates": [
                    [
                        [
                            36.704527777777784,
                            55.70488888888889
                        ],
                        [
                            36.688111111111105,
                            55.718805555555555
                        ],
                        [
                            36.704527777777784,
                            55.70488888888889
                        ]
                    ]
                ]
            },
            "properties": {
                "description": "\u041e\u0434\u0438\u043d\u0446\u043e\u0432\u0441\u043a\u0438\u0439 \u0433\u043e\u0440\u043e\u0434\u0441\u043a\u043e\u0439 \u043e\u043a\u0440\u0443\u0433 -> \u0440\u0435\u043a\u0430 \u041c\u043e\u043b\u043e\u0434\u043d\u044f (\u041c\u043e\u043b\u043e\u0434\u0435\u043b\u044c\u043d\u044f): \u0432 \u0433\u0440\u0430\u043d\u0438\u0446\u0430\u0445 \u0434\u0435\u0440\u0435\u0432\u043d\u0438 \u041a\u0430\u0440\u0435\u043d\u0441\u043a\u043e\u0435:"
            }
        },
        {
            "type": "Feature",
            "geometry": {
                "type": "Polygon",
                "coordinates": [
                    [
                        [
                            36.58797222222223,
                            55.75925
                        ],
                        [
                            36.60966666666667,
                            55.76719444444444
                        ],
                        [
                            36.58797222222223,
                            55.75925
                        ]
                    ]
                ]
            },
            "properties": {
                "description": "\u041e\u0434\u0438\u043d\u0446\u043e\u0432\u0441\u043a\u0438\u0439 \u0433\u043e\u0440\u043e\u0434\u0441\u043a\u043e\u0439 \u043e\u043a\u0440\u0443\u0433 -> \u0440\u0435\u043a\u0430 \u041c\u043e\u043b\u043e\u0434\u043d\u044f (\u041c\u043e\u043b\u043e\u0434\u0435\u043b\u044c\u043d\u044f): \u0432 \u0433\u0440\u0430\u043d\u0438\u0446\u0430\u0445 \u0434\u0435\u0440\u0435\u0432\u043d\u0438 \u0410\u043d\u0434\u0440\u0435\u0435\u0432\u0441\u043a\u043e\u0435:"
            }
        },
        {
            "type": "Feature",
            "geometry": {
                "type": "Polygon",
                "coordinates": [
                    [
                        [
                            36.63444444444444,
                            55.74827777777778
                        ],
                        [
                            36.651777777777774,
                            55.74319444444445
                        ],
                        [
                            36.70277777777778,
                            55.70241666666667
                        ],
                        [
                            36.70158333333334,
                            55.70288888888889
                        ],
                        [
                            36.63444444444444,
                            55.74827777777778
                        ]
                    ]
                ]
            },
            "properties": {
                "description": "\u041e\u0434\u0438\u043d\u0446\u043e\u0432\u0441\u043a\u0438\u0439 \u0433\u043e\u0440\u043e\u0434\u0441\u043a\u043e\u0439 \u043e\u043a\u0440\u0443\u0433 -> \u0440\u0435\u043a\u0430 \u041c\u043e\u043b\u043e\u0434\u043d\u044f (\u041c\u043e\u043b\u043e\u0434\u0435\u043b\u044c\u043d\u044f): \u0432 \u0433\u0440\u0430\u043d\u0438\u0446\u0430\u0445 \u0434\u0435\u0440\u0435\u0432\u043d\u0438 \u0425\u0430\u0443\u0441\u0442\u043e\u0432\u043e:"
            }
        },
        {
            "type": "Feature",
            "geometry": {
                "type": "Polygon",
                "coordinates": [
                    [
                        [
                            35.904694444444445,
                            56.0435
                        ],
                        [
                            35.90461111111111,
                            56.04355555555556
                        ],
                        [
                            35.90419444444444,
                            56.043166666666664
                        ],
                        [
                            35.90413888888889,
                            56.043166666666664
                        ],
                        [
                            35.904694444444445,
                            56.0435
                        ]
                    ]
                ]
            },
            "properties": {
                "description": "\u041e\u0434\u0438\u043d\u0446\u043e\u0432\u0441\u043a\u0438\u0439 \u0433\u043e\u0440\u043e\u0434\u0441\u043a\u043e\u0439 \u043e\u043a\u0440\u0443\u0433 -> \u0440\u0435\u043a\u0430 \u0421\u0435\u043b\u0435\u0441\u043d\u044f: 50 \u043c \u0432\u0432\u0435\u0440\u0445 \u043f\u043e \u0442\u0435\u0447\u0435\u043d\u0438\u044e \u043e\u0442 \u0443\u0441\u0442\u044c\u044f:"
            }
        },
        {
            "type": "Feature",
            "geometry": {
                "type": "Polygon",
                "coordinates": [
                    [
                        [
                            36.815777777777775,
                            55.724583333333335
                        ],
                        [
                            36.805527777777776,
                            55.731861111111115
                        ],
                        [
                            36.815777777777775,
                            55.724583333333335
                        ]
                    ]
                ]
            },
            "properties": {
                "description": "\u041e\u0434\u0438\u043d\u0446\u043e\u0432\u0441\u043a\u0438\u0439 \u0433\u043e\u0440\u043e\u0434\u0441\u043a\u043e\u0439 \u043e\u043a\u0440\u0443\u0433 -> \u0440\u0435\u043a\u0430 \u0421\u0442\u043e\u0440\u043e\u0436\u043a\u0430: \u0432 \u0433\u0440\u0430\u043d\u0438\u0446\u0430\u0445 \u0434\u0435\u0440\u0435\u0432\u043d\u0438 \u0421\u0430\u0432\u0432\u0438\u043d\u0441\u043a\u0430\u044f \u0421\u043b\u043e\u0431\u043e\u0434\u0430:"
            }
        },
        {
            "type": "Feature",
            "geometry": {
                "type": "Polygon",
                "coordinates": [
                    [
                        [
                            36.80336111111111,
                            55.76566666666667
                        ],
                        [
                            36.79991666666667,
                            55.77211111111111
                        ],
                        [
                            36.815666666666665,
                            55.72227777777778
                        ],
                        [
                            36.81594444444444,
                            55.72188888888889
                        ],
                        [
                            36.80336111111111,
                            55.76566666666667
                        ]
                    ]
                ]
            },
            "properties": {
                "description": "\u041e\u0434\u0438\u043d\u0446\u043e\u0432\u0441\u043a\u0438\u0439 \u0433\u043e\u0440\u043e\u0434\u0441\u043a\u043e\u0439 \u043e\u043a\u0440\u0443\u0433 -> \u0440\u0435\u043a\u0430 \u0421\u0442\u043e\u0440\u043e\u0436\u043a\u0430: \u0432 \u0433\u0440\u0430\u043d\u0438\u0446\u0430\u0445 \u0434\u0435\u0440\u0435\u0432\u043d\u0438 \u041a\u0430\u0440\u0430\u043b\u043e\u0432\u043e:"
            }
        },
        {
            "type": "Feature",
            "geometry": {
                "type": "Polygon",
                "coordinates": [
                    [
                        [
                            36.794694444444445,
                            55.78011111111111
                        ],
                        [
                            36.7945,
                            55.78622222222222
                        ],
                        [
                            36.794694444444445,
                            55.78011111111111
                        ]
                    ]
                ]
            },
            "properties": {
                "description": "\u041e\u0434\u0438\u043d\u0446\u043e\u0432\u0441\u043a\u0438\u0439 \u0433\u043e\u0440\u043e\u0434\u0441\u043a\u043e\u0439 \u043e\u043a\u0440\u0443\u0433 -> \u0440\u0435\u043a\u0430 \u0421\u0442\u043e\u0440\u043e\u0436\u043a\u0430: \u0432 \u0433\u0440\u0430\u043d\u0438\u0446\u0430\u0445 \u0434\u0435\u0440\u0435\u0432\u043d\u0438 \u0418\u0432\u0430\u0448\u043a\u043e\u0432\u043e:"
            }
        },
        {
            "type": "Feature",
            "geometry": {
                "type": "Polygon",
                "coordinates": [
                    [
                        [
                            36.824250000000006,
                            55.64333333333333
                        ],
                        [
                            36.826972222222224,
                            55.65163888888889
                        ],
                        [
                            36.824250000000006,
                            55.64333333333333
                        ]
                    ]
                ]
            },
            "properties": {
                "description": "\u041e\u0434\u0438\u043d\u0446\u043e\u0432\u0441\u043a\u0438\u0439 \u0433\u043e\u0440\u043e\u0434\u0441\u043a\u043e\u0439 \u043e\u043a\u0440\u0443\u0433 -> \u0440\u0435\u043a\u0430 \u041e\u0441\u0442\u0440\u043e\u0432\u043a\u0430: \u0432 \u0433\u0440\u0430\u043d\u0438\u0446\u0430\u0445 \u0434\u0435\u0440\u0435\u0432\u043d\u0438 \u041f\u043e\u043a\u0440\u043e\u0432\u0441\u043a\u043e\u0435:"
            }
        },
        {
            "type": "Feature",
            "geometry": {
                "type": "Polygon",
                "coordinates": [
                    [
                        [
                            36.784527777777775,
                            55.693
                        ],
                        [
                            36.79013888888889,
                            55.70205555555556
                        ],
                        [
                            36.784527777777775,
                            55.693
                        ]
                    ]
                ]
            },
            "properties": {
                "description": "\u041e\u0434\u0438\u043d\u0446\u043e\u0432\u0441\u043a\u0438\u0439 \u0433\u043e\u0440\u043e\u0434\u0441\u043a\u043e\u0439 \u043e\u043a\u0440\u0443\u0433 -> \u0440\u0435\u043a\u0430 \u041e\u0441\u0442\u0440\u043e\u0432\u043a\u0430: \u0432 \u0433\u0440\u0430\u043d\u0438\u0446\u0430\u0445 \u0434\u0435\u0440\u0435\u0432\u043d\u0438 \u041d\u043e\u0432\u043e\u0448\u0438\u0445\u043e\u0432\u043e:"
            }
        },
        {
            "type": "Feature",
            "geometry": {
                "type": "Polygon",
                "coordinates": [
                    [
                        [
                            36.793388888888884,
                            55.675333333333334
                        ],
                        [
                            36.78486111111111,
                            55.68108333333333
                        ],
                        [
                            36.793388888888884,
                            55.675333333333334
                        ]
                    ]
                ]
            },
            "properties": {
                "description": "\u041e\u0434\u0438\u043d\u0446\u043e\u0432\u0441\u043a\u0438\u0439 \u0433\u043e\u0440\u043e\u0434\u0441\u043a\u043e\u0439 \u043e\u043a\u0440\u0443\u0433 -> \u0440\u0435\u043a\u0430 \u041e\u0441\u0442\u0440\u043e\u0432\u043a\u0430: \u0432 \u0433\u0440\u0430\u043d\u0438\u0446\u0430\u0445 \u0434\u0435\u0440\u0435\u0432\u043d\u0438 \u041c\u0430\u0440\u0442\u044c\u044f\u043d\u043e\u0432\u043e:"
            }
        },
        {
            "type": "Feature",
            "geometry": {
                "type": "Polygon",
                "coordinates": [
                    [
                        [
                            36.818361111111116,
                            55.66444444444444
                        ],
                        [
                            36.81097222222222,
                            55.668861111111106
                        ],
                        [
                            36.818361111111116,
                            55.66444444444444
                        ]
                    ]
                ]
            },
            "properties": {
                "description": "\u041e\u0434\u0438\u043d\u0446\u043e\u0432\u0441\u043a\u0438\u0439 \u0433\u043e\u0440\u043e\u0434\u0441\u043a\u043e\u0439 \u043e\u043a\u0440\u0443\u0433 -> \u0440\u0435\u043a\u0430 \u041e\u0441\u0442\u0440\u043e\u0432\u043a\u0430: \u0432 \u0433\u0440\u0430\u043d\u0438\u0446\u0430\u0445 \u0434\u0435\u0440\u0435\u0432\u043d\u0438 \u041f\u0435\u0441\u0442\u043e\u0432\u043e:"
            }
        },
        {
            "type": "Feature",
            "geometry": {
                "type": "Polygon",
                "coordinates": [
                    [
                        [
                            36.82186111111111,
                            55.656166666666664
                        ],
                        [
                            36.81941666666667,
                            55.66047222222222
                        ],
                        [
                            36.80186111111111,
                            55.71052777777778
                        ],
                        [
                            36.80177777777777,
                            55.71094444444445
                        ],
                        [
                            36.82186111111111,
                            55.656166666666664
                        ]
                    ]
                ]
            },
            "properties": {
                "description": "\u041e\u0434\u0438\u043d\u0446\u043e\u0432\u0441\u043a\u0438\u0439 \u0433\u043e\u0440\u043e\u0434\u0441\u043a\u043e\u0439 \u043e\u043a\u0440\u0443\u0433 -> \u0440\u0435\u043a\u0430 \u041e\u0441\u0442\u0440\u043e\u0432\u043a\u0430: \u0432 \u0433\u0440\u0430\u043d\u0438\u0446\u0430\u0445 \u0434\u043e\u043c\u0430 \u043e\u0442\u0434\u044b\u0445\u0430 \"\u041f\u043e\u043a\u0440\u043e\u0432\u0441\u043a\u043e\u0435\":"
            }
        },
        {
            "type": "Feature",
            "geometry": {
                "type": "Polygon",
                "coordinates": [
                    [
                        [
                            37.172777777777775,
                            55.70805555555556
                        ],
                        [
                            37.189055555555555,
                            55.71608333333334
                        ],
                        [
                            37.172777777777775,
                            55.70805555555556
                        ]
                    ]
                ]
            },
            "properties": {
                "description": "\u041e\u0434\u0438\u043d\u0446\u043e\u0432\u0441\u043a\u0438\u0439 \u0433\u043e\u0440\u043e\u0434\u0441\u043a\u043e\u0439 \u043e\u043a\u0440\u0443\u0433 -> \u0440\u0435\u043a\u0430 \u041c\u0435\u0434\u0432\u044f\u043d\u043a\u0430: \u0432 \u0433\u0440\u0430\u043d\u0438\u0446\u0430\u0445 \u0434\u0435\u0440\u0435\u0432\u043d\u0438 \u0413\u043e\u0440\u043a\u0438-2:"
            }
        },
        {
            "type": "Feature",
            "geometry": {
                "type": "Polygon",
                "coordinates": [
                    [
                        [
                            37.19591666666666,
                            55.72727777777778
                        ],
                        [
                            37.19416666666666,
                            55.73277777777778
                        ],
                        [
                            37.19466666666666,
                            55.732416666666666
                        ],
                        [
                            37.19416666666666,
                            55.73283333333333
                        ],
                        [
                            37.19591666666666,
                            55.72727777777778
                        ]
                    ]
                ]
            },
            "properties": {
                "description": "\u041e\u0434\u0438\u043d\u0446\u043e\u0432\u0441\u043a\u0438\u0439 \u0433\u043e\u0440\u043e\u0434\u0441\u043a\u043e\u0439 \u043e\u043a\u0440\u0443\u0433 -> \u0440\u0435\u043a\u0430 \u041c\u0435\u0434\u0432\u044f\u043d\u043a\u0430: \u0432 \u0433\u0440\u0430\u043d\u0438\u0446\u0430\u0445 \u0434\u0435\u0440\u0435\u0432\u043d\u0438 \u0423\u0441\u043e\u0432\u043e:"
            }
        },
        {
            "type": "Feature",
            "geometry": {
                "type": "Polygon",
                "coordinates": [
                    [
                        [
                            37.025194444444445,
                            55.66311111111111
                        ],
                        [
                            37.027,
                            55.67875
                        ],
                        [
                            37.025194444444445,
                            55.66311111111111
                        ]
                    ]
                ]
            },
            "properties": {
                "description": "\u041e\u0434\u0438\u043d\u0446\u043e\u0432\u0441\u043a\u0438\u0439 \u0433\u043e\u0440\u043e\u0434\u0441\u043a\u043e\u0439 \u043e\u043a\u0440\u0443\u0433 -> \u0440\u0435\u043a\u0430 \u0412\u044f\u0437\u0435\u043c\u043a\u0430: \u0432 \u0433\u0440\u0430\u043d\u0438\u0446\u0430\u0445 \u0434\u0435\u0440\u0435\u0432\u043d\u0438 \u041d\u0430\u0437\u0430\u0440\u044c\u0435\u0432\u043e:"
            }
        },
        {
            "type": "Feature",
            "geometry": {
                "type": "Polygon",
                "coordinates": [
                    [
                        [
                            36.98938888888889,
                            55.635666666666665
                        ],
                        [
                            36.9795,
                            55.63911111111111
                        ],
                        [
                            36.98938888888889,
                            55.635666666666665
                        ]
                    ]
                ]
            },
            "properties": {
                "description": "\u041e\u0434\u0438\u043d\u0446\u043e\u0432\u0441\u043a\u0438\u0439 \u0433\u043e\u0440\u043e\u0434\u0441\u043a\u043e\u0439 \u043e\u043a\u0440\u0443\u0433 -> \u0440\u0435\u043a\u0430 \u0412\u044f\u0437\u0435\u043c\u043a\u0430: \u0432 \u0433\u0440\u0430\u043d\u0438\u0446\u0430\u0445 \u0434\u0435\u0440\u0435\u0432\u043d\u0438 \u0428\u0430\u0440\u0430\u043f\u043e\u0432\u043a\u0430:"
            }
        },
        {
            "type": "Feature",
            "geometry": {
                "type": "Polygon",
                "coordinates": [
                    [
                        [
                            36.979111111111116,
                            55.63925
                        ],
                        [
                            37.049166666666665,
                            55.70880555555556
                        ],
                        [
                            37.04922222222222,
                            55.70930555555556
                        ],
                        [
                            36.979111111111116,
                            55.63925
                        ]
                    ]
                ]
            },
            "properties": {
                "description": "\u041e\u0434\u0438\u043d\u0446\u043e\u0432\u0441\u043a\u0438\u0439 \u0433\u043e\u0440\u043e\u0434\u0441\u043a\u043e\u0439 \u043e\u043a\u0440\u0443\u0433 -> \u0440\u0435\u043a\u0430 \u0412\u044f\u0437\u0435\u043c\u043a\u0430: \u0432 \u0433\u0440\u0430\u043d\u0438\u0446\u0430\u0445 \u0434\u0435\u0440\u0435\u0432\u043d\u0438 \u041b\u0435\u0442\u043d\u0438\u0439 \u043e\u0442\u0434\u044b\u0445:"
            }
        },
        {
            "type": "Feature",
            "geometry": {
                "type": "Polygon",
                "coordinates": [
                    [
                        [
                            36.98938888888889,
                            55.635666666666665
                        ],
                        [
                            36.998222222222225,
                            55.64275
                        ],
                        [
                            37.02630555555555,
                            55.66522222222222
                        ],
                        [
                            37.02711111111111,
                            55.665305555555555
                        ],
                        [
                            36.98938888888889,
                            55.635666666666665
                        ]
                    ]
                ]
            },
            "properties": {
                "description": "\u041e\u0434\u0438\u043d\u0446\u043e\u0432\u0441\u043a\u0438\u0439 \u0433\u043e\u0440\u043e\u0434\u0441\u043a\u043e\u0439 \u043e\u043a\u0440\u0443\u0433 -> \u0440\u0435\u043a\u0430 \u041c\u0430\u043b\u0430\u044f \u0412\u044f\u0437\u0435\u043c\u043a\u0430:"
            }
        },
        {
            "type": "Feature",
            "geometry": {
                "type": "Polygon",
                "coordinates": [
                    [
                        [
                            36.680499999999995,
                            55.67652777777778
                        ],
                        [
                            36.68308333333333,
                            55.67494444444444
                        ],
                        [
                            36.680499999999995,
                            55.67652777777778
                        ]
                    ]
                ]
            },
            "properties": {
                "description": "\u041e\u0434\u0438\u043d\u0446\u043e\u0432\u0441\u043a\u0438\u0439 \u0433\u043e\u0440\u043e\u0434\u0441\u043a\u043e\u0439 \u043e\u043a\u0440\u0443\u0433 -> \u0440\u0435\u043a\u0430 \u0421\u0435\u0442\u0443\u043d\u044c\u043a\u0430: \u0432 \u0433\u0440\u0430\u043d\u0438\u0446\u0430\u0445 \u0434\u0435\u0440\u0435\u0432\u043d\u0438 \u0420\u044f\u0437\u0430\u043d\u044c:"
            }
        },
        {
            "type": "Feature",
            "geometry": {
                "type": "Polygon",
                "coordinates": [
                    [
                        [
                            36.72219444444445,
                            55.65511111111111
                        ],
                        [
                            36.75936111111111,
                            55.65994444444444
                        ],
                        [
                            36.72219444444445,
                            55.65511111111111
                        ]
                    ]
                ]
            },
            "properties": {
                "description": "\u041e\u0434\u0438\u043d\u0446\u043e\u0432\u0441\u043a\u0438\u0439 \u0433\u043e\u0440\u043e\u0434\u0441\u043a\u043e\u0439 \u043e\u043a\u0440\u0443\u0433 -> \u0440\u0435\u043a\u0430 \u0421\u0435\u0442\u0443\u043d\u044c\u043a\u0430: \u0432 \u0433\u0440\u0430\u043d\u0438\u0446\u0430\u0445 \u0434\u0435\u0440\u0435\u0432\u043d\u0438 \u0428\u0430\u0440\u0430\u043f\u043e\u0432\u043e:"
            }
        },
        {
            "type": "Feature",
            "geometry": {
                "type": "Polygon",
                "coordinates": [
                    [
                        [
                            36.708111111111116,
                            55.63225
                        ],
                        [
                            36.70641666666667,
                            55.6345
                        ],
                        [
                            36.68197222222222,
                            55.67780555555555
                        ],
                        [
                            36.68111111111111,
                            55.67777777777778
                        ],
                        [
                            36.708111111111116,
                            55.63225
                        ]
                    ]
                ]
            },
            "properties": {
                "description": "\u041e\u0434\u0438\u043d\u0446\u043e\u0432\u0441\u043a\u0438\u0439 \u0433\u043e\u0440\u043e\u0434\u0441\u043a\u043e\u0439 \u043e\u043a\u0440\u0443\u0433 -> \u0440\u0435\u043a\u0430 \u0421\u0435\u0442\u0443\u043d\u044c\u043a\u0430: \u0432 \u0433\u0440\u0430\u043d\u0438\u0446\u0430\u0445 \u0434\u0435\u0440\u0435\u0432\u043d\u0438 \u041f\u0440\u043e\u043d\u0441\u043a\u043e\u0435:"
            }
        },
        {
            "type": "Feature",
            "geometry": {
                "type": "Polygon",
                "coordinates": [
                    [
                        [
                            37.34863888888889,
                            55.67213888888889
                        ],
                        [
                            37.36530555555556,
                            55.67986111111111
                        ],
                        [
                            37.543861111111106,
                            55.72777777777778
                        ],
                        [
                            37.54344444444444,
                            55.72808333333334
                        ],
                        [
                            37.34863888888889,
                            55.67213888888889
                        ]
                    ]
                ]
            },
            "properties": {
                "description": "\u041e\u0434\u0438\u043d\u0446\u043e\u0432\u0441\u043a\u0438\u0439 \u0433\u043e\u0440\u043e\u0434\u0441\u043a\u043e\u0439 \u043e\u043a\u0440\u0443\u0433 -> \u0440\u0435\u043a\u0430 \u0421\u0435\u0442\u0443\u043d\u044c: \u0432 \u0433\u0440\u0430\u043d\u0438\u0446\u0430\u0445 \u0434\u0435\u0440\u0435\u0432\u043d\u0438 \u041d\u0435\u043c\u0447\u0438\u043d\u043e\u0432\u043e:"
            }
        },
        {
            "type": "Feature",
            "geometry": {
                "type": "Polygon",
                "coordinates": [
                    [
                        [
                            37.14438888888889,
                            55.60955555555556
                        ],
                        [
                            37.13988888888889,
                            55.61394444444445
                        ],
                        [
                            37.14438888888889,
                            55.60955555555556
                        ]
                    ]
                ]
            },
            "properties": {
                "description": "\u041e\u0434\u0438\u043d\u0446\u043e\u0432\u0441\u043a\u0438\u0439 \u0433\u043e\u0440\u043e\u0434\u0441\u043a\u043e\u0439 \u043e\u043a\u0440\u0443\u0433 -> \u0440\u0435\u043a\u0430 \u041d\u0435\u0437\u043d\u0430\u0439\u043a\u0430: \u0432 \u0433\u0440\u0430\u043d\u0438\u0446\u0430\u0445 \u0434\u0435\u0440\u0435\u0432\u043d\u0438 \u042f\u043c\u0438\u0449\u0435\u0432\u043e:"
            }
        },
        {
            "type": "Feature",
            "geometry": {
                "type": "Polygon",
                "coordinates": [
                    [
                        [
                            37.11516666666667,
                            55.59488888888889
                        ],
                        [
                            37.10480555555556,
                            55.59138888888889
                        ],
                        [
                            37.37147222222222,
                            55.529472222222225
                        ],
                        [
                            37.37294444444444,
                            55.52905555555555
                        ],
                        [
                            37.11516666666667,
                            55.59488888888889
                        ]
                    ]
                ]
            },
            "properties": {
                "description": "\u041e\u0434\u0438\u043d\u0446\u043e\u0432\u0441\u043a\u0438\u0439 \u0433\u043e\u0440\u043e\u0434\u0441\u043a\u043e\u0439 \u043e\u043a\u0440\u0443\u0433 -> \u0440\u0435\u043a\u0430 \u041d\u0435\u0437\u043d\u0430\u0439\u043a\u0430: \u0432 \u0433\u0440\u0430\u043d\u0438\u0446\u0430\u0445 \u0434\u0435\u0440\u0435\u0432\u043d\u0438 \u041a\u0440\u0435\u043a\u0448\u0438\u043d\u043e:"
            }
        },
        {
            "type": "Feature",
            "geometry": {
                "type": "Polygon",
                "coordinates": [
                    [
                        [
                            37.36691666666667,
                            55.71947222222222
                        ],
                        [
                            37.349805555555555,
                            55.72394444444445
                        ],
                        [
                            37.36691666666667,
                            55.71947222222222
                        ]
                    ]
                ]
            },
            "properties": {
                "description": "\u041e\u0434\u0438\u043d\u0446\u043e\u0432\u0441\u043a\u0438\u0439 \u0433\u043e\u0440\u043e\u0434\u0441\u043a\u043e\u0439 \u043e\u043a\u0440\u0443\u0433 -> \u0440\u0435\u043a\u0430 \u0427\u0430\u0447\u0435\u043d\u043a\u0430: \u0432 \u0433\u0440\u0430\u043d\u0438\u0446\u0430\u0445 \u0434\u0435\u0440\u0435\u0432\u043d\u0438 \u041d\u0435\u043c\u0447\u0438\u043d\u043e\u0432\u043a\u0430:"
            }
        },
        {
            "type": "Feature",
            "geometry": {
                "type": "Polygon",
                "coordinates": [
                    [
                        [
                            37.30891666666666,
                            55.74647222222222
                        ],
                        [
                            37.29475,
                            55.76177777777778
                        ],
                        [
                            37.29402777777778,
                            55.76261111111111
                        ],
                        [
                            37.293638888888886,
                            55.763527777777774
                        ],
                        [
                            37.30891666666666,
                            55.74647222222222
                        ]
                    ]
                ]
            },
            "properties": {
                "description": "\u041e\u0434\u0438\u043d\u0446\u043e\u0432\u0441\u043a\u0438\u0439 \u0433\u043e\u0440\u043e\u0434\u0441\u043a\u043e\u0439 \u043e\u043a\u0440\u0443\u0433 -> \u0440\u0435\u043a\u0430 \u0427\u0430\u0447\u0435\u043d\u043a\u0430: \u0432 \u0433\u0440\u0430\u043d\u0438\u0446\u0430\u0445 \u0434\u0435\u0440\u0435\u0432\u043d\u0438 \u0420\u0430\u0437\u0434\u043e\u0440\u044b:"
            }
        },
        {
            "type": "Feature",
            "geometry": {
                "type": "Polygon",
                "coordinates": [
                    [
                        [
                            37.17608333333333,
                            55.67477777777778
                        ],
                        [
                            37.18666666666666,
                            55.69252777777778
                        ],
                        [
                            37.17608333333333,
                            55.67477777777778
                        ]
                    ]
                ]
            },
            "properties": {
                "description": "\u041e\u0434\u0438\u043d\u0446\u043e\u0432\u0441\u043a\u0438\u0439 \u0433\u043e\u0440\u043e\u0434\u0441\u043a\u043e\u0439 \u043e\u043a\u0440\u0443\u0433 -> \u0440\u0435\u043a\u0430 \u0417\u0430\u0433\u0437\u0430: \u0432 \u0433\u0440\u0430\u043d\u0438\u0446\u0430\u0445 \u0434\u0435\u0440\u0435\u0432\u043d\u0438 \u0412\u043b\u0430\u0441\u0438\u0445\u0430:"
            }
        },
        {
            "type": "Feature",
            "geometry": {
                "type": "Polygon",
                "coordinates": [
                    [
                        [
                            37.17769444444444,
                            55.66722222222222
                        ],
                        [
                            37.17541666666666,
                            55.67366666666666
                        ],
                        [
                            37.189611111111105,
                            55.715805555555555
                        ],
                        [
                            37.18936111111111,
                            55.71658333333334
                        ],
                        [
                            37.17769444444444,
                            55.66722222222222
                        ]
                    ]
                ]
            },
            "properties": {
                "description": "\u041e\u0434\u0438\u043d\u0446\u043e\u0432\u0441\u043a\u0438\u0439 \u0433\u043e\u0440\u043e\u0434\u0441\u043a\u043e\u0439 \u043e\u043a\u0440\u0443\u0433 -> \u0440\u0435\u043a\u0430 \u0417\u0430\u0433\u0437\u0430: \u0432 \u0433\u0440\u0430\u043d\u0438\u0446\u0430\u0445 \u0434\u0435\u0440\u0435\u0432\u043d\u0438 \u042e\u0434\u0438\u043d\u043e:"
            }
        },
        {
            "type": "Feature",
            "geometry": {
                "type": "Polygon",
                "coordinates": [
                    [
                        [
                            36.57152777777778,
                            55.69322222222222
                        ],
                        [
                            36.59291666666667,
                            55.690916666666666
                        ],
                        [
                            36.57152777777778,
                            55.69322222222222
                        ]
                    ]
                ]
            },
            "properties": {
                "description": "\u041e\u0434\u0438\u043d\u0446\u043e\u0432\u0441\u043a\u0438\u0439 \u0433\u043e\u0440\u043e\u0434\u0441\u043a\u043e\u0439 \u043e\u043a\u0440\u0443\u0433 -> \u0440\u0435\u043a\u0430 \u0416\u0443\u043a\u043e\u0432\u043a\u0430: \u0432 \u0433\u0440\u0430\u043d\u0438\u0446\u0430\u0445 \u0434\u0435\u0440\u0435\u0432\u043d\u0438 \u041b\u043e\u043a\u043e\u0442\u043d\u044f:"
            }
        },
        {
            "type": "Feature",
            "geometry": {
                "type": "Polygon",
                "coordinates": [
                    [
                        [
                            36.668499999999995,
                            55.68666666666666
                        ],
                        [
                            36.683277777777775,
                            55.69325
                        ],
                        [
                            36.68438888888888,
                            55.69394444444444
                        ],
                        [
                            36.668499999999995,
                            55.68666666666666
                        ]
                    ]
                ]
            },
            "properties": {
                "description": "\u041e\u0434\u0438\u043d\u0446\u043e\u0432\u0441\u043a\u0438\u0439 \u0433\u043e\u0440\u043e\u0434\u0441\u043a\u043e\u0439 \u043e\u043a\u0440\u0443\u0433 -> \u0440\u0435\u043a\u0430 \u0416\u0443\u043a\u043e\u0432\u043a\u0430: \u0432 \u0433\u0440\u0430\u043d\u0438\u0446\u0430\u0445 \u0434\u0435\u0440\u0435\u0432\u043d\u0438 \u0423\u043b\u0438\u0442\u0438\u043d\u043e:"
            }
        },
        {
            "type": "Feature",
            "geometry": {
                "type": "Polygon",
                "coordinates": [
                    [
                        [
                            36.64086111111111,
                            55.51422222222222
                        ],
                        [
                            36.66341666666666,
                            55.51544444444445
                        ],
                        [
                            36.633472222222224,
                            55.50566666666667
                        ],
                        [
                            36.63291666666667,
                            55.50527777777778
                        ],
                        [
                            36.64086111111111,
                            55.51422222222222
                        ]
                    ]
                ]
            },
            "properties": {
                "description": "\u041e\u0434\u0438\u043d\u0446\u043e\u0432\u0441\u043a\u0438\u0439 \u0433\u043e\u0440\u043e\u0434\u0441\u043a\u043e\u0439 \u043e\u043a\u0440\u0443\u0433 -> \u0440\u0435\u043a\u0430 \u041c\u044f\u0442\u0430: \u0432 \u0433\u0440\u0430\u043d\u0438\u0446\u0430\u0445 \u0434\u0435\u0440\u0435\u0432\u043d\u0438 \u0414\u044e\u0442\u044c\u043a\u043e\u0432\u043e:"
            }
        },
        {
            "type": "Feature",
            "geometry": {
                "type": "Polygon",
                "coordinates": [
                    [
                        [
                            36.71377777777778,
                            55.73125
                        ],
                        [
                            36.709250000000004,
                            55.72805555555556
                        ],
                        [
                            36.72063888888889,
                            55.702000000000005
                        ],
                        [
                            36.720333333333336,
                            55.70166666666667
                        ],
                        [
                            36.71377777777778,
                            55.73125
                        ]
                    ]
                ]
            },
            "properties": {
                "description": "\u041e\u0434\u0438\u043d\u0446\u043e\u0432\u0441\u043a\u0438\u0439 \u0433\u043e\u0440\u043e\u0434\u0441\u043a\u043e\u0439 \u043e\u043a\u0440\u0443\u0433 -> \u0440\u0435\u043a\u0430 \u0414\u0443\u0431\u0435\u0448\u043d\u044f: \u0432 \u0433\u0440\u0430\u043d\u0438\u0446\u0430\u0445 \u0434\u0435\u0440\u0435\u0432\u043d\u0438 \u0410\u043d\u0430\u0448\u043a\u0438\u043d\u043e:"
            }
        },
        {
            "type": "Feature",
            "geometry": {
                "type": "Polygon",
                "coordinates": [
                    [
                        [
                            37.2625,
                            55.71769444444445
                        ],
                        [
                            37.276777777777774,
                            55.73238888888889
                        ],
                        [
                            37.2625,
                            55.71769444444445
                        ]
                    ]
                ]
            },
            "properties": {
                "description": "\u041e\u0434\u0438\u043d\u0446\u043e\u0432\u0441\u043a\u0438\u0439 \u0433\u043e\u0440\u043e\u0434\u0441\u043a\u043e\u0439 \u043e\u043a\u0440\u0443\u0433 -> \u0440\u0435\u043a\u0430 \u0421\u0430\u043c\u044b\u043d\u043a\u0430: \u0432 \u0433\u0440\u0430\u043d\u0438\u0446\u0430\u0445 \u0434\u043e\u043c\u0430 \u043e\u0442\u0434\u044b\u0445\u0430 \"\u0411\u0430\u0440\u0432\u0438\u0445\u0430\":"
            }
        },
        {
            "type": "Feature",
            "geometry": {
                "type": "Polygon",
                "coordinates": [
                    [
                        [
                            36.897888888888886,
                            55.7015
                        ],
                        [
                            36.891888888888886,
                            55.69661111111111
                        ],
                        [
                            36.880805555555554,
                            55.71297222222223
                        ],
                        [
                            36.8815,
                            55.71277777777778
                        ],
                        [
                            36.897888888888886,
                            55.7015
                        ]
                    ]
                ]
            },
            "properties": {
                "description": "\u041e\u0434\u0438\u043d\u0446\u043e\u0432\u0441\u043a\u0438\u0439 \u0433\u043e\u0440\u043e\u0434\u0441\u043a\u043e\u0439 \u043e\u043a\u0440\u0443\u0433 -> \u0440\u0443\u0447\u0435\u0439 \u0425\u0430\u043b\u044f\u0432\u0430: \u0432 \u0433\u0440\u0430\u043d\u0438\u0446\u0430\u0445 \u0434\u0435\u0440\u0435\u0432\u043d\u0438 \u0412\u0432\u0435\u0434\u0435\u043d\u0441\u043a\u043e\u0435:"
            }
        },
        {
            "type": "Feature",
            "geometry": {
                "type": "Polygon",
                "coordinates": [
                    [
                        [
                            37.23088888888889,
                            55.64008333333333
                        ],
                        [
                            37.208222222222226,
                            55.647555555555556
                        ],
                        [
                            37.23088888888889,
                            55.64008333333333
                        ]
                    ]
                ]
            },
            "properties": {
                "description": "\u041e\u0434\u0438\u043d\u0446\u043e\u0432\u0441\u043a\u0438\u0439 \u0433\u043e\u0440\u043e\u0434\u0441\u043a\u043e\u0439 \u043e\u043a\u0440\u0443\u0433 -> \u0440\u0435\u043a\u0430 \u041b\u0438\u043a\u043e\u0432\u043a\u0430: \u0432 \u0433\u0440\u0430\u043d\u0438\u0446\u0430\u0445 \u043f\u043e\u0441\u0435\u043b\u043a\u0430 \u041b\u0435\u0441\u043d\u043e\u0439 \u0433\u043e\u0440\u043e\u0434\u043e\u043a:"
            }
        },
        {
            "type": "Feature",
            "geometry": {
                "type": "Polygon",
                "coordinates": [
                    [
                        [
                            36.93405555555555,
                            55.581611111111116
                        ],
                        [
                            36.93561111111111,
                            55.586083333333335
                        ],
                        [
                            36.937194444444444,
                            55.58716666666667
                        ],
                        [
                            36.94486111111111,
                            55.59283333333334
                        ],
                        [
                            36.93405555555555,
                            55.581611111111116
                        ]
                    ]
                ]
            },
            "properties": {
                "description": "\u041e\u0434\u0438\u043d\u0446\u043e\u0432\u0441\u043a\u0438\u0439 \u0433\u043e\u0440\u043e\u0434\u0441\u043a\u043e\u0439 \u043e\u043a\u0440\u0443\u0433 -> \u0440\u0435\u043a\u0430 \u0411\u0443\u0442\u044b\u043d\u044c: \u0432 \u0433\u0440\u0430\u043d\u0438\u0446\u0430\u0445 \u0434\u0435\u0440\u0435\u0432\u043d\u0438 \u0421\u0438\u0432\u043a\u043e\u0432\u043e:"
            }
        },
        {
            "type": "Feature",
            "geometry": {
                "type": "Polygon",
                "coordinates": [
                    [
                        [
                            36.559416666666664,
                            55.51141666666667
                        ],
                        [
                            36.57619444444445,
                            55.50652777777778
                        ],
                        [
                            36.58569444444445,
                            55.51138888888889
                        ],
                        [
                            36.57405555555556,
                            55.51266666666667
                        ],
                        [
                            36.559416666666664,
                            55.51141666666667
                        ]
                    ]
                ]
            },
            "properties": {
                "description": "\u041e\u0434\u0438\u043d\u0446\u043e\u0432\u0441\u043a\u0438\u0439 \u0433\u043e\u0440\u043e\u0434\u0441\u043a\u043e\u0439 \u043e\u043a\u0440\u0443\u0433 -> \u0432\u043e\u0434\u043e\u0445\u0440\u0430\u043d\u0438\u043b\u0438\u0449\u0435 (\u0412\u044b\u0433\u043b\u044f\u0434\u043e\u0432\u0441\u043a\u0438\u0439 \u043f\u0440\u0443\u0434), \u043e\u0431\u0440\u0430\u0437\u043e\u0432\u0430\u043d\u043d\u043e\u0435 \u043d\u0430 \u0440\u0435\u043a\u0435 \u0420\u0443\u0434\u044c \u0432 \u0440\u0430\u0439\u043e\u043d\u0435 \u0443\u0441\u0442\u044c\u044f (\u043c\u0435\u0441\u0442\u043e \u0432\u043f\u0430\u0434\u0435\u043d\u0438\u044f \u0432 \u0440\u0435\u043a\u0443 \u041d\u0430\u0440\u0430):"
            }
        },
        {
            "type": "Feature",
            "geometry": {
                "type": "Polygon",
                "coordinates": [
                    [
                        [
                            36.55733333333333,
                            55.56188888888889
                        ],
                        [
                            36.532805555555555,
                            55.57491666666667
                        ],
                        [
                            36.55305555555555,
                            55.582972222222224
                        ],
                        [
                            36.569472222222224,
                            55.57105555555556
                        ],
                        [
                            36.55733333333333,
                            55.56188888888889
                        ]
                    ]
                ]
            },
            "properties": {
                "description": "\u041e\u0434\u0438\u043d\u0446\u043e\u0432\u0441\u043a\u0438\u0439 \u0433\u043e\u0440\u043e\u0434\u0441\u043a\u043e\u0439 \u043e\u043a\u0440\u0443\u0433 -> \u043e\u0437\u0435\u0440\u043e \u041f\u043e\u043b\u0435\u0446\u043a\u043e\u0435 (\u0438\u0441\u0442\u043e\u043a \u0440\u0435\u043a\u0438 \u041d\u0430\u0440\u0430) \u0438 \u0431\u043e\u043b\u043e\u0442\u0438\u0441\u0442\u0430\u044f \u043f\u043e\u0439\u043c\u0430 \u0432 \u0438\u0441\u0442\u043e\u043a\u0435 \u0440\u0435\u043a\u0438 \u041d\u0430\u0440\u0430 \u0432 \u0440\u0430\u0439\u043e\u043d\u0435 \u0434\u0435\u0440\u0435\u0432\u043d\u0438 \u041d\u0430\u0440\u043e-\u041e\u0441\u0430\u043d\u043e\u0432\u043e \u0438 \u0434\u0435\u0440\u0435\u0432\u043d\u0438 \u041f\u043e\u043b\u0443\u0448\u043a\u0438\u043d\u043e:"
            }
        },
        {
            "type": "Feature",
            "geometry": {
                "type": "Polygon",
                "coordinates": [
                    [
                        [
                            36.63261111111111,
                            55.543055555555554
                        ],
                        [
                            36.63166666666667,
                            55.54380555555555
                        ],
                        [
                            36.63261111111111,
                            55.543055555555554
                        ]
                    ]
                ]
            },
            "properties": {
                "description": "\u041e\u0434\u0438\u043d\u0446\u043e\u0432\u0441\u043a\u0438\u0439 \u0433\u043e\u0440\u043e\u0434\u0441\u043a\u043e\u0439 \u043e\u043a\u0440\u0443\u0433 -> \u0440\u0435\u043a\u0430 \u0422\u0440\u0430\u0441\u043d\u0430: \u0440\u0430\u0439\u043e\u043d \u0443\u0441\u0442\u044c\u044f (50 \u043c \u0432\u044b\u0448\u0435 \u0438 \u043d\u0438\u0436\u0435 \u043f\u043e \u0442\u0435\u0447\u0435\u043d\u0438\u044e \u043e\u0442 \u043c\u0435\u0441\u0442\u0430 \u0432\u043f\u0430\u0434\u0435\u043d\u0438\u044f):"
            }
        },
        {
            "type": "Feature",
            "geometry": {
                "type": "Polygon",
                "coordinates": [
                    [
                        [
                            36.74138888888889,
                            55.705194444444444
                        ],
                        [
                            36.74111111111111,
                            55.70575
                        ],
                        [
                            36.7595,
                            55.71519444444445
                        ],
                        [
                            36.75808333333333,
                            55.71505555555556
                        ],
                        [
                            36.74138888888889,
                            55.705194444444444
                        ]
                    ]
                ]
            },
            "properties": {
                "description": "\u041e\u0434\u0438\u043d\u0446\u043e\u0432\u0441\u043a\u0438\u0439 \u0433\u043e\u0440\u043e\u0434\u0441\u043a\u043e\u0439 \u043e\u043a\u0440\u0443\u0433 -> \u0440\u0435\u043a\u0430 \u041c\u043e\u0441\u043a\u0432\u0430: \u0440\u0430\u0439\u043e\u043d \u0434\u0435\u0440\u0435\u0432\u043d\u0438 \u041b\u0443\u0446\u0438\u043d\u043e:"
            }
        },
        {
            "type": "Feature",
            "geometry": {
                "type": "Polygon",
                "coordinates": [
                    [
                        [
                            36.75863888888889,
                            55.72244444444445
                        ],
                        [
                            36.75980555555556,
                            55.72211111111111
                        ],
                        [
                            36.77166666666667,
                            55.71988888888889
                        ],
                        [
                            36.77211111111111,
                            55.720333333333336
                        ],
                        [
                            36.75863888888889,
                            55.72244444444445
                        ]
                    ]
                ]
            },
            "properties": {
                "description": "\u041e\u0434\u0438\u043d\u0446\u043e\u0432\u0441\u043a\u0438\u0439 \u0433\u043e\u0440\u043e\u0434\u0441\u043a\u043e\u0439 \u043e\u043a\u0440\u0443\u0433 -> \u0440\u0435\u043a\u0430 \u041c\u043e\u0441\u043a\u0432\u0430: \u0440\u0430\u0439\u043e\u043d \u0434\u0435\u0440\u0435\u0432\u043d\u0438 \u042f\u0433\u0443\u043d\u0438\u043d\u043e:"
            }
        },
        {
            "type": "Feature",
            "geometry": {
                "type": "Polygon",
                "coordinates": [
                    [
                        [
                            36.97091666666667,
                            55.73613888888889
                        ],
                        [
                            36.970888888888894,
                            55.737027777777776
                        ],
                        [
                            36.985305555555556,
                            55.72797222222223
                        ],
                        [
                            36.98444444444444,
                            55.727833333333336
                        ],
                        [
                            36.97091666666667,
                            55.73613888888889
                        ]
                    ]
                ]
            },
            "properties": {
                "description": "\u041e\u0434\u0438\u043d\u0446\u043e\u0432\u0441\u043a\u0438\u0439 \u0433\u043e\u0440\u043e\u0434\u0441\u043a\u043e\u0439 \u043e\u043a\u0440\u0443\u0433 -> \u0440\u0435\u043a\u0430 \u041c\u043e\u0441\u043a\u0432\u0430: \u0440\u0430\u0439\u043e\u043d \u0434\u0435\u0440\u0435\u0432\u043d\u0438 \u0410\u043a\u0441\u0438\u043d\u044c\u0438\u043d\u043e:"
            }
        },
        {
            "type": "Feature",
            "geometry": {
                "type": "Polygon",
                "coordinates": [
                    [
                        [
                            37.058138888888884,
                            55.71147222222223
                        ],
                        [
                            37.05727777777778,
                            55.71177777777778
                        ],
                        [
                            37.06758333333334,
                            55.72236111111111
                        ],
                        [
                            37.06691666666667,
                            55.72302777777778
                        ],
                        [
                            37.058138888888884,
                            55.71147222222223
                        ]
                    ]
                ]
            },
            "properties": {
                "description": "\u041e\u0434\u0438\u043d\u0446\u043e\u0432\u0441\u043a\u0438\u0439 \u0433\u043e\u0440\u043e\u0434\u0441\u043a\u043e\u0439 \u043e\u043a\u0440\u0443\u0433 -> \u0440\u0435\u043a\u0430 \u041c\u043e\u0441\u043a\u0432\u0430: \u0440\u0430\u0439\u043e\u043d \u0434\u0435\u0440\u0435\u0432\u043d\u0438 \u0423\u0441\u043f\u0435\u043d\u0441\u043a\u043e\u0435:"
            }
        },
        {
            "type": "Feature",
            "geometry": {
                "type": "Polygon",
                "coordinates": [
                    [
                        [
                            36.63836111111111,
                            55.65547222222222
                        ],
                        [
                            36.63744444444444,
                            55.65575
                        ],
                        [
                            36.65280555555555,
                            55.659555555555556
                        ],
                        [
                            36.65263888888889,
                            55.65991666666667
                        ],
                        [
                            36.63836111111111,
                            55.65547222222222
                        ]
                    ]
                ]
            },
            "properties": {
                "description": "\u041e\u0434\u0438\u043d\u0446\u043e\u0432\u0441\u043a\u0438\u0439 \u0433\u043e\u0440\u043e\u0434\u0441\u043a\u043e\u0439 \u043e\u043a\u0440\u0443\u0433 -> \u0440\u0435\u043a\u0430 \u041c\u043e\u0441\u043a\u0432\u0430: \u0440\u0430\u0439\u043e\u043d \u0434\u0435\u0440\u0435\u0432\u043d\u0438 \u0422\u0440\u043e\u0438\u0446\u043a\u043e\u0435:"
            }
        },
        {
            "type": "Feature",
            "geometry": {
                "type": "Polygon",
                "coordinates": [
                    [
                        [
                            36.6845,
                            55.68677777777778
                        ],
                        [
                            36.68358333333333,
                            55.68694444444444
                        ],
                        [
                            36.68388888888889,
                            55.69358333333333
                        ],
                        [
                            36.684305555555554,
                            55.69397222222222
                        ],
                        [
                            36.6845,
                            55.68677777777778
                        ]
                    ]
                ]
            },
            "properties": {
                "description": "\u041e\u0434\u0438\u043d\u0446\u043e\u0432\u0441\u043a\u0438\u0439 \u0433\u043e\u0440\u043e\u0434\u0441\u043a\u043e\u0439 \u043e\u043a\u0440\u0443\u0433 -> \u0440\u0435\u043a\u0430 \u041c\u043e\u0441\u043a\u0432\u0430: \u0440\u0430\u0439\u043e\u043d \u0434\u0435\u0440\u0435\u0432\u043d\u0438 \u0413\u0438\u0433\u0435\u0440\u0435\u0432\u043e:"
            }
        },
        {
            "type": "Feature",
            "geometry": {
                "type": "Polygon",
                "coordinates": [
                    [
                        [
                            36.66591666666667,
                            55.67408333333333
                        ],
                        [
                            36.66719444444444,
                            55.67361111111111
                        ],
                        [
                            36.68169444444444,
                            55.681555555555555
                        ],
                        [
                            36.68288888888889,
                            55.68147222222222
                        ],
                        [
                            36.66591666666667,
                            55.67408333333333
                        ]
                    ]
                ]
            },
            "properties": {
                "description": "\u041e\u0434\u0438\u043d\u0446\u043e\u0432\u0441\u043a\u0438\u0439 \u0433\u043e\u0440\u043e\u0434\u0441\u043a\u043e\u0439 \u043e\u043a\u0440\u0443\u0433 -> \u0440\u0435\u043a\u0430 \u041c\u043e\u0441\u043a\u0432\u0430: \u0440\u0430\u0439\u043e\u043d \u0434\u0435\u0440\u0435\u0432\u043d\u0438 \u0423\u043b\u0438\u0442\u0438\u043d\u043e:"
            }
        },
        {
            "type": "Feature",
            "geometry": {
                "type": "Polygon",
                "coordinates": [
                    [
                        [
                            36.677527777777776,
                            55.70269444444445
                        ],
                        [
                            36.67688888888889,
                            55.70316666666667
                        ],
                        [
                            36.69936111111111,
                            55.704527777777784
                        ],
                        [
                            36.69994444444444,
                            55.70477777777778
                        ],
                        [
                            36.677527777777776,
                            55.70269444444445
                        ]
                    ]
                ]
            },
            "properties": {
                "description": "\u041e\u0434\u0438\u043d\u0446\u043e\u0432\u0441\u043a\u0438\u0439 \u0433\u043e\u0440\u043e\u0434\u0441\u043a\u043e\u0439 \u043e\u043a\u0440\u0443\u0433 -> \u0440\u0435\u043a\u0430 \u041c\u043e\u0441\u043a\u0432\u0430: \u0440\u0430\u0439\u043e\u043d \u0434\u0435\u0440\u0435\u0432\u043d\u0438 \u041a\u0430\u0440\u0438\u043d\u0441\u043a\u043e\u0435:"
            }
        },
        {
            "type": "Feature",
            "geometry": {
                "type": "Polygon",
                "coordinates": [
                    [
                        [
                            36.75322222222222,
                            55.706611111111116
                        ],
                        [
                            36.75277777777778,
                            55.70725
                        ],
                        [
                            36.76163888888889,
                            55.71019444444445
                        ],
                        [
                            36.76272222222222,
                            55.709944444444446
                        ],
                        [
                            36.75322222222222,
                            55.706611111111116
                        ]
                    ]
                ]
            },
            "properties": {
                "description": "\u041e\u0434\u0438\u043d\u0446\u043e\u0432\u0441\u043a\u0438\u0439 \u0433\u043e\u0440\u043e\u0434\u0441\u043a\u043e\u0439 \u043e\u043a\u0440\u0443\u0433 -> \u0440\u0435\u043a\u0430 \u041c\u043e\u0441\u043a\u0432\u0430: \u0440\u0430\u0439\u043e\u043d \u043c\u0435\u0436\u0434\u0443 \u0434\u0435\u0440\u0435\u0432\u043d\u044f\u043c\u0438 \u0420\u044b\u0431\u0443\u0448\u043a\u0438\u043d\u043e \u0438 \u041b\u0443\u0446\u0438\u043d\u043e:"
            }
        },
        {
            "type": "Feature",
            "geometry": {
                "type": "Polygon",
                "coordinates": [
                    [
                        [
                            37.059999999999995,
                            55.71447222222223
                        ],
                        [
                            37.059,
                            55.7145
                        ],
                        [
                            37.060583333333334,
                            55.71622222222223
                        ],
                        [
                            37.05925,
                            55.71627777777778
                        ],
                        [
                            37.059999999999995,
                            55.71447222222223
                        ]
                    ]
                ]
            },
            "properties": {
                "description": "\u041e\u0434\u0438\u043d\u0446\u043e\u0432\u0441\u043a\u0438\u0439 \u0433\u043e\u0440\u043e\u0434\u0441\u043a\u043e\u0439 \u043e\u043a\u0440\u0443\u0433 -> \u0440\u0435\u043a\u0430 \u041c\u043e\u0441\u043a\u0432\u0430: \u0440\u0430\u0439\u043e\u043d \u043f\u043e\u0441\u0435\u043b\u043a\u0430 \u041a\u043e\u043d\u0435\u0437\u0430\u0432\u043e\u0434\u0430:"
            }
        },
        {
            "type": "Feature",
            "geometry": {
                "type": "Polygon",
                "coordinates": [
                    [
                        [
                            37.136,
                            55.737722222222224
                        ],
                        [
                            37.13513888888889,
                            55.73833333333334
                        ],
                        [
                            37.141194444444444,
                            55.741166666666665
                        ],
                        [
                            37.14030555555556,
                            55.74158333333333
                        ],
                        [
                            37.136,
                            55.737722222222224
                        ]
                    ]
                ]
            },
            "properties": {
                "description": "\u041e\u0434\u0438\u043d\u0446\u043e\u0432\u0441\u043a\u0438\u0439 \u0433\u043e\u0440\u043e\u0434\u0441\u043a\u043e\u0439 \u043e\u043a\u0440\u0443\u0433 -> \u0440\u0435\u043a\u0430 \u041c\u043e\u0441\u043a\u0432\u0430: \u0440\u0430\u0439\u043e\u043d \u0434\u0435\u0440\u0435\u0432\u043d\u0438 \u0417\u043d\u0430\u043c\u0435\u043d\u0441\u043a\u043e\u0435:"
            }
        },
        {
            "type": "Feature",
            "geometry": {
                "type": "Polygon",
                "coordinates": [
                    [
                        [
                            37.130916666666664,
                            55.730361111111115
                        ],
                        [
                            37.13869444444445,
                            55.73916666666667
                        ],
                        [
                            37.138,
                            55.73975
                        ],
                        [
                            37.130916666666664,
                            55.730361111111115
                        ]
                    ]
                ]
            },
            "properties": {
                "description": "\u041e\u0434\u0438\u043d\u0446\u043e\u0432\u0441\u043a\u0438\u0439 \u0433\u043e\u0440\u043e\u0434\u0441\u043a\u043e\u0439 \u043e\u043a\u0440\u0443\u0433 -> \u0440\u0435\u043a\u0430 \u041c\u043e\u0441\u043a\u0432\u0430: \u0440\u0430\u0439\u043e\u043d \u0434\u0435\u0440\u0435\u0432\u043d\u0438 \u0413\u043e\u0440\u043a\u0438-2:"
            }
        },
        {
            "type": "Feature",
            "geometry": {
                "type": "Polygon",
                "coordinates": [
                    [
                        [
                            37.209361111111114,
                            55.74219444444444
                        ],
                        [
                            37.208111111111116,
                            55.74311111111111
                        ],
                        [
                            37.216722222222224,
                            55.74738888888889
                        ],
                        [
                            37.21527777777778,
                            55.748111111111115
                        ],
                        [
                            37.209361111111114,
                            55.74219444444444
                        ]
                    ]
                ]
            },
            "properties": {
                "description": "\u041e\u0434\u0438\u043d\u0446\u043e\u0432\u0441\u043a\u0438\u0439 \u0433\u043e\u0440\u043e\u0434\u0441\u043a\u043e\u0439 \u043e\u043a\u0440\u0443\u0433 -> \u0440\u0435\u043a\u0430 \u041c\u043e\u0441\u043a\u0432\u0430: \u0440\u0430\u0439\u043e\u043d \u0434\u0435\u0440\u0435\u0432\u043d\u0438 \u0418\u043b\u044c\u0438\u043d\u0441\u043a\u043e\u0435:"
            }
        },
        {
            "type": "Feature",
            "geometry": {
                "type": "Polygon",
                "coordinates": [
                    [
                        [
                            36.80819444444444,
                            55.71630555555556
                        ],
                        [
                            36.8075,
                            55.71666666666667
                        ],
                        [
                            36.81727777777778,
                            55.721833333333336
                        ],
                        [
                            36.81677777777778,
                            55.72222222222222
                        ],
                        [
                            36.80819444444444,
                            55.71630555555556
                        ]
                    ]
                ]
            },
            "properties": {
                "description": "\u041e\u0434\u0438\u043d\u0446\u043e\u0432\u0441\u043a\u0438\u0439 \u0433\u043e\u0440\u043e\u0434\u0441\u043a\u043e\u0439 \u043e\u043a\u0440\u0443\u0433 -> \u0440\u0435\u043a\u0430 \u041c\u043e\u0441\u043a\u0432\u0430: \u0440\u0430\u0439\u043e\u043d \u0434\u0435\u0440\u0435\u0432\u043d\u0438 \u0421\u0430\u043d\u0432\u0438\u043d\u0441\u043a\u0430\u044f \u0441\u043b\u043e\u0431\u043e\u0434\u0430:"
            }
        },
        {
            "type": "Feature",
            "geometry": {
                "type": "Polygon",
                "coordinates": [
                    [
                        [
                            36.79036111111111,
                            55.711111111111116
                        ],
                        [
                            36.790527777777775,
                            55.71169444444445
                        ],
                        [
                            36.80166666666666,
                            55.71091666666667
                        ],
                        [
                            36.80152777777778,
                            55.71141666666667
                        ],
                        [
                            36.79036111111111,
                            55.711111111111116
                        ]
                    ]
                ]
            },
            "properties": {
                "description": "\u041e\u0434\u0438\u043d\u0446\u043e\u0432\u0441\u043a\u0438\u0439 \u0433\u043e\u0440\u043e\u0434\u0441\u043a\u043e\u0439 \u043e\u043a\u0440\u0443\u0433 -> \u0440\u0435\u043a\u0430 \u041c\u043e\u0441\u043a\u0432\u0430: \u0440\u0430\u0439\u043e\u043d \u0434\u0435\u0440\u0435\u0432\u043d\u0438 \u0428\u0438\u0445\u043e\u0432\u043e:"
            }
        },
        {
            "type": "Feature",
            "geometry": {
                "type": "Polygon",
                "coordinates": [
                    [
                        [
                            36.88238888888889,
                            55.71358333333334
                        ],
                        [
                            36.88163888888889,
                            55.714083333333335
                        ],
                        [
                            36.89222222222222,
                            55.71727777777778
                        ],
                        [
                            36.89147222222222,
                            55.71775
                        ],
                        [
                            36.88238888888889,
                            55.71358333333334
                        ]
                    ]
                ]
            },
            "properties": {
                "description": "\u041e\u0434\u0438\u043d\u0446\u043e\u0432\u0441\u043a\u0438\u0439 \u0433\u043e\u0440\u043e\u0434\u0441\u043a\u043e\u0439 \u043e\u043a\u0440\u0443\u0433 -> \u0440\u0435\u043a\u0430 \u041c\u043e\u0441\u043a\u0432\u0430: \u0440\u0430\u0439\u043e\u043d \u0434\u0435\u0440\u0435\u0432\u043d\u0438 \u041c\u0430\u0440\u044c\u0438\u043d\u043e:"
            }
        },
        {
            "type": "Feature",
            "geometry": {
                "type": "Polygon",
                "coordinates": [
                    [
                        [
                            36.88238888888889,
                            55.71358333333334
                        ],
                        [
                            36.88163888888889,
                            55.714083333333335
                        ],
                        [
                            36.89222222222222,
                            55.71727777777778
                        ],
                        [
                            36.89147222222222,
                            55.71775
                        ],
                        [
                            36.88238888888889,
                            55.71358333333334
                        ]
                    ]
                ]
            },
            "properties": {
                "description": "\u041e\u0434\u0438\u043d\u0446\u043e\u0432\u0441\u043a\u0438\u0439 \u0433\u043e\u0440\u043e\u0434\u0441\u043a\u043e\u0439 \u043e\u043a\u0440\u0443\u0433 -> \u0440\u0435\u043a\u0430 \u041c\u043e\u0441\u043a\u0432\u0430: \u0440\u0430\u0439\u043e\u043d \u0434\u0435\u0440\u0435\u0432\u043d\u0438 \u041c\u0430\u0440\u044c\u0438\u043d\u043e:"
            }
        },
        {
            "type": "Feature",
            "geometry": {
                "type": "Polygon",
                "coordinates": [
                    [
                        [
                            37.02336111111111,
                            55.733000000000004
                        ],
                        [
                            37.02305555555555,
                            55.733444444444444
                        ],
                        [
                            37.04077777777778,
                            55.730916666666666
                        ],
                        [
                            37.04125,
                            55.731500000000004
                        ],
                        [
                            37.02336111111111,
                            55.733000000000004
                        ]
                    ]
                ]
            },
            "properties": {
                "description": "\u041e\u0434\u0438\u043d\u0446\u043e\u0432\u0441\u043a\u0438\u0439 \u0433\u043e\u0440\u043e\u0434\u0441\u043a\u043e\u0439 \u043e\u043a\u0440\u0443\u0433 -> \u0440\u0435\u043a\u0430 \u041c\u043e\u0441\u043a\u0432\u0430: \u0440\u0430\u0439\u043e\u043d \u0434\u0435\u0440\u0435\u0432\u043d\u0438 \u041d\u0438\u043a\u043e\u043b\u0438\u043d\u0430 \u0433\u043e\u0440\u0430:"
            }
        },
        {
            "type": "Feature",
            "geometry": {
                "type": "Polygon",
                "coordinates": [
                    [
                        [
                            36.99966666666667,
                            55.72327777777778
                        ],
                        [
                            36.99952777777778,
                            55.72391666666667
                        ],
                        [
                            37.00655555555556,
                            55.72536111111111
                        ],
                        [
                            37.00633333333333,
                            55.725972222222225
                        ],
                        [
                            36.99966666666667,
                            55.72327777777778
                        ]
                    ]
                ]
            },
            "properties": {
                "description": "\u041e\u0434\u0438\u043d\u0446\u043e\u0432\u0441\u043a\u0438\u0439 \u0433\u043e\u0440\u043e\u0434\u0441\u043a\u043e\u0439 \u043e\u043a\u0440\u0443\u0433 -> \u0440\u0435\u043a\u0430 \u041c\u043e\u0441\u043a\u0432\u0430: \u0440\u0430\u0439\u043e\u043d \u0434\u0435\u0440\u0435\u0432\u043d\u0438 \u0418\u0441\u043b\u0430\u0432\u0441\u043a\u043e\u0435:"
            }
        },
        {
            "type": "Feature",
            "geometry": {
                "type": "Polygon",
                "coordinates": [
                    [
                        [
                            37.03344444444444,
                            55.71427777777778
                        ],
                        [
                            37.034638888888885,
                            55.7145
                        ],
                        [
                            37.0395,
                            55.70963888888889
                        ],
                        [
                            37.03919444444444,
                            55.70922222222222
                        ],
                        [
                            37.03344444444444,
                            55.71427777777778
                        ]
                    ]
                ]
            },
            "properties": {
                "description": "\u041e\u0434\u0438\u043d\u0446\u043e\u0432\u0441\u043a\u0438\u0439 \u0433\u043e\u0440\u043e\u0434\u0441\u043a\u043e\u0439 \u043e\u043a\u0440\u0443\u0433 -> \u0440\u0435\u043a\u0430 \u041c\u043e\u0441\u043a\u0432\u0430: \u0440\u0430\u0439\u043e\u043d \u0434\u0435\u0440\u0435\u0432\u043d\u0438 \u0413\u043e\u0440\u043a\u0438-10:"
            }
        },
        {
            "type": "Feature",
            "geometry": {
                "type": "Polygon",
                "coordinates": [
                    [
                        [
                            37.088638888888894,
                            55.727694444444445
                        ],
                        [
                            37.08838888888889,
                            55.727333333333334
                        ],
                        [
                            37.10727777777778,
                            55.72316666666667
                        ],
                        [
                            37.10738888888889,
                            55.723888888888894
                        ],
                        [
                            37.088638888888894,
                            55.727694444444445
                        ]
                    ]
                ]
            },
            "properties": {
                "description": "\u041e\u0434\u0438\u043d\u0446\u043e\u0432\u0441\u043a\u0438\u0439 \u0433\u043e\u0440\u043e\u0434\u0441\u043a\u043e\u0439 \u043e\u043a\u0440\u0443\u0433 -> \u0440\u0435\u043a\u0430 \u041c\u043e\u0441\u043a\u0432\u0430: \u0440\u0430\u0439\u043e\u043d \u0434\u0435\u0440\u0435\u0432\u043d\u0438 \u0423\u0431\u043e\u0440\u044b:"
            }
        },
        {
            "type": "Feature",
            "geometry": {
                "type": "Polygon",
                "coordinates": [
                    [
                        [
                            37.11530555555556,
                            55.721833333333336
                        ],
                        [
                            37.11511111111111,
                            55.72230555555556
                        ],
                        [
                            37.130805555555554,
                            55.73116666666667
                        ],
                        [
                            37.11530555555556,
                            55.721833333333336
                        ]
                    ]
                ]
            },
            "properties": {
                "description": "\u041e\u0434\u0438\u043d\u0446\u043e\u0432\u0441\u043a\u0438\u0439 \u0433\u043e\u0440\u043e\u0434\u0441\u043a\u043e\u0439 \u043e\u043a\u0440\u0443\u0433 -> \u0440\u0435\u043a\u0430 \u041c\u043e\u0441\u043a\u0432\u0430: \u0440\u0430\u0439\u043e\u043d \u0434\u0435\u0440\u0435\u0432\u043d\u0438 \u0414\u0443\u0431\u0446\u044b:"
            }
        },
        {
            "type": "Feature",
            "geometry": {
                "type": "Polygon",
                "coordinates": [
                    [
                        [
                            36.70627777777778,
                            55.700833333333335
                        ],
                        [
                            36.714083333333335,
                            55.69894444444444
                        ],
                        [
                            36.71391666666667,
                            55.69938888888888
                        ],
                        [
                            36.70580555555556,
                            55.70044444444445
                        ],
                        [
                            36.70627777777778,
                            55.700833333333335
                        ]
                    ]
                ]
            },
            "properties": {
                "description": "\u041e\u0434\u0438\u043d\u0446\u043e\u0432\u0441\u043a\u0438\u0439 \u0433\u043e\u0440\u043e\u0434\u0441\u043a\u043e\u0439 \u043e\u043a\u0440\u0443\u0433 -> \u0440\u0435\u043a\u0430 \u041c\u043e\u0441\u043a\u0432\u0430: \u0440\u0430\u0439\u043e\u043d \u043f\u043e\u0441\u0435\u043b\u043a\u0430 \u0441\u0430\u043d\u0430\u0442\u043e\u0440\u0438\u044f \u0438\u043c\u0435\u043d\u0438 \u0427\u043a\u0430\u043b\u043e\u0432\u0430:"
            }
        },
        {
            "type": "Feature",
            "geometry": {
                "type": "Polygon",
                "coordinates": [
                    [
                        [
                            36.69127777777778,
                            55.70558333333334
                        ],
                        [
                            36.69119444444444,
                            55.70630555555556
                        ],
                        [
                            36.70225,
                            55.70261111111111
                        ],
                        [
                            36.701972222222224,
                            55.70213888888889
                        ],
                        [
                            36.69127777777778,
                            55.70558333333334
                        ]
                    ]
                ]
            },
            "properties": {
                "description": "\u041e\u0434\u0438\u043d\u0446\u043e\u0432\u0441\u043a\u0438\u0439 \u0433\u043e\u0440\u043e\u0434\u0441\u043a\u043e\u0439 \u043e\u043a\u0440\u0443\u0433 -> \u0440\u0435\u043a\u0430 \u041c\u043e\u0441\u043a\u0432\u0430: \u0440\u0430\u0439\u043e\u043d \u0434\u0435\u0440\u0435\u0432\u043d\u0438 \u0410\u043d\u0438\u043a\u043e\u0432\u043e:"
            }
        },
        {
            "type": "Feature",
            "geometry": {
                "type": "Polygon",
                "coordinates": [
                    [
                        [
                            36.701888888888895,
                            55.70263888888889
                        ],
                        [
                            36.70172222222222,
                            55.702222222222225
                        ],
                        [
                            36.72063888888889,
                            55.70111111111111
                        ],
                        [
                            36.72027777777778,
                            55.70161111111111
                        ],
                        [
                            36.701888888888895,
                            55.70263888888889
                        ]
                    ]
                ]
            },
            "properties": {
                "description": "\u041e\u0434\u0438\u043d\u0446\u043e\u0432\u0441\u043a\u0438\u0439 \u0433\u043e\u0440\u043e\u0434\u0441\u043a\u043e\u0439 \u043e\u043a\u0440\u0443\u0433 -> \u0440\u0435\u043a\u0430 \u041c\u043e\u0441\u043a\u0432\u0430: \u0440\u0430\u0439\u043e\u043d \u0434\u0435\u0440\u0435\u0432\u043d\u0438 \u0423\u0441\u0442\u044c\u0435:"
            }
        },
        {
            "type": "Feature",
            "geometry": {
                "type": "Polygon",
                "coordinates": [
                    [
                        [
                            36.436277777777775,
                            55.493027777777776
                        ],
                        [
                            36.439722222222215,
                            55.48277777777778
                        ],
                        [
                            36.436277777777775,
                            55.493027777777776
                        ]
                    ]
                ]
            },
            "properties": {
                "description": "\u041e\u0434\u0438\u043d\u0446\u043e\u0432\u0441\u043a\u0438\u0439 \u0433\u043e\u0440\u043e\u0434\u0441\u043a\u043e\u0439 \u043e\u043a\u0440\u0443\u0433 -> \u0440\u0435\u043a\u0430 \u041a\u0430\u043f\u0430\u043d\u043a\u0430: \u0440\u0430\u0439\u043e\u043d \u0434\u0435\u0440\u0435\u0432\u043d\u0438 \u042f\u0441\u0442\u0440\u0435\u0431\u043e\u0432\u043e:"
            }
        },
        {
            "type": "Feature",
            "geometry": {
                "type": "Polygon",
                "coordinates": [
                    [
                        [
                            36.400777777777776,
                            55.54713888888889
                        ],
                        [
                            36.40841666666667,
                            55.54369444444444
                        ],
                        [
                            36.400777777777776,
                            55.54713888888889
                        ]
                    ]
                ]
            },
            "properties": {
                "description": "\u041e\u0434\u0438\u043d\u0446\u043e\u0432\u0441\u043a\u0438\u0439 \u0433\u043e\u0440\u043e\u0434\u0441\u043a\u043e\u0439 \u043e\u043a\u0440\u0443\u0433 -> \u0440\u0435\u043a\u0430 \u041a\u0430\u043f\u0430\u043d\u043a\u0430: \u0440\u0430\u0439\u043e\u043d \u0434\u0435\u0440\u0435\u0432\u043d\u0438 \u041a\u0430\u043f\u0430\u043d\u044c:"
            }
        },
        {
            "type": "Feature",
            "geometry": {
                "type": "Polygon",
                "coordinates": [
                    [
                        [
                            35.86638888888889,
                            56.09133333333334
                        ],
                        [
                            35.86263888888889,
                            56.090611111111116
                        ],
                        [
                            35.86227777777778,
                            56.092555555555556
                        ],
                        [
                            35.856722222222224,
                            56.09363888888889
                        ],
                        [
                            35.85725,
                            56.0955
                        ],
                        [
                            35.86638888888889,
                            56.09133333333334
                        ]
                    ]
                ]
            },
            "properties": {
                "description": "\u0412\u043e\u043b\u043e\u043a\u043e\u043b\u0430\u043c\u0441\u043a\u0438\u0439 \u0433\u043e\u0440\u043e\u0434\u0441\u043a\u043e\u0439 \u043e\u043a\u0440\u0443\u0433 -> \u0440\u0435\u043a\u0430 \u041b\u0430\u043c\u0430: \u0432 \u0433\u0440\u0430\u043d\u0438\u0446\u0430\u0445 \u0434\u0435\u0440\u0435\u0432\u043d\u0438 \u0410\u043b\u0444\u0435\u0440\u044c\u0435\u0432\u043e:"
            }
        },
        {
            "type": "Feature",
            "geometry": {
                "type": "Polygon",
                "coordinates": [
                    [
                        [
                            35.81647222222222,
                            56.133361111111114
                        ],
                        [
                            35.81941666666667,
                            56.13597222222222
                        ],
                        [
                            35.82577777777778,
                            56.14
                        ],
                        [
                            35.83386111111111,
                            56.14511111111111
                        ],
                        [
                            35.81647222222222,
                            56.133361111111114
                        ]
                    ]
                ]
            },
            "properties": {
                "description": "\u0412\u043e\u043b\u043e\u043a\u043e\u043b\u0430\u043c\u0441\u043a\u0438\u0439 \u0433\u043e\u0440\u043e\u0434\u0441\u043a\u043e\u0439 \u043e\u043a\u0440\u0443\u0433 -> \u0440\u0435\u043a\u0430 \u041b\u0430\u043c\u0430: \u0432 \u0433\u0440\u0430\u043d\u0438\u0446\u0430\u0445 \u0434\u0435\u0440\u0435\u0432\u043d\u0438 \u0440\u0430\u0439\u043e\u043d \u0433\u043e\u0440\u043e\u0434\u0430 \u042f\u0440\u043e\u043f\u043e\u043b\u0435\u0446:"
            }
        },
        {
            "type": "Feature",
            "geometry": {
                "type": "Polygon",
                "coordinates": [
                    [
                        [
                            35.91136111111111,
                            56.06819444444445
                        ],
                        [
                            35.91744444444444,
                            56.0635
                        ],
                        [
                            35.919999999999995,
                            56.06258333333333
                        ],
                        [
                            35.92341666666666,
                            56.06133333333333
                        ],
                        [
                            35.91136111111111,
                            56.06819444444445
                        ]
                    ]
                ]
            },
            "properties": {
                "description": "\u0412\u043e\u043b\u043e\u043a\u043e\u043b\u0430\u043c\u0441\u043a\u0438\u0439 \u0433\u043e\u0440\u043e\u0434\u0441\u043a\u043e\u0439 \u043e\u043a\u0440\u0443\u0433 -> \u0440\u0435\u043a\u0430 \u041b\u0430\u043c\u0430: \u0432 \u0433\u0440\u0430\u043d\u0438\u0446\u0430\u0445 \u0434\u0435\u0440\u0435\u0432\u043d\u0438 \u0418\u0432\u0430\u043d\u043e\u0432\u0441\u043a\u043e\u0435:"
            }
        },
        {
            "type": "Feature",
            "geometry": {
                "type": "Polygon",
                "coordinates": [
                    [
                        [
                            35.894888888888886,
                            56.08830555555556
                        ],
                        [
                            35.89986111111111,
                            56.087583333333335
                        ],
                        [
                            35.90036111111111,
                            56.08341666666667
                        ],
                        [
                            35.89961111111111,
                            56.08047222222223
                        ],
                        [
                            35.894888888888886,
                            56.08830555555556
                        ]
                    ]
                ]
            },
            "properties": {
                "description": "\u0412\u043e\u043b\u043e\u043a\u043e\u043b\u0430\u043c\u0441\u043a\u0438\u0439 \u0433\u043e\u0440\u043e\u0434\u0441\u043a\u043e\u0439 \u043e\u043a\u0440\u0443\u0433 -> \u0440\u0435\u043a\u0430 \u041b\u0430\u043c\u0430: \u0432 \u0433\u0440\u0430\u043d\u0438\u0446\u0430\u0445 \u0434\u0435\u0440\u0435\u0432\u043d\u0438 \u041f\u0443\u0442\u044f\u0442\u0438\u043d\u043e:"
            }
        },
        {
            "type": "Feature",
            "geometry": {
                "type": "Polygon",
                "coordinates": [
                    [
                        [
                            35.900749999999995,
                            56.04658333333333
                        ],
                        [
                            35.90686111111111,
                            56.04772222222222
                        ],
                        [
                            35.90519444444444,
                            56.05041666666666
                        ],
                        [
                            35.90047222222222,
                            56.04966666666667
                        ],
                        [
                            35.900749999999995,
                            56.04658333333333
                        ]
                    ]
                ]
            },
            "properties": {
                "description": "\u0412\u043e\u043b\u043e\u043a\u043e\u043b\u0430\u043c\u0441\u043a\u0438\u0439 \u0433\u043e\u0440\u043e\u0434\u0441\u043a\u043e\u0439 \u043e\u043a\u0440\u0443\u0433 -> \u0440\u0435\u043a\u0430 \u041b\u0430\u043c\u0430: \u0432 \u0433\u0440\u0430\u043d\u0438\u0446\u0430\u0445 \u0434\u0435\u0440\u0435\u0432\u043d\u0438 \u0422\u0438\u043c\u043a\u043e\u0432\u043e:"
            }
        },
        {
            "type": "Feature",
            "geometry": {
                "type": "Polygon",
                "coordinates": [
                    [
                        [
                            35.927055555555555,
                            56.032444444444444
                        ],
                        [
                            35.924055555555555,
                            56.035805555555555
                        ],
                        [
                            35.91975,
                            56.03658333333333
                        ],
                        [
                            35.927055555555555,
                            56.032444444444444
                        ]
                    ]
                ]
            },
            "properties": {
                "description": "\u0412\u043e\u043b\u043e\u043a\u043e\u043b\u0430\u043c\u0441\u043a\u0438\u0439 \u0433\u043e\u0440\u043e\u0434\u0441\u043a\u043e\u0439 \u043e\u043a\u0440\u0443\u0433 -> \u0440\u0435\u043a\u0430 \u041b\u0430\u043c\u0430: \u0432 \u0433\u0440\u0430\u043d\u0438\u0446\u0430\u0445 \u0440\u0430\u0439\u043e\u043d\u0430 \u0433\u043e\u0440\u043e\u0434\u0430 \u0412\u043e\u043b\u043e\u043a\u043e\u043b\u0430\u043c\u0441\u043a\u0430:"
            }
        },
        {
            "type": "Feature",
            "geometry": {
                "type": "Polygon",
                "coordinates": [
                    [
                        [
                            36.02791666666666,
                            55.96855555555556
                        ],
                        [
                            36.031,
                            55.966861111111115
                        ],
                        [
                            36.03358333333333,
                            55.96577777777778
                        ],
                        [
                            36.03841666666666,
                            55.96802777777778
                        ],
                        [
                            36.041916666666665,
                            55.96963888888889
                        ],
                        [
                            36.02791666666666,
                            55.96855555555556
                        ]
                    ]
                ]
            },
            "properties": {
                "description": "\u0412\u043e\u043b\u043e\u043a\u043e\u043b\u0430\u043c\u0441\u043a\u0438\u0439 \u0433\u043e\u0440\u043e\u0434\u0441\u043a\u043e\u0439 \u043e\u043a\u0440\u0443\u0433 -> \u0440\u0435\u043a\u0430 \u041b\u0430\u043c\u0430: \u0432 \u0433\u0440\u0430\u043d\u0438\u0446\u0430\u0445 \u0434\u0435\u0440\u0435\u0432\u043d\u0438 \u0414\u0443\u0431\u043e\u0441\u0435\u043a\u043e\u0432\u043e:"
            }
        },
        {
            "type": "Feature",
            "geometry": {
                "type": "Polygon",
                "coordinates": [
                    [
                        [
                            35.999611111111115,
                            55.969500000000004
                        ],
                        [
                            36.00219444444444,
                            55.969833333333334
                        ],
                        [
                            36.00513888888889,
                            55.97027777777778
                        ],
                        [
                            36.00841666666667,
                            55.97038888888889
                        ],
                        [
                            35.999611111111115,
                            55.969500000000004
                        ]
                    ]
                ]
            },
            "properties": {
                "description": "\u0412\u043e\u043b\u043e\u043a\u043e\u043b\u0430\u043c\u0441\u043a\u0438\u0439 \u0433\u043e\u0440\u043e\u0434\u0441\u043a\u043e\u0439 \u043e\u043a\u0440\u0443\u0433 -> \u0440\u0435\u043a\u0430 \u041b\u0430\u043c\u0430: \u0432 \u0433\u0440\u0430\u043d\u0438\u0446\u0430\u0445 \u0434\u0435\u0440\u0435\u0432\u043d\u0438 \u041d\u0435\u043b\u0438\u0434\u043e\u0432\u043e:"
            }
        },
        {
            "type": "Feature",
            "geometry": {
                "type": "Polygon",
                "coordinates": [
                    [
                        [
                            35.97327777777778,
                            55.99358333333333
                        ],
                        [
                            35.97138888888889,
                            55.99438888888889
                        ],
                        [
                            35.97063888888889,
                            55.993944444444445
                        ],
                        [
                            35.96863888888889,
                            55.99461111111111
                        ],
                        [
                            35.97327777777778,
                            55.99358333333333
                        ]
                    ]
                ]
            },
            "properties": {
                "description": "\u0412\u043e\u043b\u043e\u043a\u043e\u043b\u0430\u043c\u0441\u043a\u0438\u0439 \u0433\u043e\u0440\u043e\u0434\u0441\u043a\u043e\u0439 \u043e\u043a\u0440\u0443\u0433 -> \u0440\u0435\u043a\u0430 \u041b\u0430\u043c\u0430: \u0432 \u0433\u0440\u0430\u043d\u0438\u0446\u0430\u0445 \u0434\u0435\u0440\u0435\u0432\u043d\u0438 \u0416\u0434\u0430\u043d\u043e\u0432\u043e:"
            }
        },
        {
            "type": "Feature",
            "geometry": {
                "type": "Polygon",
                "coordinates": [
                    [
                        [
                            35.81713888888889,
                            56.12147222222222
                        ],
                        [
                            35.81172222222222,
                            56.12075
                        ],
                        [
                            35.806555555555555,
                            56.12152777777778
                        ],
                        [
                            35.805388888888885,
                            56.124833333333335
                        ],
                        [
                            35.81713888888889,
                            56.12147222222222
                        ]
                    ]
                ]
            },
            "properties": {
                "description": "\u0412\u043e\u043b\u043e\u043a\u043e\u043b\u0430\u043c\u0441\u043a\u0438\u0439 \u0433\u043e\u0440\u043e\u0434\u0441\u043a\u043e\u0439 \u043e\u043a\u0440\u0443\u0433 -> \u0440\u0435\u043a\u0430 \u041b\u0430\u043c\u0430: \u0432 \u0433\u0440\u0430\u043d\u0438\u0446\u0430\u0445 \u0440\u0430\u0439\u043e\u043d\u0430 \u0434\u0435\u0440\u0435\u0432\u043d\u0438 \u0413\u0430\u0440\u0443\u0442\u0438\u043d\u043e:"
            }
        },
        {
            "type": "Feature",
            "geometry": {
                "type": "Polygon",
                "coordinates": [
                    [
                        [
                            35.88286111111111,
                            55.87202777777778
                        ],
                        [
                            35.89238888888889,
                            55.86819444444445
                        ],
                        [
                            35.894555555555556,
                            55.86186111111111
                        ],
                        [
                            35.898472222222225,
                            55.85180555555556
                        ],
                        [
                            35.88286111111111,
                            55.87202777777778
                        ]
                    ]
                ]
            },
            "properties": {
                "description": "\u0412\u043e\u043b\u043e\u043a\u043e\u043b\u0430\u043c\u0441\u043a\u0438\u0439 \u0433\u043e\u0440\u043e\u0434\u0441\u043a\u043e\u0439 \u043e\u043a\u0440\u0443\u0433 -> \u0440\u0435\u043a\u0430 \u0429\u0435\u0442\u0438\u043d\u043a\u0430: \u0440\u0430\u0439\u043e\u043d \u0434\u0435\u0440\u0435\u0432\u043d\u0438 \u041e\u0441\u0442\u0430\u0448\u043e\u0432\u043e:"
            }
        },
        {
            "type": "Feature",
            "geometry": {
                "type": "Polygon",
                "coordinates": [
                    [
                        [
                            35.83811111111111,
                            55.89438888888889
                        ],
                        [
                            35.84713888888889,
                            55.89344444444444
                        ],
                        [
                            35.85216666666667,
                            55.894888888888886
                        ],
                        [
                            35.86138888888889,
                            55.89516666666667
                        ],
                        [
                            35.83811111111111,
                            55.89438888888889
                        ]
                    ]
                ]
            },
            "properties": {
                "description": "\u0412\u043e\u043b\u043e\u043a\u043e\u043b\u0430\u043c\u0441\u043a\u0438\u0439 \u0433\u043e\u0440\u043e\u0434\u0441\u043a\u043e\u0439 \u043e\u043a\u0440\u0443\u0433 -> \u0440\u0435\u043a\u0430 \u0429\u0435\u0442\u0438\u043d\u043a\u0430: \u0440\u0430\u0439\u043e\u043d \u0434\u0435\u0440\u0435\u0432\u043d\u0438 \u041c\u0438\u043b\u043e\u0432\u0430\u043d\u044c\u0435:"
            }
        },
        {
            "type": "Feature",
            "geometry": {
                "type": "Polygon",
                "coordinates": [
                    [
                        [
                            35.82713888888889,
                            55.89552777777778
                        ],
                        [
                            35.822027777777784,
                            55.89725
                        ],
                        [
                            35.82027777777778,
                            55.90080555555556
                        ],
                        [
                            35.80927777777777,
                            55.903666666666666
                        ],
                        [
                            35.82713888888889,
                            55.89552777777778
                        ]
                    ]
                ]
            },
            "properties": {
                "description": "\u0412\u043e\u043b\u043e\u043a\u043e\u043b\u0430\u043c\u0441\u043a\u0438\u0439 \u0433\u043e\u0440\u043e\u0434\u0441\u043a\u043e\u0439 \u043e\u043a\u0440\u0443\u0433 -> \u0440\u0435\u043a\u0430 \u0429\u0435\u0442\u0438\u043d\u043a\u0430: \u0440\u0430\u0439\u043e\u043d \u0434\u0435\u0440\u0435\u0432\u043d\u0438 \u0429\u0435\u043a\u043e\u0442\u043e\u0432\u043e:"
            }
        },
        {
            "type": "Feature",
            "geometry": {
                "type": "Polygon",
                "coordinates": [
                    [
                        [
                            35.871,
                            55.87577777777778
                        ],
                        [
                            35.87291666666667,
                            55.87452777777778
                        ],
                        [
                            35.87486111111111,
                            55.87386111111111
                        ],
                        [
                            35.87763888888889,
                            55.87275
                        ],
                        [
                            35.899138888888885,
                            55.850611111111114
                        ],
                        [
                            35.89886111111111,
                            55.84875
                        ],
                        [
                            35.89872222222222,
                            55.84586111111111
                        ],
                        [
                            35.89988888888889,
                            55.84502777777778
                        ],
                        [
                            35.871,
                            55.87577777777778
                        ]
                    ]
                ]
            },
            "properties": {
                "description": "\u0412\u043e\u043b\u043e\u043a\u043e\u043b\u0430\u043c\u0441\u043a\u0438\u0439 \u0433\u043e\u0440\u043e\u0434\u0441\u043a\u043e\u0439 \u043e\u043a\u0440\u0443\u0433 -> \u0440\u0435\u043a\u0430 \u0429\u0435\u0442\u0438\u043d\u043a\u0430: \u0440\u0430\u0439\u043e\u043d \u0434\u0435\u0440\u0435\u0432\u043d\u0438 \u041b\u0443\u043a\u0438\u043d\u043e:"
            }
        },
        {
            "type": "Feature",
            "geometry": {
                "type": "Polygon",
                "coordinates": [
                    [
                        [
                            36.113527777777776,
                            56.17413888888888
                        ],
                        [
                            36.11772222222222,
                            56.172888888888885
                        ],
                        [
                            36.118916666666664,
                            56.16902777777778
                        ],
                        [
                            36.113527777777776,
                            56.17413888888888
                        ]
                    ]
                ]
            },
            "properties": {
                "description": "\u0412\u043e\u043b\u043e\u043a\u043e\u043b\u0430\u043c\u0441\u043a\u0438\u0439 \u0433\u043e\u0440\u043e\u0434\u0441\u043a\u043e\u0439 \u043e\u043a\u0440\u0443\u0433 -> \u0440\u0435\u043a\u0430 \u0411\u043e\u043b\u044c\u0448\u0430\u044f \u0421\u0435\u0441\u0442\u0440\u0430: \u0440\u0430\u0439\u043e\u043d \u0434\u0435\u0440\u0435\u0432\u043d\u0438 \u0422\u0435\u0440\u044f\u0435\u0432\u043e:"
            }
        },
        {
            "type": "Feature",
            "geometry": {
                "type": "Polygon",
                "coordinates": [
                    [
                        [
                            36.173138888888886,
                            56.13661111111111
                        ],
                        [
                            36.17422222222222,
                            56.13263888888889
                        ],
                        [
                            36.171527777777776,
                            56.12997222222222
                        ],
                        [
                            36.17436111111111,
                            56.126444444444445
                        ],
                        [
                            36.173138888888886,
                            56.13661111111111
                        ]
                    ]
                ]
            },
            "properties": {
                "description": "\u0412\u043e\u043b\u043e\u043a\u043e\u043b\u0430\u043c\u0441\u043a\u0438\u0439 \u0433\u043e\u0440\u043e\u0434\u0441\u043a\u043e\u0439 \u043e\u043a\u0440\u0443\u0433 -> \u0440\u0435\u043a\u0430 \u0411\u043e\u043b\u044c\u0448\u0430\u044f \u0421\u0435\u0441\u0442\u0440\u0430: \u0440\u0430\u0439\u043e\u043d \u0434\u0435\u0440\u0435\u0432\u043d\u0438 \u041a\u0443\u0437\u044f\u0435\u0432\u043e:"
            }
        },
        {
            "type": "Feature",
            "geometry": {
                "type": "Polygon",
                "coordinates": [
                    [
                        [
                            36.07255555555556,
                            56.188138888888886
                        ],
                        [
                            36.067888888888895,
                            56.18969444444444
                        ],
                        [
                            36.0655,
                            56.187749999999994
                        ],
                        [
                            36.06166666666666,
                            56.189499999999995
                        ],
                        [
                            36.07255555555556,
                            56.188138888888886
                        ]
                    ]
                ]
            },
            "properties": {
                "description": "\u0412\u043e\u043b\u043e\u043a\u043e\u043b\u0430\u043c\u0441\u043a\u0438\u0439 \u0433\u043e\u0440\u043e\u0434\u0441\u043a\u043e\u0439 \u043e\u043a\u0440\u0443\u0433 -> \u0440\u0435\u043a\u0430 \u0411\u043e\u043b\u044c\u0448\u0430\u044f \u0421\u0435\u0441\u0442\u0440\u0430: \u0440\u0430\u0439\u043e\u043d \u0434\u0435\u0440\u0435\u0432\u043d\u0438 \u0421\u0442\u0435\u0431\u043b\u0435\u0432\u043e:"
            }
        },
        {
            "type": "Feature",
            "geometry": {
                "type": "Polygon",
                "coordinates": [
                    [
                        [
                            35.66747222222222,
                            55.82266666666667
                        ],
                        [
                            35.66558333333333,
                            55.82452777777778
                        ],
                        [
                            35.66672222222222,
                            55.825694444444444
                        ],
                        [
                            35.665749999999996,
                            55.827333333333335
                        ],
                        [
                            35.66747222222222,
                            55.82266666666667
                        ]
                    ]
                ]
            },
            "properties": {
                "description": "\u0412\u043e\u043b\u043e\u043a\u043e\u043b\u0430\u043c\u0441\u043a\u0438\u0439 \u0433\u043e\u0440\u043e\u0434\u0441\u043a\u043e\u0439 \u043e\u043a\u0440\u0443\u0433 -> \u0440\u0435\u043a\u0430 \u0418\u0441\u043a\u043e\u043d\u0430: \u0432 \u0433\u0440\u0430\u043d\u0438\u0446\u0430\u0445 \u0434\u0435\u0440\u0435\u0432\u043d\u0438 \u041f\u0440\u043e\u0437\u043e\u0440\u043e\u0432\u043e:"
            }
        },
        {
            "type": "Feature",
            "geometry": {
                "type": "Polygon",
                "coordinates": [
                    [
                        [
                            35.72338888888889,
                            55.78386111111111
                        ],
                        [
                            35.71541666666667,
                            55.78936111111111
                        ],
                        [
                            35.70897222222222,
                            55.79311111111111
                        ],
                        [
                            35.70977777777778,
                            55.797333333333334
                        ],
                        [
                            35.72338888888889,
                            55.78386111111111
                        ]
                    ]
                ]
            },
            "properties": {
                "description": "\u0412\u043e\u043b\u043e\u043a\u043e\u043b\u0430\u043c\u0441\u043a\u0438\u0439 \u0433\u043e\u0440\u043e\u0434\u0441\u043a\u043e\u0439 \u043e\u043a\u0440\u0443\u0433 -> \u0440\u0435\u043a\u0430 \u0418\u0441\u043a\u043e\u043d\u0430: \u0432 \u0433\u0440\u0430\u043d\u0438\u0446\u0430\u0445 \u0434\u0435\u0440\u0435\u0432\u043d\u0438 \u0411\u0430\u0431\u043e\u0448\u0438\u043d\u043e:"
            }
        },
        {
            "type": "Feature",
            "geometry": {
                "type": "Polygon",
                "coordinates": [
                    [
                        [
                            35.724694444444445,
                            55.768027777777775
                        ],
                        [
                            35.725500000000004,
                            55.76125
                        ],
                        [
                            35.736111111111114,
                            55.75866666666667
                        ],
                        [
                            35.73108333333334,
                            55.756388888888885
                        ],
                        [
                            35.724694444444445,
                            55.768027777777775
                        ]
                    ]
                ]
            },
            "properties": {
                "description": "\u0412\u043e\u043b\u043e\u043a\u043e\u043b\u0430\u043c\u0441\u043a\u0438\u0439 \u0433\u043e\u0440\u043e\u0434\u0441\u043a\u043e\u0439 \u043e\u043a\u0440\u0443\u0433 -> \u0440\u0435\u043a\u0430 \u0418\u0441\u043a\u043e\u043d\u0430: \u0432 \u0433\u0440\u0430\u043d\u0438\u0446\u0430\u0445 \u0434\u0435\u0440\u0435\u0432\u043d\u0438 \u0411\u043e\u043b\u044b\u0447\u0435\u0432\u043e:"
            }
        },
        {
            "type": "Feature",
            "geometry": {
                "type": "Polygon",
                "coordinates": [
                    [
                        [
                            36.04958333333333,
                            55.58688888888889
                        ],
                        [
                            36.05511111111111,
                            55.58416666666667
                        ],
                        [
                            36.05819444444444,
                            55.58188888888889
                        ],
                        [
                            36.05661111111111,
                            55.58005555555556
                        ],
                        [
                            36.04958333333333,
                            55.58688888888889
                        ]
                    ]
                ]
            },
            "properties": {
                "description": "\u0412\u043e\u043b\u043e\u043a\u043e\u043b\u0430\u043c\u0441\u043a\u0438\u0439 \u0433\u043e\u0440\u043e\u0434\u0441\u043a\u043e\u0439 \u043e\u043a\u0440\u0443\u0433 -> \u0440\u0435\u043a\u0430 \u0418\u0441\u043a\u043e\u043d\u0430: \u0432 \u0433\u0440\u0430\u043d\u0438\u0446\u0430\u0445 \u0434\u0435\u0440\u0435\u0432\u043d\u0438 \u0421\u0435\u0440\u0433\u043e\u0432\u043e:"
            }
        },
        {
            "type": "Feature",
            "geometry": {
                "type": "Polygon",
                "coordinates": [
                    [
                        [
                            35.75680555555556,
                            55.73663888888889
                        ],
                        [
                            35.758944444444445,
                            55.73547222222222
                        ],
                        [
                            35.760777777777776,
                            55.73477777777778
                        ],
                        [
                            35.760222222222225,
                            55.7335
                        ],
                        [
                            35.75680555555556,
                            55.73663888888889
                        ]
                    ]
                ]
            },
            "properties": {
                "description": "\u0412\u043e\u043b\u043e\u043a\u043e\u043b\u0430\u043c\u0441\u043a\u0438\u0439 \u0433\u043e\u0440\u043e\u0434\u0441\u043a\u043e\u0439 \u043e\u043a\u0440\u0443\u0433 -> \u0440\u0435\u043a\u0430 \u0418\u0441\u043a\u043e\u043d\u0430: \u0432 \u0433\u0440\u0430\u043d\u0438\u0446\u0430\u0445 \u0434\u0435\u0440\u0435\u0432\u043d\u0438 \u041a\u0430\u0440\u043e\u0447\u0430\u0440\u043e\u0432\u043e:"
            }
        },
        {
            "type": "Feature",
            "geometry": {
                "type": "Polygon",
                "coordinates": [
                    [
                        [
                            35.6945,
                            55.81483333333333
                        ],
                        [
                            35.69855555555555,
                            55.80888888888889
                        ],
                        [
                            35.70377777777778,
                            55.800999999999995
                        ],
                        [
                            35.70919444444445,
                            55.79486111111111
                        ],
                        [
                            35.6945,
                            55.81483333333333
                        ]
                    ]
                ]
            },
            "properties": {
                "description": "\u0412\u043e\u043b\u043e\u043a\u043e\u043b\u0430\u043c\u0441\u043a\u0438\u0439 \u0433\u043e\u0440\u043e\u0434\u0441\u043a\u043e\u0439 \u043e\u043a\u0440\u0443\u0433 -> \u0440\u0435\u043a\u0430 \u0418\u0441\u043a\u043e\u043d\u0430: \u0432 \u0433\u0440\u0430\u043d\u0438\u0446\u0430\u0445 \u0434\u0435\u0440\u0435\u0432\u043d\u0438 \u041b\u0430\u043f\u0438\u043d\u043e:"
            }
        },
        {
            "type": "Feature",
            "geometry": {
                "type": "Polygon",
                "coordinates": [
                    [
                        [
                            35.72394444444445,
                            55.7835
                        ],
                        [
                            35.727111111111114,
                            55.78113888888889
                        ],
                        [
                            35.72302777777778,
                            55.776944444444446
                        ],
                        [
                            35.72658333333334,
                            55.774972222222225
                        ],
                        [
                            35.72394444444445,
                            55.7835
                        ]
                    ]
                ]
            },
            "properties": {
                "description": "\u0412\u043e\u043b\u043e\u043a\u043e\u043b\u0430\u043c\u0441\u043a\u0438\u0439 \u0433\u043e\u0440\u043e\u0434\u0441\u043a\u043e\u0439 \u043e\u043a\u0440\u0443\u0433 -> \u0440\u0435\u043a\u0430 \u0418\u0441\u043a\u043e\u043d\u0430: \u0432 \u0433\u0440\u0430\u043d\u0438\u0446\u0430\u0445 \u0434\u0435\u0440\u0435\u0432\u043d\u0438 \u0424\u0435\u0434\u043e\u0441\u0438\u043d\u043e:"
            }
        },
        {
            "type": "Feature",
            "geometry": {
                "type": "Polygon",
                "coordinates": [
                    [
                        [
                            35.88747222222222,
                            55.872277777777775
                        ],
                        [
                            35.897444444444446,
                            55.874027777777776
                        ],
                        [
                            35.897666666666666,
                            55.86986111111111
                        ],
                        [
                            35.90397222222222,
                            55.87008333333333
                        ],
                        [
                            35.88747222222222,
                            55.872277777777775
                        ]
                    ]
                ]
            },
            "properties": {
                "description": "\u0412\u043e\u043b\u043e\u043a\u043e\u043b\u0430\u043c\u0441\u043a\u0438\u0439 \u0433\u043e\u0440\u043e\u0434\u0441\u043a\u043e\u0439 \u043e\u043a\u0440\u0443\u0433 -> \u0440\u0435\u043a\u0430 \u0412\u043e\u043b\u043e\u0448\u043d\u044f: \u0432 \u0433\u0440\u0430\u043d\u0438\u0446\u0430\u0445 \u0434\u0435\u0440\u0435\u0432\u043d\u0438 \u0421\u0442\u0430\u043d\u043e\u0432\u0438\u0449\u0435:"
            }
        },
        {
            "type": "Feature",
            "geometry": {
                "type": "Polygon",
                "coordinates": [
                    [
                        [
                            35.94916666666666,
                            55.92433333333333
                        ],
                        [
                            35.948249999999994,
                            55.92938888888889
                        ],
                        [
                            35.95869444444445,
                            55.930277777777775
                        ],
                        [
                            35.94916666666666,
                            55.92433333333333
                        ]
                    ]
                ]
            },
            "properties": {
                "description": "\u0412\u043e\u043b\u043e\u043a\u043e\u043b\u0430\u043c\u0441\u043a\u0438\u0439 \u0433\u043e\u0440\u043e\u0434\u0441\u043a\u043e\u0439 \u043e\u043a\u0440\u0443\u0433 -> \u0440\u0435\u043a\u0430 \u0412\u043e\u043b\u043e\u0448\u043d\u044f: \u0432 \u0433\u0440\u0430\u043d\u0438\u0446\u0430\u0445 \u0434\u0435\u0440\u0435\u0432\u043d\u0438 \u0418\u0435\u0432\u043b\u0435\u0432\u043e:"
            }
        },
        {
            "type": "Feature",
            "geometry": {
                "type": "Polygon",
                "coordinates": [
                    [
                        [
                            35.92091666666666,
                            55.904805555555555
                        ],
                        [
                            35.91961111111111,
                            55.90405555555555
                        ],
                        [
                            35.918166666666664,
                            55.903277777777774
                        ],
                        [
                            35.91611111111111,
                            55.90280555555555
                        ],
                        [
                            35.92091666666666,
                            55.904805555555555
                        ]
                    ]
                ]
            },
            "properties": {
                "description": "\u0412\u043e\u043b\u043e\u043a\u043e\u043b\u0430\u043c\u0441\u043a\u0438\u0439 \u0433\u043e\u0440\u043e\u0434\u0441\u043a\u043e\u0439 \u043e\u043a\u0440\u0443\u0433 -> \u0440\u0435\u043a\u0430 \u0412\u043e\u043b\u043e\u0448\u043d\u044f: \u0432 \u0433\u0440\u0430\u043d\u0438\u0446\u0430\u0445 \u0434\u0435\u0440\u0435\u0432\u043d\u0438 \u0427\u0435\u0440\u0442\u0430\u043d\u043e\u0432\u043e:"
            }
        },
        {
            "type": "Feature",
            "geometry": {
                "type": "Polygon",
                "coordinates": [
                    [
                        [
                            35.933,
                            55.887861111111114
                        ],
                        [
                            35.930388888888885,
                            55.886805555555554
                        ],
                        [
                            35.93008333333333,
                            55.88547222222222
                        ],
                        [
                            35.92811111111111,
                            55.884388888888886
                        ],
                        [
                            35.933,
                            55.887861111111114
                        ]
                    ]
                ]
            },
            "properties": {
                "description": "\u0412\u043e\u043b\u043e\u043a\u043e\u043b\u0430\u043c\u0441\u043a\u0438\u0439 \u0433\u043e\u0440\u043e\u0434\u0441\u043a\u043e\u0439 \u043e\u043a\u0440\u0443\u0433 -> \u0440\u0435\u043a\u0430 \u0412\u043e\u043b\u043e\u0448\u043d\u044f: \u0432 \u0433\u0440\u0430\u043d\u0438\u0446\u0430\u0445 \u0434\u0435\u0440\u0435\u0432\u043d\u0438 \u041a\u0443\u0437\u044c\u043c\u0438\u043d\u0441\u043a\u043e\u0435:"
            }
        },
        {
            "type": "Feature",
            "geometry": {
                "type": "Polygon",
                "coordinates": [
                    [
                        [
                            35.95655555555556,
                            56.15380555555556
                        ],
                        [
                            35.956611111111116,
                            56.15336111111111
                        ],
                        [
                            35.95605555555556,
                            56.15288888888889
                        ],
                        [
                            35.956138888888894,
                            56.15230555555556
                        ],
                        [
                            35.95655555555556,
                            56.15380555555556
                        ]
                    ]
                ]
            },
            "properties": {
                "description": "\u0412\u043e\u043b\u043e\u043a\u043e\u043b\u0430\u043c\u0441\u043a\u0438\u0439 \u0433\u043e\u0440\u043e\u0434\u0441\u043a\u043e\u0439 \u043e\u043a\u0440\u0443\u0433 -> \u0440\u0435\u043a\u0430 \u0427\u0435\u0440\u043d\u0430\u044f: \u0432 \u0433\u0440\u0430\u043d\u0438\u0446\u0430\u0445 \u0434\u0435\u0440\u0435\u0432\u043d\u0438 \u0420\u0435\u0447\u043a\u0438:"
            }
        },
        {
            "type": "Feature",
            "geometry": {
                "type": "Polygon",
                "coordinates": [
                    [
                        [
                            36.01455555555555,
                            56.087500000000006
                        ],
                        [
                            36.01658333333334,
                            56.08569444444445
                        ],
                        [
                            36.019194444444445,
                            56.083222222222226
                        ],
                        [
                            36.02005555555556,
                            56.080194444444444
                        ],
                        [
                            36.01455555555555,
                            56.087500000000006
                        ]
                    ]
                ]
            },
            "properties": {
                "description": "\u0412\u043e\u043b\u043e\u043a\u043e\u043b\u0430\u043c\u0441\u043a\u0438\u0439 \u0433\u043e\u0440\u043e\u0434\u0441\u043a\u043e\u0439 \u043e\u043a\u0440\u0443\u0433 -> \u0440\u0435\u043a\u0430 \u0427\u0435\u0440\u043d\u0430\u044f: \u0432 \u0433\u0440\u0430\u043d\u0438\u0446\u0430\u0445 \u0434\u0435\u0440\u0435\u0432\u043d\u0438 \u0411\u044b\u043a\u043e\u0432\u043e:"
            }
        },
        {
            "type": "Feature",
            "geometry": {
                "type": "Polygon",
                "coordinates": [
                    [
                        [
                            35.96727777777778,
                            56.13963888888889
                        ],
                        [
                            35.96827777777778,
                            56.139833333333335
                        ],
                        [
                            35.969277777777776,
                            56.13891666666667
                        ],
                        [
                            35.970444444444446,
                            56.13783333333333
                        ],
                        [
                            35.96727777777778,
                            56.13963888888889
                        ]
                    ]
                ]
            },
            "properties": {
                "description": "\u0412\u043e\u043b\u043e\u043a\u043e\u043b\u0430\u043c\u0441\u043a\u0438\u0439 \u0433\u043e\u0440\u043e\u0434\u0441\u043a\u043e\u0439 \u043e\u043a\u0440\u0443\u0433 -> \u0440\u0435\u043a\u0430 \u0427\u0435\u0440\u043d\u0430\u044f: \u0432 \u0433\u0440\u0430\u043d\u0438\u0446\u0430\u0445 \u0434\u0435\u0440\u0435\u0432\u043d\u0438 \u0411\u043e\u0440\u0442\u043d\u0438\u043a\u0438:"
            }
        },
        {
            "type": "Feature",
            "geometry": {
                "type": "Polygon",
                "coordinates": [
                    [
                        [
                            35.97613888888889,
                            56.11233333333333
                        ],
                        [
                            35.97663888888889,
                            56.11138888888889
                        ],
                        [
                            35.97952777777778,
                            56.109972222222225
                        ],
                        [
                            35.98436111111111,
                            56.108583333333335
                        ],
                        [
                            35.97613888888889,
                            56.11233333333333
                        ]
                    ]
                ]
            },
            "properties": {
                "description": "\u0412\u043e\u043b\u043e\u043a\u043e\u043b\u0430\u043c\u0441\u043a\u0438\u0439 \u0433\u043e\u0440\u043e\u0434\u0441\u043a\u043e\u0439 \u043e\u043a\u0440\u0443\u0433 -> \u0440\u0435\u043a\u0430 \u0427\u0435\u0440\u043d\u0430\u044f: \u0432 \u0433\u0440\u0430\u043d\u0438\u0446\u0430\u0445 \u0434\u0435\u0440\u0435\u0432\u043d\u0438 \u0421\u043e\u0444\u044c\u0438\u043d\u043e:"
            }
        },
        {
            "type": "Feature",
            "geometry": {
                "type": "Polygon",
                "coordinates": [
                    [
                        [
                            35.827111111111115,
                            56.01244444444445
                        ],
                        [
                            35.82636111111111,
                            56.01580555555555
                        ],
                        [
                            35.81569444444444,
                            56.01927777777777
                        ],
                        [
                            35.82205555555556,
                            56.017805555555555
                        ],
                        [
                            35.827111111111115,
                            56.01244444444445
                        ]
                    ]
                ]
            },
            "properties": {
                "description": "\u0412\u043e\u043b\u043e\u043a\u043e\u043b\u0430\u043c\u0441\u043a\u0438\u0439 \u0433\u043e\u0440\u043e\u0434\u0441\u043a\u043e\u0439 \u043e\u043a\u0440\u0443\u0433 -> \u0440\u0435\u043a\u0430 \u0421\u0435\u043b\u0435\u0441\u043d\u044f: \u0432 \u0433\u0440\u0430\u043d\u0438\u0446\u0430\u0445 \u0434\u0435\u0440\u0435\u0432\u043d\u0438 \u0417\u0443\u0431\u043e\u0432\u043e:"
            }
        },
        {
            "type": "Feature",
            "geometry": {
                "type": "Polygon",
                "coordinates": [
                    [
                        [
                            35.90730555555555,
                            56.03025
                        ],
                        [
                            35.90852777777778,
                            56.03047222222222
                        ],
                        [
                            35.90961111111111,
                            56.03102777777778
                        ],
                        [
                            35.91072222222222,
                            56.03180555555556
                        ],
                        [
                            35.904333333333334,
                            56.04311111111111
                        ],
                        [
                            35.904666666666664,
                            56.0435
                        ],
                        [
                            35.904583333333335,
                            56.043638888888886
                        ],
                        [
                            35.904222222222224,
                            56.04383333333333
                        ],
                        [
                            35.90730555555555,
                            56.03025
                        ]
                    ]
                ]
            },
            "properties": {
                "description": "\u0412\u043e\u043b\u043e\u043a\u043e\u043b\u0430\u043c\u0441\u043a\u0438\u0439 \u0433\u043e\u0440\u043e\u0434\u0441\u043a\u043e\u0439 \u043e\u043a\u0440\u0443\u0433 -> \u0440\u0435\u043a\u0430 \u0421\u0435\u043b\u0435\u0441\u043d\u044f: \u0432 \u0433\u0440\u0430\u043d\u0438\u0446\u0430\u0445 \u0434\u0435\u0440\u0435\u0432\u043d\u0438 \u0425\u0432\u043e\u0440\u043e\u0441\u0442\u0438\u043d\u0438\u043d\u043e \u0443 \u043c\u043e\u0441\u0442\u0430:"
            }
        },
        {
            "type": "Feature",
            "geometry": {
                "type": "Polygon",
                "coordinates": [
                    [
                        [
                            35.99047222222222,
                            56.02722222222222
                        ],
                        [
                            35.995444444444445,
                            56.026916666666665
                        ],
                        [
                            35.99786111111111,
                            56.02636111111111
                        ],
                        [
                            35.99047222222222,
                            56.02722222222222
                        ]
                    ]
                ]
            },
            "properties": {
                "description": "\u0412\u043e\u043b\u043e\u043a\u043e\u043b\u0430\u043c\u0441\u043a\u0438\u0439 \u0433\u043e\u0440\u043e\u0434\u0441\u043a\u043e\u0439 \u043e\u043a\u0440\u0443\u0433 -> \u0440\u0435\u043a\u0430 \u0413\u043e\u0440\u043e\u0434\u043d\u044f: \u0432 \u0433\u0440\u0430\u043d\u0438\u0446\u0430\u0445 \u0434\u0435\u0440\u0435\u0432\u043d\u0438 \u041c\u0443\u0440\u043e\u043c\u0446\u0435\u0432\u043e:"
            }
        },
        {
            "type": "Feature",
            "geometry": {
                "type": "Polygon",
                "coordinates": [
                    [
                        [
                            35.97061111111111,
                            56.03341666666667
                        ],
                        [
                            35.96938888888889,
                            56.033277777777776
                        ],
                        [
                            35.970333333333336,
                            56.034416666666665
                        ],
                        [
                            35.97119444444445,
                            56.03422222222222
                        ],
                        [
                            35.92169444444444,
                            56.058055555555555
                        ],
                        [
                            35.921388888888885,
                            56.05836111111111
                        ],
                        [
                            35.92205555555555,
                            56.05855555555555
                        ],
                        [
                            35.97061111111111,
                            56.03341666666667
                        ]
                    ]
                ]
            },
            "properties": {
                "description": "\u0412\u043e\u043b\u043e\u043a\u043e\u043b\u0430\u043c\u0441\u043a\u0438\u0439 \u0433\u043e\u0440\u043e\u0434\u0441\u043a\u043e\u0439 \u043e\u043a\u0440\u0443\u0433 -> \u0440\u0435\u043a\u0430 \u0413\u043e\u0440\u043e\u0434\u043d\u044f: \u0432 \u0433\u0440\u0430\u043d\u0438\u0446\u0430\u0445 \u0440\u0430\u0439\u043e\u043d\u0430 \u0432\u043e\u043b\u043e\u043a\u043e\u043b\u0430\u043c\u0441\u043a\u043e\u0439 \u043f\u043b\u043e\u0442\u0438\u043d\u044b:"
            }
        },
        {
            "type": "Feature",
            "geometry": {
                "type": "Polygon",
                "coordinates": [
                    [
                        [
                            35.83677777777778,
                            55.988
                        ],
                        [
                            35.844055555555556,
                            55.98738888888889
                        ],
                        [
                            35.84863888888889,
                            55.98716666666667
                        ],
                        [
                            35.85302777777778,
                            55.98416666666667
                        ],
                        [
                            35.83677777777778,
                            55.988
                        ]
                    ]
                ]
            },
            "properties": {
                "description": "\u0412\u043e\u043b\u043e\u043a\u043e\u043b\u0430\u043c\u0441\u043a\u0438\u0439 \u0433\u043e\u0440\u043e\u0434\u0441\u043a\u043e\u0439 \u043e\u043a\u0440\u0443\u0433 -> \u0440\u0435\u043a\u0430 \u0412\u0435\u043b\u044c\u0433\u0430: \u0432 \u0433\u0440\u0430\u043d\u0438\u0446\u0430\u0445 \u0434\u0435\u0440\u0435\u0432\u043d\u0438 \u0422\u0438\u043c\u043e\u0448\u0435\u0432\u043e:"
            }
        },
        {
            "type": "Feature",
            "geometry": {
                "type": "Polygon",
                "coordinates": [
                    [
                        [
                            35.808611111111105,
                            55.99036111111111
                        ],
                        [
                            35.81463888888889,
                            55.987833333333334
                        ],
                        [
                            35.821472222222226,
                            55.98916666666667
                        ],
                        [
                            35.829972222222224,
                            55.988527777777776
                        ],
                        [
                            35.91872222222222,
                            56.01394444444445
                        ],
                        [
                            35.91891666666666,
                            56.014361111111114
                        ],
                        [
                            35.919444444444444,
                            56.01444444444444
                        ],
                        [
                            35.808611111111105,
                            55.99036111111111
                        ]
                    ]
                ]
            },
            "properties": {
                "description": "\u0412\u043e\u043b\u043e\u043a\u043e\u043b\u0430\u043c\u0441\u043a\u0438\u0439 \u0433\u043e\u0440\u043e\u0434\u0441\u043a\u043e\u0439 \u043e\u043a\u0440\u0443\u0433 -> \u0440\u0435\u043a\u0430 \u0412\u0435\u043b\u044c\u0433\u0430: \u0432 \u0433\u0440\u0430\u043d\u0438\u0446\u0430\u0445 \u0434\u0435\u0440\u0435\u0432\u043d\u0438 \u041a\u043e\u0437\u0438\u043d\u043e:"
            }
        },
        {
            "type": "Feature",
            "geometry": {
                "type": "Polygon",
                "coordinates": [
                    [
                        [
                            35.85933333333333,
                            55.909305555555555
                        ],
                        [
                            35.858555555555554,
                            55.910444444444444
                        ],
                        [
                            35.85827777777778,
                            55.911249999999995
                        ],
                        [
                            35.86280555555556,
                            55.91605555555555
                        ],
                        [
                            35.867555555555555,
                            55.89158333333333
                        ],
                        [
                            35.86683333333333,
                            55.891444444444446
                        ],
                        [
                            35.86805555555556,
                            55.89122222222222
                        ],
                        [
                            35.85933333333333,
                            55.909305555555555
                        ]
                    ]
                ]
            },
            "properties": {
                "description": "\u0412\u043e\u043b\u043e\u043a\u043e\u043b\u0430\u043c\u0441\u043a\u0438\u0439 \u0433\u043e\u0440\u043e\u0434\u0441\u043a\u043e\u0439 \u043e\u043a\u0440\u0443\u0433 -> \u0440\u0435\u043a\u0430 \u0414\u0435\u043c\u0448\u0435\u043d\u043a\u043e: \u0432 \u0433\u0440\u0430\u043d\u0438\u0446\u0430\u0445 \u0434\u0435\u0440\u0435\u0432\u043d\u0438 \u041a\u043b\u0438\u0448\u0438\u043d\u043e:"
            }
        },
        {
            "type": "Feature",
            "geometry": {
                "type": "Polygon",
                "coordinates": [
                    [
                        [
                            35.78386111111111,
                            56.14413888888889
                        ],
                        [
                            35.79116666666666,
                            56.14333333333333
                        ],
                        [
                            35.79408333333333,
                            56.14275
                        ],
                        [
                            35.79383333333333,
                            56.14008333333333
                        ],
                        [
                            35.795833333333334,
                            56.139583333333334
                        ],
                        [
                            35.79658333333333,
                            56.13908333333333
                        ],
                        [
                            35.797666666666665,
                            56.13908333333333
                        ],
                        [
                            35.78386111111111,
                            56.14413888888889
                        ]
                    ]
                ]
            },
            "properties": {
                "description": "\u0412\u043e\u043b\u043e\u043a\u043e\u043b\u0430\u043c\u0441\u043a\u0438\u0439 \u0433\u043e\u0440\u043e\u0434\u0441\u043a\u043e\u0439 \u043e\u043a\u0440\u0443\u0433 -> \u0440\u0435\u043a\u0430 \u041a\u043e\u043b\u043f\u044f\u043d\u0430: \u0432 \u0433\u0440\u0430\u043d\u0438\u0446\u0430\u0445 \u0434\u0435\u0440\u0435\u0432\u043d\u0438 \u042e\u0440\u043a\u0438\u043d\u043e:"
            }
        },
        {
            "type": "Feature",
            "geometry": {
                "type": "Polygon",
                "coordinates": [
                    [
                        [
                            35.70641666666667,
                            55.78941666666667
                        ],
                        [
                            35.70761111111111,
                            55.789944444444444
                        ],
                        [
                            35.70966666666667,
                            55.78991666666666
                        ],
                        [
                            35.70641666666667,
                            55.78941666666667
                        ]
                    ]
                ]
            },
            "properties": {
                "description": "\u0412\u043e\u043b\u043e\u043a\u043e\u043b\u0430\u043c\u0441\u043a\u0438\u0439 \u0433\u043e\u0440\u043e\u0434\u0441\u043a\u043e\u0439 \u043e\u043a\u0440\u0443\u0433 -> \u0440\u0435\u043a\u0430 \u0428\u0443\u043c\u0430\u0440\u0438\u0445\u0430: \u0443\u0441\u0442\u044c\u0435 \u0440\u0435\u043a\u0438:"
            }
        },
        {
            "type": "Feature",
            "geometry": {
                "type": "Polygon",
                "coordinates": [
                    [
                        [
                            35.72522222222222,
                            55.75677777777778
                        ],
                        [
                            35.72925,
                            55.75563888888889
                        ],
                        [
                            35.728,
                            55.754888888888885
                        ],
                        [
                            35.72522222222222,
                            55.75677777777778
                        ]
                    ]
                ]
            },
            "properties": {
                "description": "\u0412\u043e\u043b\u043e\u043a\u043e\u043b\u0430\u043c\u0441\u043a\u0438\u0439 \u0433\u043e\u0440\u043e\u0434\u0441\u043a\u043e\u0439 \u043e\u043a\u0440\u0443\u0433 -> \u0440\u0435\u043a\u0430 \u041a\u043e\u043b\u043e\u043f\u043e\u0432\u043a\u0430: \u0443\u0441\u0442\u044c\u0435 (50 \u043c \u0432\u044b\u0448\u0435 \u0438 \u043d\u0438\u0436\u0435 \u043f\u043e \u0442\u0435\u0447\u0435\u043d\u0438\u044e \u043e\u0442 \u043c\u0435\u0441\u0442\u0430 \u0432\u043f\u0430\u0434\u0435\u043d\u0438\u044f):"
            }
        },
        {
            "type": "Feature",
            "geometry": {
                "type": "Polygon",
                "coordinates": [
                    [
                        [
                            36.22580555555556,
                            55.969722222222224
                        ],
                        [
                            36.218472222222225,
                            55.97325
                        ],
                        [
                            36.23283333333333,
                            55.98188888888889
                        ],
                        [
                            36.23244444444445,
                            55.98738888888889
                        ],
                        [
                            36.23308333333333,
                            55.978750000000005
                        ],
                        [
                            36.22580555555556,
                            55.969722222222224
                        ]
                    ]
                ]
            },
            "properties": {
                "description": "\u0412\u043e\u043b\u043e\u043a\u043e\u043b\u0430\u043c\u0441\u043a\u0438\u0439 \u0433\u043e\u0440\u043e\u0434\u0441\u043a\u043e\u0439 \u043e\u043a\u0440\u0443\u0433 -> \u0421\u044b\u0447\u0435\u0432\u0441\u043a\u043e\u0435 \u0432\u043e\u0434\u043e\u0445\u0440\u0430\u043d\u0438\u043b\u0438\u0449\u0435: \u0432 \u0440\u0430\u0439\u043e\u043d\u0435 \u043c\u043e\u0441\u0442\u0430 \u043f\u043e\u0441\u0435\u043b\u043a\u0430 \u0421\u044b\u0447\u0435\u0432\u043e:"
            }
        },
        {
            "type": "Feature",
            "geometry": {
                "type": "Polygon",
                "coordinates": [
                    [
                        [
                            35.86380555555556,
                            55.850500000000004
                        ],
                        [
                            35.864583333333336,
                            55.84691666666667
                        ],
                        [
                            35.87097222222222,
                            55.84408333333334
                        ],
                        [
                            35.877250000000004,
                            55.847388888888894
                        ],
                        [
                            35.86380555555556,
                            55.850500000000004
                        ]
                    ]
                ]
            },
            "properties": {
                "description": "\u0412\u043e\u043b\u043e\u043a\u043e\u043b\u0430\u043c\u0441\u043a\u0438\u0439 \u0433\u043e\u0440\u043e\u0434\u0441\u043a\u043e\u0439 \u043e\u043a\u0440\u0443\u0433 -> \u0420\u0443\u0437\u0441\u043a\u043e\u0435 \u0432\u043e\u0434\u043e\u0445\u0440\u0430\u043d\u0438\u043b\u0438\u0449\u0435: \u0431\u0435\u0440\u0435\u0433\u043e\u0432\u0430\u044f \u043b\u0438\u043d\u0438\u044f \u043e\u0442 \u043c\u043e\u0441\u0442\u0430 \u0430\u0432\u0442\u043e\u0434\u043e\u0440\u043e\u0433\u0438 \"\u041e\u0441\u0442\u0430\u0448\u043e\u0432\u043e - \u0411\u043e\u043b\u044b\u0447\u0435\u0432\u043e\" \u0447\u0435\u0440\u0435\u0437 \u0440\u0435\u043a\u0443 \u0420\u0443\u0437\u0430 \u0434\u043e \u0437\u0430\u043b\u0438\u0432\u0430 \u043e\u043a\u043e\u043b\u043e \u0434\u0435\u0440\u0435\u0432\u043d\u0438 \u0411\u0440\u0430\u0436\u043d\u0438\u043a\u043e\u0432\u043e \u043f\u0440\u0430\u0432\u044b\u0439 \u0431\u0435\u0440\u0435\u0433 \u0432\u043d\u0438\u0437 \u043f\u043e \u0442\u0435\u0447\u0435\u043d\u0438\u044e:"
            }
        },
        {
            "type": "Feature",
            "geometry": {
                "type": "Polygon",
                "coordinates": [
                    [
                        [
                            35.84330555555556,
                            55.84927777777778
                        ],
                        [
                            35.839111111111116,
                            55.84858333333334
                        ],
                        [
                            35.83522222222223,
                            55.846944444444446
                        ],
                        [
                            35.82922222222223,
                            55.846805555555555
                        ],
                        [
                            35.84330555555556,
                            55.84927777777778
                        ]
                    ]
                ]
            },
            "properties": {
                "description": "\u0412\u043e\u043b\u043e\u043a\u043e\u043b\u0430\u043c\u0441\u043a\u0438\u0439 \u0433\u043e\u0440\u043e\u0434\u0441\u043a\u043e\u0439 \u043e\u043a\u0440\u0443\u0433 -> \u0440\u0435\u043a\u0430 \u0420\u0443\u0437\u0430: \u0440\u0430\u0439\u043e\u043d \u0434\u0435\u0440\u0435\u0432\u043d\u0438 \u0416\u0443\u043b\u0438\u043d\u043e:"
            }
        },
        {
            "type": "Feature",
            "geometry": {
                "type": "Polygon",
                "coordinates": [
                    [
                        [
                            35.72944444444445,
                            55.88075
                        ],
                        [
                            35.727222222222224,
                            55.87777777777778
                        ],
                        [
                            35.731861111111115,
                            55.87580555555556
                        ],
                        [
                            35.724555555555554,
                            55.87488888888889
                        ],
                        [
                            35.72944444444445,
                            55.88075
                        ]
                    ]
                ]
            },
            "properties": {
                "description": "\u0412\u043e\u043b\u043e\u043a\u043e\u043b\u0430\u043c\u0441\u043a\u0438\u0439 \u0433\u043e\u0440\u043e\u0434\u0441\u043a\u043e\u0439 \u043e\u043a\u0440\u0443\u0433 -> \u0440\u0435\u043a\u0430 \u0420\u0443\u0437\u0430: \u0440\u0430\u0439\u043e\u043d \u0434\u0435\u0440\u0435\u0432\u043d\u0438 \u0427\u0435\u0440\u043d\u0435\u0432\u043e:"
            }
        },
        {
            "type": "Feature",
            "geometry": {
                "type": "Polygon",
                "coordinates": [
                    [
                        [
                            35.72738888888889,
                            55.92436111111111
                        ],
                        [
                            35.71955555555556,
                            55.92505555555555
                        ],
                        [
                            35.71416666666667,
                            55.92680555555555
                        ],
                        [
                            35.71336111111111,
                            55.92861111111111
                        ],
                        [
                            35.72738888888889,
                            55.92436111111111
                        ]
                    ]
                ]
            },
            "properties": {
                "description": "\u0412\u043e\u043b\u043e\u043a\u043e\u043b\u0430\u043c\u0441\u043a\u0438\u0439 \u0433\u043e\u0440\u043e\u0434\u0441\u043a\u043e\u0439 \u043e\u043a\u0440\u0443\u0433 -> \u0440\u0435\u043a\u0430 \u0420\u0443\u0437\u0430: \u0440\u0430\u0439\u043e\u043d \u0434\u0435\u0440\u0435\u0432\u043d\u0438 \u041a\u0440\u0430\u0441\u043d\u0430\u044f \u0433\u043e\u0440\u043a\u0430:"
            }
        },
        {
            "type": "Feature",
            "geometry": {
                "type": "Polygon",
                "coordinates": [
                    [
                        [
                            35.781888888888886,
                            55.83947222222223
                        ],
                        [
                            35.78830555555555,
                            55.84547222222223
                        ],
                        [
                            35.79216666666667,
                            55.84252777777778
                        ],
                        [
                            35.797694444444446,
                            55.837583333333335
                        ],
                        [
                            35.781888888888886,
                            55.83947222222223
                        ]
                    ]
                ]
            },
            "properties": {
                "description": "\u0412\u043e\u043b\u043e\u043a\u043e\u043b\u0430\u043c\u0441\u043a\u0438\u0439 \u0433\u043e\u0440\u043e\u0434\u0441\u043a\u043e\u0439 \u043e\u043a\u0440\u0443\u0433 -> \u0440\u0435\u043a\u0430 \u0420\u0443\u0437\u0430: \u0440\u0430\u0439\u043e\u043d \u0434\u0435\u0440\u0435\u0432\u043d\u0438 \u0414\u0435\u0440\u0431\u0435\u043d\u0446\u0435\u0432\u043e:"
            }
        },
        {
            "type": "Feature",
            "geometry": {
                "type": "Polygon",
                "coordinates": [
                    [
                        [
                            35.81502777777777,
                            55.83530555555556
                        ],
                        [
                            35.81702777777778,
                            55.84077777777778
                        ],
                        [
                            35.81919444444445,
                            55.84452777777778
                        ],
                        [
                            35.82488888888889,
                            55.84577777777778
                        ],
                        [
                            35.81502777777777,
                            55.83530555555556
                        ]
                    ]
                ]
            },
            "properties": {
                "description": "\u0412\u043e\u043b\u043e\u043a\u043e\u043b\u0430\u043c\u0441\u043a\u0438\u0439 \u0433\u043e\u0440\u043e\u0434\u0441\u043a\u043e\u0439 \u043e\u043a\u0440\u0443\u0433 -> \u0440\u0435\u043a\u0430 \u0420\u0443\u0437\u0430: \u0440\u0430\u0439\u043e\u043d \u0434\u0435\u0440\u0435\u0432\u043d\u0438 \u041d\u043e\u0432\u043e\u0431\u043e\u0442\u043e\u0432\u043e:"
            }
        },
        {
            "type": "Feature",
            "geometry": {
                "type": "Polygon",
                "coordinates": [
                    [
                        [
                            35.76244444444445,
                            55.854083333333335
                        ],
                        [
                            35.75311111111111,
                            55.85516666666667
                        ],
                        [
                            35.745111111111115,
                            55.848888888888894
                        ],
                        [
                            35.75238888888889,
                            55.84697222222223
                        ],
                        [
                            35.76244444444445,
                            55.854083333333335
                        ]
                    ]
                ]
            },
            "properties": {
                "description": "\u0412\u043e\u043b\u043e\u043a\u043e\u043b\u0430\u043c\u0441\u043a\u0438\u0439 \u0433\u043e\u0440\u043e\u0434\u0441\u043a\u043e\u0439 \u043e\u043a\u0440\u0443\u0433 -> \u0440\u0435\u043a\u0430 \u0420\u0443\u0437\u0430: \u0440\u0430\u0439\u043e\u043d \u0434\u0435\u0440\u0435\u0432\u043d\u0438 \u041c\u0430\u043b\u043e\u0435 \u0421\u044b\u0442\u044c\u043a\u043e\u0432\u043e:"
            }
        },
        {
            "type": "Feature",
            "geometry": {
                "type": "Polygon",
                "coordinates": [
                    [
                        [
                            36.291888888888884,
                            55.64533333333333
                        ],
                        [
                            36.30308333333333,
                            55.64422222222222
                        ],
                        [
                            36.30408333333333,
                            55.638888888888886
                        ],
                        [
                            36.297333333333334,
                            55.63775
                        ],
                        [
                            36.291888888888884,
                            55.64533333333333
                        ]
                    ]
                ]
            },
            "properties": {
                "description": "\u0412\u043e\u043b\u043e\u043a\u043e\u043b\u0430\u043c\u0441\u043a\u0438\u0439 \u0433\u043e\u0440\u043e\u0434\u0441\u043a\u043e\u0439 \u043e\u043a\u0440\u0443\u0433 -> \u0440\u0435\u043a\u0430 \u0420\u0443\u0437\u0430: \u0440\u0430\u0439\u043e\u043d \u0441\u0430\u043d\u0430\u0442\u043e\u0440\u0438\u044f \"\u0414\u043e\u0440\u043e\u0445\u043e\u0432\u043e\":"
            }
        },
        {
            "type": "Feature",
            "geometry": {
                "type": "Polygon",
                "coordinates": [
                    [
                        [
                            35.752027777777776,
                            55.84719444444445
                        ],
                        [
                            35.75255555555555,
                            55.844500000000004
                        ],
                        [
                            35.76283333333333,
                            55.84430555555556
                        ],
                        [
                            35.773555555555554,
                            55.846611111111116
                        ],
                        [
                            35.752027777777776,
                            55.84719444444445
                        ]
                    ]
                ]
            },
            "properties": {
                "description": "\u0412\u043e\u043b\u043e\u043a\u043e\u043b\u0430\u043c\u0441\u043a\u0438\u0439 \u0433\u043e\u0440\u043e\u0434\u0441\u043a\u043e\u0439 \u043e\u043a\u0440\u0443\u0433 -> \u0440\u0435\u043a\u0430 \u0420\u0443\u0437\u0430: \u0440\u0430\u0439\u043e\u043d \u0434\u0435\u0440\u0435\u0432\u043d\u0438 \u041a\u0430\u0448\u0438\u043b\u043e\u0432\u043e:"
            }
        },
        {
            "type": "Feature",
            "geometry": {
                "type": "Polygon",
                "coordinates": [
                    [
                        [
                            36.162527777777775,
                            55.708000000000006
                        ],
                        [
                            36.166333333333334,
                            55.703138888888894
                        ],
                        [
                            36.17069444444444,
                            55.692277777777775
                        ],
                        [
                            36.162527777777775,
                            55.708000000000006
                        ]
                    ]
                ]
            },
            "properties": {
                "description": "\u0412\u043e\u043b\u043e\u043a\u043e\u043b\u0430\u043c\u0441\u043a\u0438\u0439 \u0433\u043e\u0440\u043e\u0434\u0441\u043a\u043e\u0439 \u043e\u043a\u0440\u0443\u0433 -> \u0440\u0435\u043a\u0430 \u0420\u0443\u0437\u0430: \u0440\u0430\u0439\u043e\u043d \u0434\u0435\u0440\u0435\u0432\u043d\u0438 \u0421\u044b\u0442\u044c\u043a\u043e\u0432\u043e:"
            }
        },
        {
            "type": "Feature",
            "geometry": {
                "type": "Polygon",
                "coordinates": [
                    [
                        [
                            36.10813888888889,
                            55.75013888888889
                        ],
                        [
                            36.11505555555556,
                            55.749694444444444
                        ],
                        [
                            36.125194444444446,
                            55.754305555555554
                        ],
                        [
                            36.10813888888889,
                            55.75013888888889
                        ]
                    ]
                ]
            },
            "properties": {
                "description": "\u0412\u043e\u043b\u043e\u043a\u043e\u043b\u0430\u043c\u0441\u043a\u0438\u0439 \u0433\u043e\u0440\u043e\u0434\u0441\u043a\u043e\u0439 \u043e\u043a\u0440\u0443\u0433 -> \u0440\u0435\u043a\u0430 \u0420\u0443\u0437\u0430: \u0440\u0430\u0439\u043e\u043d \u0434\u0435\u0440\u0435\u0432\u043d\u0438 \u041c\u0430\u043b\u043e\u0438\u0432\u0430\u043d\u0446\u0435\u0432\u043e:"
            }
        },
        {
            "type": "Feature",
            "geometry": {
                "type": "Polygon",
                "coordinates": [
                    [
                        [
                            38.119277777777775,
                            55.75775
                        ],
                        [
                            38.109611111111114,
                            55.76094444444445
                        ],
                        [
                            38.11888888888889,
                            55.77572222222222
                        ],
                        [
                            38.127611111111115,
                            55.77569444444444
                        ],
                        [
                            38.119277777777775,
                            55.75775
                        ]
                    ]
                ]
            },
            "properties": {
                "description": "\u0411\u043e\u0433\u043e\u0440\u043e\u0434\u0441\u043a\u0438\u0439 \u0433\u043e\u0440\u043e\u0434\u0441\u043a\u043e\u0439 \u043e\u043a\u0440\u0443\u0433 -> \u043e\u0437\u0435\u0440\u043e \u0411\u0438\u0441\u0435\u0440\u043e\u0432\u043e: 50 \u043c \u043e\u0442 \u0443\u0440\u0435\u0437\u0430 \u0432\u043e\u0434\u044b \u0432\u0433\u043b\u0443\u0431\u044c \u0430\u043a\u0432\u0430\u0442\u043e\u0440\u0438\u0438:"
            }
        },
        {
            "type": "Feature",
            "geometry": {
                "type": "Polygon",
                "coordinates": [
                    [
                        [
                            38.124027777777776,
                            55.81469444444444
                        ],
                        [
                            38.15416666666667,
                            55.80902777777777
                        ],
                        [
                            38.124027777777776,
                            55.81469444444444
                        ]
                    ]
                ]
            },
            "properties": {
                "description": "\u0411\u043e\u0433\u043e\u0440\u043e\u0434\u0441\u043a\u0438\u0439 \u0433\u043e\u0440\u043e\u0434\u0441\u043a\u043e\u0439 \u043e\u043a\u0440\u0443\u0433 -> \u0440\u0435\u043a\u0430 \u0428\u0430\u043b\u043e\u0432\u043a\u0430: \u043e\u0442 \u043f\u0435\u0440\u0435\u0441\u0435\u0447\u0435\u043d\u0438\u044f \u0413\u043e\u0440\u044c\u043a\u043e\u0432\u0441\u043a\u043e\u0433\u043e \u0448\u043e\u0441\u0441\u0435 \u0434\u043e \u041a\u0443\u043f\u0430\u0432\u0438\u043d\u0441\u043a\u043e\u0433\u043e \u043f\u0440\u0443\u0434\u0430:"
            }
        },
        {
            "type": "Feature",
            "geometry": {
                "type": "Polygon",
                "coordinates": [
                    [
                        [
                            38.569861111111116,
                            55.91361111111111
                        ],
                        [
                            38.57025,
                            55.91361111111111
                        ],
                        [
                            38.568472222222226,
                            55.9045
                        ],
                        [
                            38.56716666666667,
                            55.90475
                        ],
                        [
                            38.569861111111116,
                            55.91361111111111
                        ]
                    ]
                ]
            },
            "properties": {
                "description": "\u0411\u043e\u0433\u043e\u0440\u043e\u0434\u0441\u043a\u0438\u0439 \u0433\u043e\u0440\u043e\u0434\u0441\u043a\u043e\u0439 \u043e\u043a\u0440\u0443\u0433 -> \u0440\u0435\u043a\u0430 \u0428\u0435\u0440\u043d\u0430: \u0440\u0430\u0439\u043e\u043d \u041a\u0430\u0440\u0430\u0432\u0430\u0435\u0432\u0441\u043a\u043e\u0439 \u043f\u043b\u043e\u0442\u0438\u043d\u044b \u043d\u0430 500 \u043c \u0432\u043d\u0438\u0437 \u0438 \u0432\u0432\u0435\u0440\u0445 \u043f\u043e \u0442\u0435\u0447\u0435\u043d\u0438\u044e, \u043d\u0430 \u0441\u0442\u0430\u0440\u0438\u0446\u0435 \u0440\u0435\u043a\u0438 \u0432 \u0440\u0430\u0439\u043e\u043d\u0435 \u0434\u0435\u0440\u0435\u0432\u043d\u0438 \u041a\u0430\u0440\u0430\u0431\u0430\u043d\u043e\u0432\u043e:"
            }
        },
        {
            "type": "Feature",
            "geometry": {
                "type": "Polygon",
                "coordinates": [
                    [
                        [
                            38.49941666666667,
                            55.86680555555556
                        ],
                        [
                            38.498194444444444,
                            55.86666666666667
                        ],
                        [
                            38.50111111111111,
                            55.86263888888889
                        ],
                        [
                            38.501083333333334,
                            55.862944444444445
                        ],
                        [
                            38.50888888888889,
                            55.86275
                        ],
                        [
                            38.508916666666664,
                            55.86252777777778
                        ],
                        [
                            38.57211111111111,
                            55.842555555555556
                        ],
                        [
                            38.57163888888889,
                            55.84272222222222
                        ],
                        [
                            38.57033333333334,
                            55.846833333333336
                        ],
                        [
                            38.570083333333336,
                            55.84652777777778
                        ],
                        [
                            38.49941666666667,
                            55.86680555555556
                        ]
                    ]
                ]
            },
            "properties": {
                "description": "\u0411\u043e\u0433\u043e\u0440\u043e\u0434\u0441\u043a\u0438\u0439 \u0433\u043e\u0440\u043e\u0434\u0441\u043a\u043e\u0439 \u043e\u043a\u0440\u0443\u0433 -> \u0440\u0435\u043a\u0430 \u041a\u043b\u044f\u0437\u044c\u043c\u0430: \u043e\u0442 \u0423\u0441\u043f\u0435\u043d\u0441\u043a\u043e\u0439 \u043f\u043b\u043e\u0442\u0438\u043d\u044b 500 \u043c \u0432\u043d\u0438\u0437 \u0438 \u0432\u0432\u0435\u0440\u0445 \u043f\u043e \u0442\u0435\u0447\u0435\u043d\u0438\u044e:"
            }
        },
        {
            "type": "Feature",
            "geometry": {
                "type": "Polygon",
                "coordinates": [
                    [
                        [
                            37.99505555555556,
                            55.860194444444446
                        ],
                        [
                            38.00127777777778,
                            55.86877777777778
                        ],
                        [
                            38.00436111111111,
                            55.87133333333333
                        ],
                        [
                            38.000166666666665,
                            55.87375
                        ],
                        [
                            37.99505555555556,
                            55.860194444444446
                        ]
                    ]
                ]
            },
            "properties": {
                "description": "\u0433\u043e\u0440\u043e\u0434\u0441\u043a\u043e\u0439 \u043e\u043a\u0440\u0443\u0433 \u0429\u0435\u043b\u043a\u043e\u0432\u043e -> \u041c\u0435\u0434\u0432\u0435\u0436\u044c\u0438 \u041e\u0437\u0435\u0440\u0430: \u0441\u0438\u0441\u0442\u0435\u043c\u0430 \u0438\u0437 \u0442\u0440\u0435\u0445 \u043e\u0437\u0435\u0440 50 \u043c \u0432\u0433\u043b\u0443\u0431\u044c \u0430\u043a\u0432\u0430\u0442\u043e\u0440\u0438\u0438 \u0432\u0434\u043e\u043b\u044c \u0432\u0441\u0435\u0439 \u0431\u0435\u0440\u0435\u0433\u043e\u0432\u043e\u0439 \u043b\u0438\u043d\u0438\u0438:"
            }
        },
        {
            "type": "Feature",
            "geometry": {
                "type": "Polygon",
                "coordinates": [
                    [
                        [
                            38.214305555555555,
                            55.87361111111111
                        ],
                        [
                            38.213972222222225,
                            55.873666666666665
                        ],
                        [
                            38.21358333333334,
                            55.87636111111111
                        ],
                        [
                            38.21319444444445,
                            55.87616666666667
                        ],
                        [
                            38.209694444444445,
                            55.87766666666667
                        ],
                        [
                            38.214305555555555,
                            55.87361111111111
                        ]
                    ]
                ]
            },
            "properties": {
                "description": "\u0433\u043e\u0440\u043e\u0434\u0441\u043a\u043e\u0439 \u043e\u043a\u0440\u0443\u0433 \u0429\u0435\u043b\u043a\u043e\u0432\u043e -> \u0440\u0435\u043a\u0430 \u041a\u043b\u044f\u0437\u044c\u043c\u0430: \u0432 \u0440\u0430\u0439\u043e\u043d\u0435 \u0433\u043e\u0440\u043e\u0434\u0430 \u041b\u043e\u0441\u0438\u043d\u043e-\u041f\u0435\u0442\u0440\u043e\u0432\u0441\u043a\u0438\u0439 \u043f\u0440\u0438 \u0432\u043f\u0430\u0434\u0435\u043d\u0438\u0438 \u0440\u0435\u043a\u0438 \u0412\u043e\u0440\u044f 300 \u043c \u0432\u043d\u0438\u0437 \u0438 \u0432\u0432\u0435\u0440\u0445 \u043f\u043e \u0442\u0435\u0447\u0435\u043d\u0438\u044e:"
            }
        },
        {
            "type": "Feature",
            "geometry": {
                "type": "Polygon",
                "coordinates": [
                    [
                        [
                            38.6845,
                            55.79244444444444
                        ],
                        [
                            38.683861111111106,
                            55.79252777777778
                        ],
                        [
                            38.68175,
                            55.789249999999996
                        ],
                        [
                            38.68069444444444,
                            55.789249999999996
                        ],
                        [
                            38.683416666666666,
                            55.78838888888889
                        ],
                        [
                            38.68319444444444,
                            55.788
                        ],
                        [
                            38.6845,
                            55.79244444444444
                        ]
                    ]
                ]
            },
            "properties": {
                "description": "\u0433\u043e\u0440\u043e\u0434\u0441\u043a\u043e\u0439 \u043e\u043a\u0440\u0443\u0433 \u041f\u0430\u0432\u043b\u043e\u0432\u0441\u043a\u0438\u0439 \u041f\u043e\u0441\u0430\u0434 -> \u0440\u0435\u043a\u0430 \u041a\u043b\u044f\u0437\u044c\u043c\u0430: \u043f\u0440\u0438 \u0432\u043f\u0430\u0434\u0435\u043d\u0438\u0438 \u0440\u0435\u043a\u0438 \u0412\u043e\u0445\u043e\u043d\u043a\u0430 300 \u043c \u0432\u043d\u0438\u0437 \u0438 \u0432\u0432\u0435\u0440\u0445 \u043f\u043e \u0442\u0435\u0447\u0435\u043d\u0438\u044e:"
            }
        },
        {
            "type": "Feature",
            "geometry": {
                "type": "Polygon",
                "coordinates": [
                    [
                        [
                            37.95455555555556,
                            55.794916666666666
                        ],
                        [
                            37.95441666666667,
                            55.79486111111111
                        ],
                        [
                            37.94305555555555,
                            55.78641666666667
                        ],
                        [
                            37.94322222222222,
                            55.78641666666667
                        ],
                        [
                            37.95030555555556,
                            55.770694444444445
                        ],
                        [
                            37.95055555555556,
                            55.770916666666665
                        ],
                        [
                            37.96183333333334,
                            55.75622222222222
                        ],
                        [
                            37.96291666666667,
                            55.75672222222222
                        ],
                        [
                            37.96205555555556,
                            55.75047222222222
                        ],
                        [
                            37.96197222222222,
                            55.7505
                        ],
                        [
                            37.95455555555556,
                            55.794916666666666
                        ]
                    ]
                ]
            },
            "properties": {
                "description": "\u0433\u043e\u0440\u043e\u0434\u0441\u043a\u043e\u0439 \u043e\u043a\u0440\u0443\u0433 \u0411\u0430\u043b\u0430\u0448\u0438\u0445\u0430 -> \u0440\u0435\u043a\u0430 \u041f\u0435\u0445\u043e\u0440\u043a\u0430: \u043e\u0442 \u0413\u043e\u0440\u044c\u043a\u043e\u0432\u0441\u043a\u043e\u0433\u043e \u0448\u043e\u0441\u0441\u0435 \u0434\u043e \u041d\u043e\u0441\u043e\u0432\u0438\u0445\u0438\u043d\u0441\u043a\u043e\u0433\u043e \u0448\u043e\u0441\u0441\u0435:"
            }
        },
        {
            "type": "Feature",
            "geometry": {
                "type": "Polygon",
                "coordinates": [
                    [
                        [
                            38.021388888888886,
                            55.71327777777778
                        ],
                        [
                            38.028777777777776,
                            55.718
                        ],
                        [
                            38.03733333333333,
                            55.72691666666667
                        ],
                        [
                            38.042944444444444,
                            55.73097222222222
                        ],
                        [
                            38.04555555555555,
                            55.73605555555556
                        ],
                        [
                            38.04344444444444,
                            55.736000000000004
                        ],
                        [
                            38.036833333333334,
                            55.72994444444445
                        ],
                        [
                            38.027166666666666,
                            55.72230555555556
                        ],
                        [
                            38.02022222222222,
                            55.713638888888894
                        ],
                        [
                            38.06688888888889,
                            55.74036111111111
                        ],
                        [
                            38.06186111111111,
                            55.742222222222225
                        ],
                        [
                            38.061638888888886,
                            55.74738888888889
                        ],
                        [
                            38.056888888888885,
                            55.75044444444445
                        ],
                        [
                            38.05775,
                            55.75066666666667
                        ],
                        [
                            38.065194444444444,
                            55.74766666666667
                        ],
                        [
                            38.06766666666667,
                            55.74458333333333
                        ],
                        [
                            38.06819444444445,
                            55.74183333333333
                        ],
                        [
                            38.021388888888886,
                            55.71327777777778
                        ]
                    ]
                ]
            },
            "properties": {
                "description": "\u0433\u043e\u0440\u043e\u0434\u0441\u043a\u043e\u0439 \u043e\u043a\u0440\u0443\u0433 \u0411\u0430\u043b\u0430\u0448\u0438\u0445\u0430 -> \u0440\u0435\u043a\u0430 \u0427\u0435\u0440\u043d\u0430\u044f: \u0440\u0443\u0441\u043b\u043e\u0432\u044b\u0435 \u043f\u0440\u0443\u0434\u044b \u043e\u0442 \u043c\u0438\u043a\u0440\u043e\u0440\u0430\u0439\u043e\u043d\u0430 \u0421\u0430\u0432\u0438\u043d\u043e \u0434\u043e \u0412\u043e\u0441\u0442\u043e\u0447\u043d\u043e\u0433\u043e \u0448\u043e\u0441\u0441\u0435:"
            }
        },
        {
            "type": "Feature",
            "geometry": {
                "type": "Polygon",
                "coordinates": [
                    [
                        [
                            38.75452777777778,
                            55.00952777777778
                        ],
                        [
                            38.75980555555556,
                            55.008722222222225
                        ],
                        [
                            38.75936111111111,
                            55.00672222222222
                        ],
                        [
                            38.75452777777778,
                            55.00952777777778
                        ]
                    ]
                ]
            },
            "properties": {
                "description": "\u041a\u043e\u043b\u043e\u043c\u0435\u043d\u0441\u043a\u0438\u0439 \u0433\u043e\u0440\u043e\u0434\u0441\u043a\u043e\u0439 \u043e\u043a\u0440\u0443\u0433 -> \u0440\u0435\u043a\u0430 \u041e\u043a\u0430: \u0443\u0441\u0442\u044c\u0435 \u0440\u0435\u043a\u0438 \u0428\u043e\u043b\u043e\u0445\u043e\u0432\u043a\u0430 (100 \u043c \u0432\u044b\u0448\u0435 \u0438 \u043d\u0438\u0436\u0435 \u043f\u043e \u0442\u0435\u0447\u0435\u043d\u0438\u044e \u043e\u0442 \u043c\u0435\u0441\u0442\u0430 \u0432\u043f\u0430\u0434\u0435\u043d\u0438\u044f):"
            }
        },
        {
            "type": "Feature",
            "geometry": {
                "type": "Polygon",
                "coordinates": [
                    [
                        [
                            38.773833333333336,
                            54.96330555555556
                        ],
                        [
                            38.77238888888889,
                            54.974916666666665
                        ],
                        [
                            38.76391666666667,
                            54.98972222222222
                        ],
                        [
                            38.764805555555554,
                            55.015
                        ],
                        [
                            38.76097222222222,
                            55.03947222222222
                        ],
                        [
                            38.83361111111111,
                            55.06861111111112
                        ],
                        [
                            38.904222222222224,
                            55.081361111111114
                        ],
                        [
                            38.903527777777775,
                            55.084722222222226
                        ],
                        [
                            38.78980555555555,
                            55.06661111111111
                        ],
                        [
                            38.75475,
                            55.02927777777778
                        ],
                        [
                            38.758,
                            54.98605555555556
                        ],
                        [
                            38.76408333333333,
                            54.97516666666667
                        ],
                        [
                            38.76891666666666,
                            54.96313888888889
                        ],
                        [
                            38.773833333333336,
                            54.96330555555556
                        ]
                    ]
                ]
            },
            "properties": {
                "description": "\u041a\u043e\u043b\u043e\u043c\u0435\u043d\u0441\u043a\u0438\u0439 \u0433\u043e\u0440\u043e\u0434\u0441\u043a\u043e\u0439 \u043e\u043a\u0440\u0443\u0433 -> \u0440\u0435\u043a\u0430 \u041e\u043a\u0430:"
            }
        },
        {
            "type": "Feature",
            "geometry": {
                "type": "Polygon",
                "coordinates": [
                    [
                        [
                            38.90588888888889,
                            55.08419444444445
                        ],
                        [
                            38.94061111111111,
                            55.083083333333335
                        ],
                        [
                            39.00819444444444,
                            55.09152777777778
                        ],
                        [
                            39.08991666666667,
                            55.090944444444446
                        ],
                        [
                            39.06294444444444,
                            55.06680555555556
                        ],
                        [
                            39.099722222222226,
                            55.05222222222222
                        ],
                        [
                            39.09866666666667,
                            55.04908333333333
                        ],
                        [
                            39.055527777777776,
                            55.06261111111111
                        ],
                        [
                            39.08013888888889,
                            55.08997222222222
                        ],
                        [
                            39.07105555555556,
                            55.09397222222223
                        ],
                        [
                            39.04811111111111,
                            55.09652777777778
                        ],
                        [
                            38.95411111111111,
                            55.07683333333334
                        ],
                        [
                            38.942166666666665,
                            55.07641666666667
                        ],
                        [
                            38.90558333333333,
                            55.081388888888895
                        ],
                        [
                            38.90588888888889,
                            55.08419444444445
                        ]
                    ]
                ]
            },
            "properties": {
                "description": "\u041a\u043e\u043b\u043e\u043c\u0435\u043d\u0441\u043a\u0438\u0439 \u0433\u043e\u0440\u043e\u0434\u0441\u043a\u043e\u0439 \u043e\u043a\u0440\u0443\u0433 -> \u0440\u0435\u043a\u0430 \u041e\u043a\u0430:"
            }
        },
        {
            "type": "Feature",
            "geometry": {
                "type": "Polygon",
                "coordinates": [
                    [
                        [
                            39.32497222222223,
                            54.934527777777774
                        ],
                        [
                            39.34288888888889,
                            54.93025
                        ],
                        [
                            39.359,
                            54.92377777777777
                        ],
                        [
                            39.35883333333334,
                            54.92483333333333
                        ],
                        [
                            39.34619444444445,
                            54.93088888888889
                        ],
                        [
                            39.32533333333334,
                            54.93561111111111
                        ],
                        [
                            39.32497222222223,
                            54.934527777777774
                        ]
                    ]
                ]
            },
            "properties": {
                "description": "\u0433\u043e\u0440\u043e\u0434\u0441\u043a\u043e\u0439 \u043e\u043a\u0440\u0443\u0433 \u041b\u0443\u0445\u043e\u0432\u0438\u0446\u044b -> \u043e\u0437\u0435\u0440\u043e \u0418\u0441\u0442\u043e\u043a, \u043e\u0431\u0440\u0430\u0437\u043e\u0432\u0430\u043d\u043d\u043e\u0435 \u043d\u0430 \u0440\u0435\u043a\u0435 \u0418\u0441\u0442\u043e\u043a \u0432 \u0440\u0430\u0439\u043e\u043d\u0435 \u0440\u0430\u0431\u043e\u0447\u0435\u0433\u043e \u043f\u043e\u0441\u0435\u043b\u043a\u0430 \u0411\u0435\u043b\u043e\u043e\u043c\u0443\u0442, \u0432\u0441\u044f \u0430\u043a\u0432\u0430\u0442\u043e\u0440\u0438\u044f:"
            }
        },
        {
            "type": "Feature",
            "geometry": {
                "type": "Polygon",
                "coordinates": [
                    [
                        [
                            39.22102777777778,
                            54.95119444444445
                        ],
                        [
                            39.24402777777778,
                            54.94161111111111
                        ],
                        [
                            39.245194444444444,
                            54.94230555555555
                        ],
                        [
                            39.22233333333334,
                            54.95202777777778
                        ],
                        [
                            39.22102777777778,
                            54.95119444444445
                        ]
                    ]
                ]
            },
            "properties": {
                "description": "\u0433\u043e\u0440\u043e\u0434\u0441\u043a\u043e\u0439 \u043e\u043a\u0440\u0443\u0433 \u041b\u0443\u0445\u043e\u0432\u0438\u0446\u044b -> \u043e\u0437\u0435\u0440\u043e \u0411\u043e\u043b\u044c\u0448\u043e\u0435, \u043e\u0431\u0440\u0430\u0437\u043e\u0432\u0430\u043d\u043d\u043e\u0435 \u043d\u0430 \u0440\u0435\u043a\u0435 \u0412\u043e\u0431\u043b\u044f \u0432 \u0440\u0430\u0439\u043e\u043d\u0435 \u0434\u0435\u0440\u0435\u0432\u043d\u0438 \u041e\u0437\u0435\u0440\u0438\u0446\u044b, \u0432\u0441\u044f \u0430\u043a\u0432\u0430\u0442\u043e\u0440\u0438\u044f:"
            }
        },
        {
            "type": "Feature",
            "geometry": {
                "type": "Polygon",
                "coordinates": [
                    [
                        [
                            39.28019444444444,
                            54.95386111111112
                        ],
                        [
                            39.28030555555556,
                            54.95377777777778
                        ],
                        [
                            39.28661111111111,
                            54.96752777777778
                        ],
                        [
                            39.286722222222224,
                            54.96752777777778
                        ],
                        [
                            39.29575,
                            54.982083333333335
                        ],
                        [
                            39.313694444444444,
                            54.99166666666667
                        ],
                        [
                            39.313944444444445,
                            54.99161111111111
                        ],
                        [
                            39.34572222222222,
                            55.03494444444444
                        ],
                        [
                            39.34577777777778,
                            55.03486111111111
                        ],
                        [
                            39.28019444444444,
                            54.95386111111112
                        ]
                    ]
                ]
            },
            "properties": {
                "description": "\u0433\u043e\u0440\u043e\u0434\u0441\u043a\u043e\u0439 \u043e\u043a\u0440\u0443\u0433 \u041b\u0443\u0445\u043e\u0432\u0438\u0446\u044b -> \u041c\u0438\u043d\u0438\u0441\u0442\u0435\u0440\u0441\u043a\u0438\u0439 \u043a\u0430\u043d\u0430\u043b: \u0432\u0441\u044f \u0430\u043a\u0432\u0430\u0442\u043e\u0440\u0438\u044f \u043a\u0430\u043d\u0430\u043b\u0430:"
            }
        },
        {
            "type": "Feature",
            "geometry": {
                "type": "Polygon",
                "coordinates": [
                    [
                        [
                            39.41136111111111,
                            54.88641666666667
                        ],
                        [
                            39.42777777777778,
                            54.885416666666664
                        ],
                        [
                            39.443888888888885,
                            54.886944444444445
                        ],
                        [
                            39.44633333333333,
                            54.88838888888889
                        ],
                        [
                            39.440666666666665,
                            54.888777777777776
                        ],
                        [
                            39.411944444444444,
                            54.88733333333333
                        ],
                        [
                            39.41136111111111,
                            54.88641666666667
                        ]
                    ]
                ]
            },
            "properties": {
                "description": "\u0433\u043e\u0440\u043e\u0434\u0441\u043a\u043e\u0439 \u043e\u043a\u0440\u0443\u0433 \u041b\u0443\u0445\u043e\u0432\u0438\u0446\u044b -> \u043e\u0437\u0435\u0440\u043e \u041e\u0441\u0435\u0442\u0440\u0438\u043d\u043e\u0435: \u0432\u0441\u044f \u0430\u043a\u0432\u0430\u0442\u043e\u0440\u0438\u044f"
            }
        },
        {
            "type": "Feature",
            "geometry": {
                "type": "Polygon",
                "coordinates": [
                    [
                        [
                            39.409388888888884,
                            54.88961111111111
                        ],
                        [
                            39.41497222222222,
                            54.890055555555556
                        ],
                        [
                            39.41972222222222,
                            54.8915
                        ],
                        [
                            39.426249999999996,
                            54.89255555555555
                        ],
                        [
                            39.4265,
                            54.89322222222222
                        ],
                        [
                            39.41733333333333,
                            54.892694444444444
                        ],
                        [
                            39.41261111111111,
                            54.891555555555556
                        ],
                        [
                            39.40811111111111,
                            54.89172222222222
                        ],
                        [
                            39.409388888888884,
                            54.88961111111111
                        ]
                    ]
                ]
            },
            "properties": {
                "description": "\u0433\u043e\u0440\u043e\u0434\u0441\u043a\u043e\u0439 \u043e\u043a\u0440\u0443\u0433 \u041b\u0443\u0445\u043e\u0432\u0438\u0446\u044b -> \u043e\u0437\u0435\u0440\u043e \u0421\u0438\u0442\u043d\u043e\u0435: \u0432\u0441\u044f \u0430\u043a\u0432\u0430\u0442\u043e\u0440\u0438\u044f:"
            }
        },
        {
            "type": "Feature",
            "geometry": {
                "type": "Polygon",
                "coordinates": [
                    [
                        [
                            39.39125,
                            54.88966666666666
                        ],
                        [
                            39.39416666666666,
                            54.890388888888886
                        ],
                        [
                            39.400527777777775,
                            54.88783333333333
                        ],
                        [
                            39.403305555555555,
                            54.88783333333333
                        ],
                        [
                            39.403194444444445,
                            54.888333333333335
                        ],
                        [
                            39.400777777777776,
                            54.888416666666664
                        ],
                        [
                            39.39491666666667,
                            54.891083333333334
                        ],
                        [
                            39.391083333333334,
                            54.88997222222222
                        ],
                        [
                            39.39125,
                            54.88966666666666
                        ]
                    ]
                ]
            },
            "properties": {
                "description": "\u0433\u043e\u0440\u043e\u0434\u0441\u043a\u043e\u0439 \u043e\u043a\u0440\u0443\u0433 \u041b\u0443\u0445\u043e\u0432\u0438\u0446\u044b -> \u043e\u0437\u0435\u0440\u043e \u0414\u043e\u043b\u0433\u043e\u0435: \u0432\u0441\u044f \u0430\u043a\u0432\u0430\u0442\u043e\u0440\u0438\u044f:"
            }
        },
        {
            "type": "Feature",
            "geometry": {
                "type": "Polygon",
                "coordinates": [
                    [
                        [
                            39.267944444444446,
                            54.93483333333333
                        ],
                        [
                            39.266,
                            54.93619444444444
                        ],
                        [
                            39.26591666666667,
                            54.933749999999996
                        ],
                        [
                            39.26338888888889,
                            54.93469444444444
                        ],
                        [
                            39.267944444444446,
                            54.93483333333333
                        ]
                    ]
                ]
            },
            "properties": {
                "description": "\u0433\u043e\u0440\u043e\u0434\u0441\u043a\u043e\u0439 \u043e\u043a\u0440\u0443\u0433 \u041b\u0443\u0445\u043e\u0432\u0438\u0446\u044b -> \u0440\u0435\u043a\u0430 \u041e\u043a\u0430: \u0443\u0441\u0442\u044c\u0435 \u0440\u0435\u043a\u0438 \u0412\u043e\u0431\u043b\u044f (100 \u043c \u0432\u044b\u0448\u0435 \u0438 \u043d\u0438\u0436\u0435 \u043f\u043e \u0442\u0435\u0447\u0435\u043d\u0438\u044e \u043e\u0442 \u043c\u0435\u0441\u0442\u0430 \u0432\u043f\u0430\u0434\u0435\u043d\u0438\u044f):"
            }
        },
        {
            "type": "Feature",
            "geometry": {
                "type": "Polygon",
                "coordinates": [
                    [
                        [
                            39.28066666666667,
                            55.02930555555555
                        ],
                        [
                            39.284527777777775,
                            55.03380555555555
                        ],
                        [
                            39.279805555555555,
                            55.03388888888889
                        ],
                        [
                            39.27886111111111,
                            55.03025
                        ],
                        [
                            39.28066666666667,
                            55.02930555555555
                        ]
                    ]
                ]
            },
            "properties": {
                "description": "\u0433\u043e\u0440\u043e\u0434\u0441\u043a\u043e\u0439 \u043e\u043a\u0440\u0443\u0433 \u041b\u0443\u0445\u043e\u0432\u0438\u0446\u044b -> \u0440\u0435\u043a\u0430 \u041e\u043a\u0430: \u0443\u0441\u0442\u044c\u0435 \u0440\u0435\u043a\u0438 \u0426\u043d\u0430 (100 \u043c \u0432\u044b\u0448\u0435 \u0438 \u043d\u0438\u0436\u0435 \u043f\u043e \u0442\u0435\u0447\u0435\u043d\u0438\u044e \u043e\u0442 \u043c\u0435\u0441\u0442\u0430 \u0432\u043f\u0430\u0434\u0435\u043d\u0438\u044f):"
            }
        },
        {
            "type": "Feature",
            "geometry": {
                "type": "Polygon",
                "coordinates": [
                    [
                        [
                            39.308055555555555,
                            54.94027777777777
                        ],
                        [
                            39.309638888888884,
                            54.942499999999995
                        ],
                        [
                            39.305166666666665,
                            54.94102777777778
                        ],
                        [
                            39.30636111111111,
                            54.94302777777777
                        ],
                        [
                            39.308055555555555,
                            54.94027777777777
                        ]
                    ]
                ]
            },
            "properties": {
                "description": "\u0433\u043e\u0440\u043e\u0434\u0441\u043a\u043e\u0439 \u043e\u043a\u0440\u0443\u0433 \u041b\u0443\u0445\u043e\u0432\u0438\u0446\u044b -> \u0440\u0435\u043a\u0430 \u041e\u043a\u0430: \u0443\u0441\u0442\u044c\u0435 \u0440\u0435\u043a\u0438 \u0428\u044c\u044f (100 \u043c \u0432\u044b\u0448\u0435 \u0438 \u043d\u0438\u0436\u0435 \u043f\u043e \u0442\u0435\u0447\u0435\u043d\u0438\u044e \u043e\u0442 \u043c\u0435\u0441\u0442\u0430 \u0432\u043f\u0430\u0434\u0435\u043d\u0438\u044f):"
            }
        },
        {
            "type": "Feature",
            "geometry": {
                "type": "Polygon",
                "coordinates": [
                    [
                        [
                            39.13925,
                            55.046305555555556
                        ],
                        [
                            39.140388888888886,
                            55.04966666666667
                        ],
                        [
                            39.135444444444445,
                            55.04644444444444
                        ],
                        [
                            39.13925,
                            55.046305555555556
                        ]
                    ]
                ]
            },
            "properties": {
                "description": "\u0433\u043e\u0440\u043e\u0434\u0441\u043a\u043e\u0439 \u043e\u043a\u0440\u0443\u0433 \u041b\u0443\u0445\u043e\u0432\u0438\u0446\u044b -> \u0440\u0435\u043a\u0430 \u041e\u043a\u0430: \u0443\u0441\u0442\u044c\u0435 \u0440\u0435\u043a\u0438 \u0420\u043e\u0439\u043a\u0430 (100 \u043c \u0432\u044b\u0448\u0435 \u0438 \u043d\u0438\u0436\u0435 \u043f\u043e \u0442\u0435\u0447\u0435\u043d\u0438\u044e \u043e\u0442 \u043c\u0435\u0441\u0442\u0430 \u0432\u043f\u0430\u0434\u0435\u043d\u0438\u044f):"
            }
        },
        {
            "type": "Feature",
            "geometry": {
                "type": "Polygon",
                "coordinates": [
                    [
                        [
                            39.32563888888889,
                            54.928
                        ],
                        [
                            39.32552777777778,
                            54.92794444444444
                        ],
                        [
                            39.32172222222223,
                            54.929361111111106
                        ],
                        [
                            39.321583333333336,
                            54.92933333333333
                        ],
                        [
                            39.32563888888889,
                            54.928
                        ]
                    ]
                ]
            },
            "properties": {
                "description": "\u0433\u043e\u0440\u043e\u0434\u0441\u043a\u043e\u0439 \u043e\u043a\u0440\u0443\u0433 \u041b\u0443\u0445\u043e\u0432\u0438\u0446\u044b -> \u0440\u0435\u043a\u0430 \u041e\u043a\u0430: \u043f\u0440\u043e\u0442\u043e\u043a\u0430 \u0438\u0437 \u043e\u0437\u0435\u0440\u0430 \u0421\u0442\u0443\u0434\u0435\u043d\u043e\u0435:"
            }
        },
        {
            "type": "Feature",
            "geometry": {
                "type": "Polygon",
                "coordinates": [
                    [
                        [
                            39.115722222222225,
                            55.05244444444444
                        ],
                        [
                            39.12975,
                            55.05222222222222
                        ],
                        [
                            39.07730555555556,
                            55.05097222222222
                        ],
                        [
                            39.11302777777778,
                            55.04958333333333
                        ],
                        [
                            39.14575,
                            55.04230555555555
                        ],
                        [
                            39.18980555555555,
                            55.01819444444445
                        ],
                        [
                            39.22730555555556,
                            55.01872222222222
                        ],
                        [
                            39.229,
                            55.019083333333334
                        ],
                        [
                            39.27777777777778,
                            55.03069444444444
                        ],
                        [
                            39.28086111111111,
                            55.02327777777778
                        ],
                        [
                            39.24588888888889,
                            55.01255555555556
                        ],
                        [
                            39.24494444444444,
                            55.01241666666667
                        ],
                        [
                            39.200611111111115,
                            54.99536111111111
                        ],
                        [
                            39.25497222222222,
                            54.945166666666665
                        ],
                        [
                            39.30997222222222,
                            54.93977777777778
                        ],
                        [
                            39.31922222222222,
                            54.93033333333333
                        ],
                        [
                            39.26580555555555,
                            54.93655555555555
                        ],
                        [
                            39.29272222222222,
                            54.90658333333333
                        ],
                        [
                            39.367805555555556,
                            54.87475
                        ],
                        [
                            39.3745,
                            54.87352777777778
                        ],
                        [
                            39.40741666666666,
                            54.867222222222225
                        ],
                        [
                            39.434638888888884,
                            54.874833333333335
                        ],
                        [
                            39.43261111111111,
                            54.87744444444444
                        ],
                        [
                            39.374694444444444,
                            54.873333333333335
                        ],
                        [
                            39.115722222222225,
                            55.05244444444444
                        ]
                    ]
                ]
            },
            "properties": {
                "description": "\u0433\u043e\u0440\u043e\u0434\u0441\u043a\u043e\u0439 \u043e\u043a\u0440\u0443\u0433 \u041b\u0443\u0445\u043e\u0432\u0438\u0446\u044b -> \u0440\u0435\u043a\u0430 \u041e\u043a\u0430:"
            }
        },
        {
            "type": "Feature",
            "geometry": {
                "type": "Polygon",
                "coordinates": [
                    [
                        [
                            38.40508333333333,
                            54.866416666666666
                        ],
                        [
                            38.42719444444444,
                            54.86416666666667
                        ],
                        [
                            38.44141666666666,
                            54.86025
                        ],
                        [
                            38.443305555555554,
                            54.861472222222226
                        ],
                        [
                            38.427305555555556,
                            54.866166666666665
                        ],
                        [
                            38.40497222222222,
                            54.86836111111111
                        ],
                        [
                            38.40508333333333,
                            54.866416666666666
                        ]
                    ]
                ]
            },
            "properties": {
                "description": "\u0433\u043e\u0440\u043e\u0434\u0441\u043a\u043e\u0439 \u043e\u043a\u0440\u0443\u0433 \u041e\u0437\u0435\u0440\u044b -> \u0440\u0435\u043a\u0430 \u041e\u043a\u0430: \u043e\u0442 901\u00a0\u043a\u043c (\u0441\u0435\u043b\u043e \u0422\u0430\u0440\u0431\u0443\u0448\u0435\u0432\u043e) \u0434\u043e 898\u00a0\u043a\u043c (\u0437\u0430\u0442\u043e\u043d \u0421\u0435\u043d\u044c\u043a\u043e\u0432\u0441\u043a\u0438\u0439):"
            }
        },
        {
            "type": "Feature",
            "geometry": {
                "type": "Polygon",
                "coordinates": [
                    [
                        [
                            38.43566666666666,
                            54.86083333333333
                        ],
                        [
                            38.47652777777778,
                            54.84836111111111
                        ],
                        [
                            38.489805555555556,
                            54.84136111111111
                        ],
                        [
                            38.492305555555554,
                            54.843333333333334
                        ],
                        [
                            38.475944444444444,
                            54.85152777777778
                        ],
                        [
                            38.437638888888884,
                            54.86380555555556
                        ],
                        [
                            38.43566666666666,
                            54.86083333333333
                        ]
                    ]
                ]
            },
            "properties": {
                "description": "\u0433\u043e\u0440\u043e\u0434\u0441\u043a\u043e\u0439 \u043e\u043a\u0440\u0443\u0433 \u041e\u0437\u0435\u0440\u044b -> \u0440\u0435\u043a\u0430 \u041e\u043a\u0430: \u043e\u0442 896\u00a0\u043a\u043c (\u041a\u043e\u043c\u0430\u0440\u043e\u0432\u0441\u043a\u0438\u0439 \u0437\u0430\u0442\u043e\u043d) \u0434\u043e 894\u00a0\u043a\u043c (\u0434\u0435\u0440\u0435\u0432\u043d\u044f \u0411\u043e\u043b\u044c\u0448\u043e\u0435 \u0420\u0435\u0434\u044c\u043a\u0438\u043d\u043e):"
            }
        },
        {
            "type": "Feature",
            "geometry": {
                "type": "Polygon",
                "coordinates": [
                    [
                        [
                            38.55269444444444,
                            54.83330555555556
                        ],
                        [
                            38.57447222222223,
                            54.83166666666667
                        ],
                        [
                            38.584722222222226,
                            54.83386111111111
                        ],
                        [
                            38.58363888888889,
                            54.83530555555556
                        ],
                        [
                            38.57277777777778,
                            54.83416666666667
                        ],
                        [
                            38.553888888888885,
                            54.83588888888889
                        ],
                        [
                            38.55269444444444,
                            54.83330555555556
                        ]
                    ]
                ]
            },
            "properties": {
                "description": "\u0433\u043e\u0440\u043e\u0434\u0441\u043a\u043e\u0439 \u043e\u043a\u0440\u0443\u0433 \u041e\u0437\u0435\u0440\u044b -> \u0440\u0435\u043a\u0430 \u041e\u043a\u0430: \u043e\u0442 890\u00a0\u043a\u043c (\u0434\u0435\u0440\u0435\u0432\u043d\u044f \u0421\u043c\u0435\u0434\u043e\u0432\u043e) \u0434\u043e 888,3\u00a0\u043a\u043c (\u0440\u0430\u0437\u0432\u043e\u0434\u043d\u043e\u0439 "
            }
        },
        {
            "type": "Feature",
            "geometry": {
                "type": "Polygon",
                "coordinates": [
                    [
                        [
                            38.489805555555556,
                            54.840694444444445
                        ],
                        [
                            38.478722222222224,
                            54.845
                        ],
                        [
                            38.478944444444444,
                            54.845222222222226
                        ],
                        [
                            38.49019444444445,
                            54.84130555555556
                        ],
                        [
                            38.489805555555556,
                            54.840694444444445
                        ]
                    ]
                ]
            },
            "properties": {
                "description": "\u0433\u043e\u0440\u043e\u0434\u0441\u043a\u043e\u0439 \u043e\u043a\u0440\u0443\u0433 \u041e\u0437\u0435\u0440\u044b -> \u0440\u0435\u043a\u0430 \u041e\u043a\u0430: \u0437\u0430\u0442\u043e\u043d \u0432 \u0440\u0430\u0439\u043e\u043d\u0435 \u0434\u0435\u0440\u0435\u0432\u043d\u0438 \u0420\u0435\u0434\u044c\u043a\u0438\u043d\u043e:"
            }
        },
        {
            "type": "Feature",
            "geometry": {
                "type": "Polygon",
                "coordinates": [
                    [
                        [
                            38.64394444444444,
                            54.90636111111111
                        ],
                        [
                            38.64169444444445,
                            54.90552777777778
                        ],
                        [
                            38.64197222222222,
                            54.90486111111111
                        ],
                        [
                            38.64458333333333,
                            54.90586111111111
                        ],
                        [
                            38.64394444444444,
                            54.90636111111111
                        ]
                    ]
                ]
            },
            "properties": {
                "description": "\u0433\u043e\u0440\u043e\u0434\u0441\u043a\u043e\u0439 \u043e\u043a\u0440\u0443\u0433 \u041e\u0437\u0435\u0440\u044b -> \u0440\u0435\u043a\u0430 \u041e\u043a\u0430: \u0421\u043e\u0441\u043d\u043e\u0432\u0441\u043a\u0438\u0439 \u0437\u0430\u0442\u043e\u043d \u043e\u0442 874,5\u00a0\u043a\u043c \u0434\u043e 876\u00a0\u043a\u043c, \u043d\u0430 \u043f\u0440\u0430\u0432\u043e\u0439 \u043f\u0440\u043e\u0442\u043e\u043a\u0435 \u0443 \u0443\u0447\u0430\u0441\u0442\u043a\u0430 \u0411\u0435\u043b\u043e - \u041a\u043e\u043b\u043e\u0434\u0435\u0437\u0441\u043a\u0438\u0439:"
            }
        },
        {
            "type": "Feature",
            "geometry": {
                "type": "Polygon",
                "coordinates": [
                    [
                        [
                            38.44072222222222,
                            54.85936111111111
                        ],
                        [
                            38.43530555555555,
                            54.86091666666667
                        ],
                        [
                            38.43683333333333,
                            54.861222222222224
                        ],
                        [
                            38.441222222222216,
                            54.86
                        ],
                        [
                            38.44072222222222,
                            54.85936111111111
                        ]
                    ]
                ]
            },
            "properties": {
                "description": "\u0433\u043e\u0440\u043e\u0434\u0441\u043a\u043e\u0439 \u043e\u043a\u0440\u0443\u0433 \u041e\u0437\u0435\u0440\u044b -> \u0440\u0435\u043a\u0430 \u041e\u043a\u0430: \u0437\u0430\u0442\u043e\u043d \u0432 \u0440\u0430\u0439\u043e\u043d\u0435 \u0434\u0435\u0440\u0435\u0432\u043d\u0438 \u0421\u0435\u043d\u044c\u043a\u043e\u0432\u043e:"
            }
        },
        {
            "type": "Feature",
            "geometry": {
                "type": "Polygon",
                "coordinates": [
                    [
                        [
                            38.57588888888889,
                            54.83175000000001
                        ],
                        [
                            38.57588888888889,
                            54.83233333333334
                        ],
                        [
                            38.57288888888889,
                            54.83197222222223
                        ],
                        [
                            38.57311111111112,
                            54.83258333333334
                        ],
                        [
                            38.57588888888889,
                            54.83175000000001
                        ]
                    ]
                ]
            },
            "properties": {
                "description": "\u0433\u043e\u0440\u043e\u0434\u0441\u043a\u043e\u0439 \u043e\u043a\u0440\u0443\u0433 \u041e\u0437\u0435\u0440\u044b -> \u0440\u0435\u043a\u0430 \u041e\u043a\u0430: \u0443\u0441\u0442\u044c\u0435 \u0440\u0435\u043a\u0438 \u0421\u043c\u0435\u0434\u043e\u0432\u0430 (100 \u043c \u0432\u044b\u0448\u0435 \u0438 \u043d\u0438\u0436\u0435 \u043f\u043e \u0442\u0435\u0447\u0435\u043d\u0438\u044e \u043e\u0442 \u043c\u0435\u0441\u0442\u0430 \u0432\u043f\u0430\u0434\u0435\u043d\u0438\u044f):"
            }
        },
        {
            "type": "Feature",
            "geometry": {
                "type": "Polygon",
                "coordinates": [
                    [
                        [
                            38.63625,
                            54.90591666666666
                        ],
                        [
                            38.63633333333333,
                            54.90602777777778
                        ],
                        [
                            38.63044444444444,
                            54.90302777777778
                        ],
                        [
                            38.630472222222224,
                            54.903055555555554
                        ],
                        [
                            38.63625,
                            54.90591666666666
                        ]
                    ]
                ]
            },
            "properties": {
                "description": "\u0433\u043e\u0440\u043e\u0434\u0441\u043a\u043e\u0439 \u043e\u043a\u0440\u0443\u0433 \u041e\u0437\u0435\u0440\u044b -> \u0440\u0435\u043a\u0430 \u041e\u043a\u0430: \u043f\u0440\u043e\u0442\u043e\u043a\u0430 \u043e\u0437\u0435\u0440\u0430 \u0414\u043e\u043b\u0433\u043e\u0435:"
            }
        },
        {
            "type": "Feature",
            "geometry": {
                "type": "Polygon",
                "coordinates": [
                    [
                        [
                            38.86441666666667,
                            54.75844444444444
                        ],
                        [
                            38.86391666666667,
                            54.758722222222225
                        ],
                        [
                            38.8685,
                            54.76197222222222
                        ],
                        [
                            38.86888888888889,
                            54.762055555555555
                        ],
                        [
                            38.86441666666667,
                            54.75844444444444
                        ]
                    ]
                ]
            },
            "properties": {
                "description": "\u0433\u043e\u0440\u043e\u0434\u0441\u043a\u043e\u0439 \u043e\u043a\u0440\u0443\u0433 \u0417\u0430\u0440\u0430\u0439\u0441\u043a -> \u0440\u0435\u043a\u0430 \u041e\u0441\u0435\u0442\u0440: \u0440\u0430\u0439\u043e\u043d \u043f\u043b\u043e\u0442\u0438\u043d\u044b \u0432 \u0433\u043e\u0440\u043e\u0434\u0430 \u0417\u0430\u0440\u0430\u0439\u0441\u043a \u0438 \u043d\u0438\u0436\u0435 \u043f\u043e \u0442\u0435\u0447\u0435\u043d\u0438\u044e \u043d\u0430 500 \u043c:"
            }
        },
        {
            "type": "Feature",
            "geometry": {
                "type": "Polygon",
                "coordinates": [
                    [
                        [
                            37.86277777777778,
                            54.84327777777778
                        ],
                        [
                            37.86383333333333,
                            54.84125
                        ],
                        [
                            37.85525,
                            54.840333333333334
                        ],
                        [
                            37.85488888888889,
                            54.842666666666666
                        ],
                        [
                            37.84733333333334,
                            54.841750000000005
                        ],
                        [
                            38.16625,
                            54.864361111111116
                        ],
                        [
                            38.16972222222222,
                            54.86325
                        ],
                        [
                            38.1625,
                            54.86036111111111
                        ],
                        [
                            38.15911111111111,
                            54.85625
                        ],
                        [
                            38.162749999999996,
                            54.8555
                        ],
                        [
                            38.22366666666667,
                            54.86975
                        ],
                        [
                            38.2215,
                            54.867666666666665
                        ],
                        [
                            38.21613888888889,
                            54.87036111111111
                        ],
                        [
                            38.20863888888889,
                            54.8715
                        ],
                        [
                            38.211194444444445,
                            54.86875
                        ],
                        [
                            37.86277777777778,
                            54.84327777777778
                        ]
                    ]
                ]
            },
            "properties": {
                "description": "\u0433\u043e\u0440\u043e\u0434\u0441\u043a\u043e\u0439 \u043e\u043a\u0440\u0443\u0433 \u0421\u0442\u0443\u043f\u0438\u043d\u043e -> \u0440\u0435\u043a\u0430 \u041e\u043a\u0430, \u043b\u0435\u0432\u044b\u0439 \u0431\u0435\u0440\u0435\u0433: \u0432 \u0440\u0430\u0434\u0438\u0443\u0441\u0435 500 \u043c \u043e\u0442 \u0443\u0441\u0442\u044c\u0435\u0432 \u0440\u0435\u043a \u041b\u043e\u043f\u0430\u0441\u043d\u044f: \u041a\u0440\u0435\u043c\u043d\u0438\u0446\u0430 \u041a\u0430\u0448\u0438\u0440\u043a\u0430"
            }
        },
        {
            "type": "Feature",
            "geometry": {
                "type": "Polygon",
                "coordinates": [
                    [
                        [
                            37.98872222222222,
                            55.09997222222223
                        ],
                        [
                            37.98908333333333,
                            55.10366666666667
                        ],
                        [
                            37.98833333333334,
                            55.10358333333333
                        ],
                        [
                            37.987500000000004,
                            55.099833333333336
                        ],
                        [
                            37.98872222222222,
                            55.09997222222223
                        ]
                    ]
                ]
            },
            "properties": {
                "description": "\u0433\u043e\u0440\u043e\u0434\u0441\u043a\u043e\u0439 \u043e\u043a\u0440\u0443\u0433 \u0421\u0442\u0443\u043f\u0438\u043d\u043e -> \u0440\u0435\u043a\u0430 \u041a\u0430\u0448\u0438\u0440\u043a\u0430: \u043e\u0442 \u043f\u043b\u043e\u0442\u0438\u043d\u044b \u0443 \u0434\u0435\u0440\u0435\u0432\u043d\u0438 \u041b\u0438\u043f\u0438\u0442\u0438\u043d\u043e \u0438 \u0432\u044b\u0448\u0435 \u043f\u043e \u0442\u0435\u0447\u0435\u043d\u0438\u044e \u043d\u0430 500 \u043c, \u043f\u0440\u0430\u0432\u044b\u0439 \u0438 \u043b\u0435\u0432\u044b\u0439 \u0431\u0435\u0440\u0435\u0433\u0430:"
            }
        },
        {
            "type": "Feature",
            "geometry": {
                "type": "Polygon",
                "coordinates": [
                    [
                        [
                            38.05583333333333,
                            55.052027777777774
                        ],
                        [
                            38.05591666666666,
                            55.05208333333333
                        ],
                        [
                            38.04866666666666,
                            55.052305555555556
                        ],
                        [
                            38.04875,
                            55.052166666666665
                        ],
                        [
                            38.03586111111111,
                            55.04822222222222
                        ],
                        [
                            38.03519444444444,
                            55.04844444444444
                        ],
                        [
                            38.029944444444446,
                            55.05119444444444
                        ],
                        [
                            38.03019444444444,
                            55.051249999999996
                        ],
                        [
                            38.05583333333333,
                            55.052027777777774
                        ]
                    ]
                ]
            },
            "properties": {
                "description": "\u0433\u043e\u0440\u043e\u0434\u0441\u043a\u043e\u0439 \u043e\u043a\u0440\u0443\u0433 \u0421\u0442\u0443\u043f\u0438\u043d\u043e -> \u0440\u0435\u043a\u0430 \u041a\u0430\u0448\u0438\u0440\u043a\u0430: \u043e\u0442 \u043f\u043b\u043e\u0442\u0438\u043d\u044b \u0443 \u0434\u0435\u0440\u0435\u0432\u043d\u0438 \u0418\u0432\u0430\u043d-\u0422\u0435\u0440\u0435\u043c\u0435\u0446 \u0432\u044b\u0448\u0435 \u043f\u043e \u0442\u0435\u0447\u0435\u043d\u0438\u044e \u043d\u0430 1500 \u043c \u0438 \u043d\u0438\u0436\u0435 \u043f\u043b\u043e\u0442\u0438\u043d\u044b \u043d\u0430 500 \u043c:"
            }
        },
        {
            "type": "Feature",
            "geometry": {
                "type": "Polygon",
                "coordinates": [
                    [
                        [
                            37.989444444444445,
                            55.0985
                        ],
                        [
                            37.98925,
                            55.09852777777778
                        ],
                        [
                            37.98672222222223,
                            55.09638888888889
                        ],
                        [
                            37.986805555555556,
                            55.096333333333334
                        ],
                        [
                            37.98433333333333,
                            55.09397222222223
                        ],
                        [
                            37.98422222222222,
                            55.094
                        ],
                        [
                            37.989444444444445,
                            55.0985
                        ]
                    ]
                ]
            },
            "properties": {
                "description": "\u0433\u043e\u0440\u043e\u0434\u0441\u043a\u043e\u0439 \u043e\u043a\u0440\u0443\u0433 \u0421\u0442\u0443\u043f\u0438\u043d\u043e -> \u0440\u0435\u043a\u0430 \u041a\u0430\u0448\u0438\u0440\u043a\u0430: \u0443 \u043c\u043e\u0441\u0442\u0430 \u0430\u0432\u0442\u043e\u0434\u043e\u0440\u043e\u0433\u0438 \u043f\u043e\u0441\u0435\u043b\u043a\u0430 \u041b\u0438\u043f\u0438\u0442\u0438\u043d\u043e \u0432\u043d\u0438\u0437 \u0438 \u0432\u0432\u0435\u0440\u0445 \u043f\u043e \u0442\u0435\u0447\u0435\u043d\u0438\u044e \u043d\u0430 300 \u043c:"
            }
        },
        {
            "type": "Feature",
            "geometry": {
                "type": "Polygon",
                "coordinates": [
                    [
                        [
                            38.17144444444444,
                            54.9175
                        ],
                        [
                            38.171499999999995,
                            54.91763888888889
                        ],
                        [
                            38.17402777777777,
                            54.91572222222222
                        ],
                        [
                            38.173833333333334,
                            54.915749999999996
                        ],
                        [
                            38.17147222222222,
                            54.9135
                        ],
                        [
                            38.17133333333333,
                            54.91352777777777
                        ],
                        [
                            38.17144444444444,
                            54.9175
                        ]
                    ]
                ]
            },
            "properties": {
                "description": "\u0433\u043e\u0440\u043e\u0434\u0441\u043a\u043e\u0439 \u043e\u043a\u0440\u0443\u0433 \u0421\u0442\u0443\u043f\u0438\u043d\u043e -> \u0440\u0435\u043a\u0430 \u041a\u0430\u0448\u0438\u0440\u043a\u0430: \u0432 \u043f\u0440\u0438\u0442\u043e\u043a\u0430\u0445 \u0440\u0435\u043a\u0438 \u0425\u043e\u0447\u0435\u043c\u043a\u0430:"
            }
        },
        {
            "type": "Feature",
            "geometry": {
                "type": "Polygon",
                "coordinates": [
                    [
                        [
                            38.14963888888889,
                            54.946416666666664
                        ],
                        [
                            38.14947222222222,
                            54.94638888888888
                        ],
                        [
                            38.150416666666665,
                            54.943416666666664
                        ],
                        [
                            38.150277777777774,
                            54.94347222222222
                        ],
                        [
                            38.150888888888886,
                            54.940749999999994
                        ],
                        [
                            38.15072222222222,
                            54.94080555555555
                        ],
                        [
                            38.14963888888889,
                            54.946416666666664
                        ]
                    ]
                ]
            },
            "properties": {
                "description": "\u0433\u043e\u0440\u043e\u0434\u0441\u043a\u043e\u0439 \u043e\u043a\u0440\u0443\u0433 \u0421\u0442\u0443\u043f\u0438\u043d\u043e -> \u0440\u0435\u043a\u0430 \u041a\u0430\u0448\u0438\u0440\u043a\u0430: \u0432 \u043f\u0440\u0438\u0442\u043e\u043a\u0430\u0445 \u0440\u0435\u043a\u0438 \u0421\u0438\u0442\u043d\u044f:"
            }
        },
        {
            "type": "Feature",
            "geometry": {
                "type": "Polygon",
                "coordinates": [
                    [
                        [
                            38.14341666666667,
                            54.96491666666667
                        ],
                        [
                            38.141305555555554,
                            54.96705555555556
                        ],
                        [
                            38.14111111111111,
                            54.967083333333335
                        ],
                        [
                            38.13922222222222,
                            54.96955555555556
                        ],
                        [
                            38.13941666666667,
                            54.969611111111114
                        ],
                        [
                            38.14341666666667,
                            54.96491666666667
                        ]
                    ]
                ]
            },
            "properties": {
                "description": "\u0433\u043e\u0440\u043e\u0434\u0441\u043a\u043e\u0439 \u043e\u043a\u0440\u0443\u0433 \u0421\u0442\u0443\u043f\u0438\u043d\u043e -> \u0440\u0435\u043a\u0430 \u041a\u0430\u0448\u0438\u0440\u043a\u0430: \u0432 \u043f\u0440\u0438\u0442\u043e\u043a\u0430\u0445 \u0440\u0435\u043a\u0438 \u0411\u0443\u043d\u0447\u0438\u0445\u0430:"
            }
        },
        {
            "type": "Feature",
            "geometry": {
                "type": "Polygon",
                "coordinates": [
                    [
                        [
                            38.12288888888889,
                            55.01025
                        ],
                        [
                            38.12266666666667,
                            55.01027777777778
                        ],
                        [
                            38.1235,
                            55.01291666666667
                        ],
                        [
                            38.12327777777778,
                            55.01291666666667
                        ],
                        [
                            38.121,
                            55.015027777777775
                        ],
                        [
                            38.120777777777775,
                            55.015
                        ],
                        [
                            38.12288888888889,
                            55.01025
                        ]
                    ]
                ]
            },
            "properties": {
                "description": "\u0433\u043e\u0440\u043e\u0434\u0441\u043a\u043e\u0439 \u043e\u043a\u0440\u0443\u0433 \u0421\u0442\u0443\u043f\u0438\u043d\u043e -> \u0440\u0435\u043a\u0430 \u041a\u0430\u0448\u0438\u0440\u043a\u0430: \u0432 \u043f\u0440\u0438\u0442\u043e\u043a\u0430\u0445 \u0440\u0435\u043a\u0438 \u042f\u0437\u043e\u0432\u043a\u0430:"
            }
        },
        {
            "type": "Feature",
            "geometry": {
                "type": "Polygon",
                "coordinates": [
                    [
                        [
                            38.160555555555554,
                            55.06527777777777
                        ],
                        [
                            38.16180555555555,
                            55.06919444444445
                        ],
                        [
                            38.160555555555554,
                            55.06527777777777
                        ]
                    ]
                ]
            },
            "properties": {
                "description": "\u0433\u043e\u0440\u043e\u0434\u0441\u043a\u043e\u0439 \u043e\u043a\u0440\u0443\u0433 \u0421\u0442\u0443\u043f\u0438\u043d\u043e -> \u0440\u0443\u0441\u043b\u043e\u0432\u044b\u0435 \u043f\u0440\u0443\u0434\u044b \u0432 \u0440\u0430\u0439\u043e\u043d\u0435 \u0434\u0435\u0440\u0435\u0432\u043d\u0438 \u0421\u043e\u0442\u043d\u0438\u043a\u043e\u0432\u043e \u043d\u0430 \u0440\u0443\u0447\u044c\u0435 \u0414\u0443\u0431\u0440\u043e\u0432\u043a\u0430:"
            }
        },
        {
            "type": "Feature",
            "geometry": {
                "type": "Polygon",
                "coordinates": [
                    [
                        [
                            38.04677777777778,
                            54.94775
                        ],
                        [
                            38.04575,
                            54.94672222222222
                        ],
                        [
                            38.04677777777778,
                            54.94775
                        ]
                    ]
                ]
            },
            "properties": {
                "description": "\u0433\u043e\u0440\u043e\u0434\u0441\u043a\u043e\u0439 \u043e\u043a\u0440\u0443\u0433 \u0421\u0442\u0443\u043f\u0438\u043d\u043e -> \u0440\u0443\u0441\u043b\u043e\u0432\u044b\u0435 \u043f\u0440\u0443\u0434\u044b \u0432 \u0440\u0430\u0439\u043e\u043d\u0435 \u0434\u0435\u0440\u0435\u0432\u043d\u0438 \u0410\u043b\u0435\u0435\u0432\u043e \u043d\u0430 \u0440\u0435\u043a\u0435 \u0421\u0438\u0442\u0435\u043d\u043a\u0430:"
            }
        },
        {
            "type": "Feature",
            "geometry": {
                "type": "Polygon",
                "coordinates": [
                    [
                        [
                            37.97363888888889,
                            54.90711111111111
                        ],
                        [
                            37.97188888888889,
                            54.90266666666667
                        ],
                        [
                            37.980444444444444,
                            54.89836111111111
                        ],
                        [
                            37.98377777777778,
                            54.89961111111111
                        ],
                        [
                            37.98908333333333,
                            54.900194444444445
                        ],
                        [
                            37.97363888888889,
                            54.90711111111111
                        ]
                    ]
                ]
            },
            "properties": {
                "description": "\u0433\u043e\u0440\u043e\u0434\u0441\u043a\u043e\u0439 \u043e\u043a\u0440\u0443\u0433 \u0421\u0442\u0443\u043f\u0438\u043d\u043e -> \u0440\u0443\u0441\u043b\u043e\u0432\u044b\u0435 \u043f\u0440\u0443\u0434\u044b \u0432 \u0440\u0430\u0439\u043e\u043d\u0435 \u0434\u0435\u0440\u0435\u0432\u043d\u0438 \u0412\u0438\u0445\u043e\u0440\u043d\u0430 \u043d\u0430 \u0440\u0435\u043a\u0435 \u0413\u043e\u043b\u043e\u0432\u043b\u0438\u043d\u043a\u0430:"
            }
        },
        {
            "type": "Feature",
            "geometry": {
                "type": "Polygon",
                "coordinates": [
                    [
                        [
                            37.75152777777778,
                            55.05452777777778
                        ],
                        [
                            37.74788888888889,
                            55.05591666666666
                        ],
                        [
                            37.75152777777778,
                            55.05452777777778
                        ]
                    ]
                ]
            },
            "properties": {
                "description": "\u0433\u043e\u0440\u043e\u0434\u0441\u043a\u043e\u0439 \u043e\u043a\u0440\u0443\u0433 \u0421\u0442\u0443\u043f\u0438\u043d\u043e -> \u0440\u0443\u0441\u043b\u043e\u0432\u044b\u0435 \u043f\u0440\u0443\u0434\u044b \u0432 \u0440\u0430\u0439\u043e\u043d\u0435 \u0434\u0435\u0440\u0435\u0432\u043d\u0438 \u0421\u0435\u043c\u0435\u043d\u043e\u0432\u0441\u043a\u043e\u0435 \u043d\u0430 \u0440\u0435\u043a\u0435 \u041b\u043e\u043f\u0430\u0441\u043d\u044f:"
            }
        },
        {
            "type": "Feature",
            "geometry": {
                "type": "Polygon",
                "coordinates": [
                    [
                        [
                            38.14044444444444,
                            54.85325
                        ],
                        [
                            38.14447222222222,
                            54.85402777777778
                        ],
                        [
                            38.142472222222224,
                            54.85666666666667
                        ],
                        [
                            38.14033333333333,
                            54.85725
                        ],
                        [
                            38.13911111111111,
                            54.85577777777778
                        ],
                        [
                            38.14044444444444,
                            54.85325
                        ]
                    ]
                ]
            },
            "properties": {
                "description": "\u0433\u043e\u0440\u043e\u0434\u0441\u043a\u043e\u0439 \u043e\u043a\u0440\u0443\u0433 \u0421\u0442\u0443\u043f\u0438\u043d\u043e -> \u043a\u0430\u0440\u044c\u0435\u0440 \u0411\u0435\u043b\u043e\u043f\u0435\u0441\u043e\u0446\u043a\u0438\u0439: 40 \u043c \u043e\u0442 \u0443\u0440\u0435\u0437\u0430 \u0432\u043e\u0434\u044b \u0432\u0433\u043b\u0443\u0431\u044c \u0430\u043a\u0432\u0430\u0442\u043e\u0440\u0438\u0438:"
            }
        },
        {
            "type": "Feature",
            "geometry": {
                "type": "Polygon",
                "coordinates": [
                    [
                        [
                            37.97902777777778,
                            54.845333333333336
                        ],
                        [
                            37.98975,
                            54.845083333333335
                        ],
                        [
                            37.97902777777778,
                            54.845333333333336
                        ]
                    ]
                ]
            },
            "properties": {
                "description": "\u0433\u043e\u0440\u043e\u0434\u0441\u043a\u043e\u0439 \u043e\u043a\u0440\u0443\u0433 \u0421\u0442\u0443\u043f\u0438\u043d\u043e -> \u043e\u0437\u0435\u0440\u043e \u0420\u0435\u0437\u0432\u0430\u043d\u044c: 15 \u043c \u0432\u0433\u043b\u0443\u0431\u044c \u0430\u043a\u0432\u0430\u0442\u043e\u0440\u0438\u0438 \u0432\u0434\u043e\u043b\u044c \u0432\u0441\u0435\u0439 \u0431\u0435\u0440\u0435\u0433\u043e\u0432\u043e\u0439 \u043b\u0438\u043d\u0438\u0438:"
            }
        },
        {
            "type": "Feature",
            "geometry": {
                "type": "Polygon",
                "coordinates": [
                    [
                        [
                            38.067888888888895,
                            54.77022222222222
                        ],
                        [
                            38.06477777777778,
                            54.77008333333333
                        ],
                        [
                            38.05902777777777,
                            54.76961111111111
                        ],
                        [
                            38.053999999999995,
                            54.77088888888889
                        ],
                        [
                            38.05458333333333,
                            54.778777777777776
                        ],
                        [
                            38.067888888888895,
                            54.77022222222222
                        ]
                    ]
                ]
            },
            "properties": {
                "description": "\u0433\u043e\u0440\u043e\u0434\u0441\u043a\u043e\u0439 \u043e\u043a\u0440\u0443\u0433 \u041a\u0430\u0448\u0438\u0440\u0430 -> \u0440\u0435\u043a\u0430 \u041c\u0435\u0434\u0432\u0435\u0434\u043a\u0430: \u0440\u0430\u0439\u043e\u043d \u0434\u0435\u0440\u0435\u0432\u043d\u0438 \u0415\u043b\u044c\u043a\u0438\u043d\u043e:"
            }
        },
        {
            "type": "Feature",
            "geometry": {
                "type": "Polygon",
                "coordinates": [
                    [
                        [
                            38.34277777777778,
                            54.82302777777778
                        ],
                        [
                            38.32497222222223,
                            54.81569444444444
                        ],
                        [
                            38.34277777777778,
                            54.82302777777778
                        ]
                    ]
                ]
            },
            "properties": {
                "description": "\u0433\u043e\u0440\u043e\u0434\u0441\u043a\u043e\u0439 \u043e\u043a\u0440\u0443\u0433 \u041a\u0430\u0448\u0438\u0440\u0430 -> \u0440\u0435\u043a\u0430 \u041b\u044e\u0431\u0438\u043d\u043a\u0430: \u0440\u0430\u0439\u043e\u043d \u0434\u0435\u0440\u0435\u0432\u043d\u0438 \u0417\u043d\u0430\u043c\u0435\u043d\u0441\u043a\u043e\u0435:"
            }
        },
        {
            "type": "Feature",
            "geometry": {
                "type": "Polygon",
                "coordinates": [
                    [
                        [
                            38.093694444444445,
                            54.81052777777777
                        ],
                        [
                            38.102583333333335,
                            54.80788888888888
                        ],
                        [
                            38.093694444444445,
                            54.81052777777777
                        ]
                    ]
                ]
            },
            "properties": {
                "description": "\u0433\u043e\u0440\u043e\u0434\u0441\u043a\u043e\u0439 \u043e\u043a\u0440\u0443\u0433 \u041a\u0430\u0448\u0438\u0440\u0430 -> \u0440\u0435\u043a\u0430 \u041c\u0443\u0442\u0435\u043d\u043a\u0430: \u0440\u0430\u0439\u043e\u043d \u0434\u0435\u0440\u0435\u0432\u043d\u0438 \u041a\u043e\u0440\u044b\u0441\u0442\u043e\u0432\u043e, \u043f\u0440\u0438\u0431\u0440\u0435\u0436\u043d\u0430\u044f 10-\u043c\u0435\u0442\u0440\u043e\u0432\u0430\u044f \u0437\u043e\u043d\u0430:"
            }
        },
        {
            "type": "Feature",
            "geometry": {
                "type": "Polygon",
                "coordinates": [
                    [
                        [
                            38.52997222222222,
                            54.65236111111111
                        ],
                        [
                            38.5395,
                            54.659277777777774
                        ],
                        [
                            38.52997222222222,
                            54.65236111111111
                        ]
                    ]
                ]
            },
            "properties": {
                "description": "\u0433\u043e\u0440\u043e\u0434\u0441\u043a\u043e\u0439 \u043e\u043a\u0440\u0443\u0433 \u041a\u0430\u0448\u0438\u0440\u0430 -> \u0440\u0435\u043a\u0430 \u0411\u0435\u0440\u0435\u0437\u0438\u043d\u043a\u0430: \u0440\u0430\u0439\u043e\u043d \u0434\u0435\u0440\u0435\u0432\u043d\u0438 \u0411\u043e\u0433\u0430\u0442\u0438\u0449\u0435\u0432\u043e:"
            }
        },
        {
            "type": "Feature",
            "geometry": {
                "type": "Polygon",
                "coordinates": [
                    [
                        [
                            38.05441666666666,
                            54.76402777777778
                        ],
                        [
                            38.05911111111111,
                            54.76038888888889
                        ],
                        [
                            38.05441666666666,
                            54.76402777777778
                        ]
                    ]
                ]
            },
            "properties": {
                "description": "\u0433\u043e\u0440\u043e\u0434\u0441\u043a\u043e\u0439 \u043e\u043a\u0440\u0443\u0433 \u041a\u0430\u0448\u0438\u0440\u0430 -> \u0440\u0435\u043a\u0430 \u041c\u0443\u0442\u0435\u043d\u043a\u0430: \u0440\u0430\u0439\u043e\u043d \u0434\u0435\u0440\u0435\u0432\u043d\u0438 \u0421\u0435\u043c\u0435\u043d\u043a\u043e\u0432\u043e:"
            }
        },
        {
            "type": "Feature",
            "geometry": {
                "type": "Polygon",
                "coordinates": [
                    [
                        [
                            38.23902777777778,
                            54.710972222222225
                        ],
                        [
                            38.233555555555554,
                            54.709
                        ],
                        [
                            38.23341666666667,
                            54.70783333333333
                        ],
                        [
                            38.23116666666667,
                            54.708444444444446
                        ],
                        [
                            38.22569444444444,
                            54.70997222222223
                        ],
                        [
                            38.222055555555556,
                            54.712500000000006
                        ],
                        [
                            38.23902777777778,
                            54.710972222222225
                        ]
                    ]
                ]
            },
            "properties": {
                "description": "\u0433\u043e\u0440\u043e\u0434\u0441\u043a\u043e\u0439 \u043e\u043a\u0440\u0443\u0433 \u041a\u0430\u0448\u0438\u0440\u0430 -> \u0440\u0443\u0447\u0435\u0439 \u041d\u0438\u043a\u0443\u043b\u0438\u043d\u0441\u043a\u0438\u0439: \u0440\u0430\u0439\u043e\u043d \u0434\u0435\u0440\u0435\u0432\u043d\u0438 \u041d\u0438\u043a\u0443\u043b\u0438\u043d\u043e:"
            }
        },
        {
            "type": "Feature",
            "geometry": {
                "type": "Polygon",
                "coordinates": [
                    [
                        [
                            38.19102777777778,
                            54.794444444444444
                        ],
                        [
                            38.19188888888888,
                            54.79602777777777
                        ],
                        [
                            38.18077777777778,
                            54.795833333333334
                        ],
                        [
                            38.18066666666667,
                            54.79722222222222
                        ],
                        [
                            38.19102777777778,
                            54.794444444444444
                        ]
                    ]
                ]
            },
            "properties": {
                "description": "\u0433\u043e\u0440\u043e\u0434\u0441\u043a\u043e\u0439 \u043e\u043a\u0440\u0443\u0433 \u041a\u0430\u0448\u0438\u0440\u0430 -> \u0440\u0443\u0441\u043b\u043e\u0432\u044b\u0435 \u043f\u0440\u0443\u0434\u044b (\u0427\u0435\u0440\u043d\u044f\u0442\u0438\u043d\u0441\u043a\u0438\u0439) \u043d\u0430 \u0440\u0435\u043a\u0435 \u041c\u0443\u0442\u0435\u043d\u043a\u0430:"
            }
        },
        {
            "type": "Feature",
            "geometry": {
                "type": "Polygon",
                "coordinates": [
                    [
                        [
                            37.966944444444444,
                            54.83991666666667
                        ],
                        [
                            37.974250000000005,
                            54.83958333333334
                        ],
                        [
                            38.01638888888889,
                            54.84152777777778
                        ],
                        [
                            38.02952777777778,
                            54.84113888888889
                        ],
                        [
                            37.974583333333335,
                            54.83855555555556
                        ],
                        [
                            37.966944444444444,
                            54.83991666666667
                        ]
                    ]
                ]
            },
            "properties": {
                "description": "\u0433\u043e\u0440\u043e\u0434\u0441\u043a\u043e\u0439 \u043e\u043a\u0440\u0443\u0433 \u041a\u0430\u0448\u0438\u0440\u0430 -> \u0440\u0435\u043a\u0430 \u041e\u043a\u0430: \u043f\u0440\u0430\u0432\u044b\u0439 \u0431\u0435\u0440\u0435\u0433: 902 - 910\u00a0\u043a\u043c; 914-919\u00a0\u043a\u043c; 921 - 922,5\u00a0\u043a\u043c; 923,5 - 927\u00a0\u043a\u043c \u0441\u0443\u0434\u043e\u0432\u043e\u0433\u043e \u0445\u043e\u0434\u0430; \u043f\u0440\u0438\u0442\u043e\u043a\u0438: \u0411\u0435\u0441\u043f\u0443\u0442\u0430, \u041c\u0443\u0442\u0435\u043d\u043a\u0430 - \u0432 \u0440\u0430\u0434\u0438\u0443\u0441\u0435 500 \u043c \u043e\u0442 \u0443\u0441\u0442\u044c\u044f:"
            }
        },
        {
            "type": "Feature",
            "geometry": {
                "type": "Polygon",
                "coordinates": [
                    [
                        [
                            38.8455,
                            54.529555555555554
                        ],
                        [
                            38.84627777777778,
                            54.52911111111111
                        ],
                        [
                            38.730916666666666,
                            54.47577777777778
                        ],
                        [
                            38.730444444444444,
                            54.47566666666667
                        ],
                        [
                            38.8455,
                            54.529555555555554
                        ]
                    ]
                ]
            },
            "properties": {
                "description": "\u0433\u043e\u0440\u043e\u0434\u0441\u043a\u043e\u0439 \u043e\u043a\u0440\u0443\u0433 \u0421\u0435\u0440\u0435\u0431\u0440\u044f\u043d\u044b\u0435 \u041f\u0440\u0443\u0434\u044b -> \u0440\u0435\u043a\u0430 \u041e\u0441\u0435\u0442\u0440: \u043e\u0442 \u0434\u0435\u0440\u0435\u0432\u043d\u0438 \u041b\u0438\u0432\u0430\u0434\u0438\u044f \u0434\u043e \u043c\u043e\u0441\u0442\u0430 \u043f\u043e\u0441\u0435\u043b\u043a\u0430 \u0421\u0435\u0440\u0435\u0431\u0440\u044f\u043d\u044b\u0435 \u041f\u0440\u0443\u0434\u044b:"
            }
        },
        {
            "type": "Feature",
            "geometry": {
                "type": "Polygon",
                "coordinates": [
                    [
                        [
                            38.53236111111111,
                            54.46813888888889
                        ],
                        [
                            38.53197222222222,
                            54.46827777777778
                        ],
                        [
                            38.525194444444445,
                            54.468
                        ],
                        [
                            38.52466666666667,
                            54.46797222222222
                        ],
                        [
                            38.53236111111111,
                            54.46813888888889
                        ]
                    ]
                ]
            },
            "properties": {
                "description": "\u0433\u043e\u0440\u043e\u0434\u0441\u043a\u043e\u0439 \u043e\u043a\u0440\u0443\u0433 \u0421\u0435\u0440\u0435\u0431\u0440\u044f\u043d\u044b\u0435 \u041f\u0440\u0443\u0434\u044b -> \u0440\u0435\u043a\u0430 \u041e\u0441\u0435\u0442\u0440: \u0432 \u0443\u0441\u0442\u044c\u0435 \u0440\u0435\u043a\u0438 \u041f\u043e\u043b\u043e\u0441\u043d\u044f:"
            }
        },
        {
            "type": "Feature",
            "geometry": {
                "type": "Polygon",
                "coordinates": [
                    [
                        [
                            38.49127777777778,
                            54.454750000000004
                        ],
                        [
                            38.490972222222226,
                            54.454972222222224
                        ],
                        [
                            38.489333333333335,
                            54.45333333333333
                        ],
                        [
                            38.48855555555556,
                            54.453388888888895
                        ],
                        [
                            38.49127777777778,
                            54.454750000000004
                        ]
                    ]
                ]
            },
            "properties": {
                "description": "\u0433\u043e\u0440\u043e\u0434\u0441\u043a\u043e\u0439 \u043e\u043a\u0440\u0443\u0433 \u0421\u0435\u0440\u0435\u0431\u0440\u044f\u043d\u044b\u0435 \u041f\u0440\u0443\u0434\u044b -> \u0440\u0435\u043a\u0430 \u041e\u0441\u0435\u0442\u0440: \u0432 \u0443\u0441\u0442\u044c\u0435 \u0440\u0435\u043a\u0438 \u041c\u043e\u0440\u0434\u0432\u0435\u0441:"
            }
        },
        {
            "type": "Feature",
            "geometry": {
                "type": "Polygon",
                "coordinates": [
                    [
                        [
                            38.648944444444446,
                            54.48694444444445
                        ],
                        [
                            38.64908333333333,
                            54.48719444444445
                        ],
                        [
                            38.64063888888889,
                            54.48755555555556
                        ],
                        [
                            38.64019444444445,
                            54.48780555555555
                        ],
                        [
                            38.648944444444446,
                            54.48694444444445
                        ]
                    ]
                ]
            },
            "properties": {
                "description": "\u0433\u043e\u0440\u043e\u0434\u0441\u043a\u043e\u0439 \u043e\u043a\u0440\u0443\u0433 \u0421\u0435\u0440\u0435\u0431\u0440\u044f\u043d\u044b\u0435 \u041f\u0440\u0443\u0434\u044b -> \u0440\u0435\u043a\u0430 \u041e\u0441\u0435\u0442\u0440: \u0432 \u0443\u0441\u0442\u044c\u0435 \u0440\u0435\u043a\u0438 \u0411\u0435\u0440\u0435\u0437\u0438\u043d\u043a\u0430:"
            }
        },
        {
            "type": "Feature",
            "geometry": {
                "type": "Polygon",
                "coordinates": [
                    [
                        [
                            38.556305555555554,
                            54.32222222222222
                        ],
                        [
                            38.568000000000005,
                            54.322944444444445
                        ],
                        [
                            38.564277777777775,
                            54.32627777777778
                        ],
                        [
                            38.556305555555554,
                            54.32222222222222
                        ]
                    ]
                ]
            },
            "properties": {
                "description": "\u0433\u043e\u0440\u043e\u0434\u0441\u043a\u043e\u0439 \u043e\u043a\u0440\u0443\u0433 \u0421\u0435\u0440\u0435\u0431\u0440\u044f\u043d\u044b\u0435 \u041f\u0440\u0443\u0434\u044b -> \u0440\u0443\u0447\u0435\u0439 \u0422\u0430\u0442\u0430\u0440\u043a\u0430, \u0440\u0443\u0441\u043b\u043e\u0432\u044b\u0435 \u043f\u0440\u0443\u0434\u044b: \u0440\u0430\u0439\u043e\u043d \u0441\u0435\u043b\u0430 \u041f\u043e\u0434\u0445\u043e\u0436\u0435\u0435:"
            }
        },
        {
            "type": "Feature",
            "geometry": {
                "type": "Polygon",
                "coordinates": [
                    [
                        [
                            38.50047222222222,
                            54.52088888888889
                        ],
                        [
                            38.51016666666667,
                            54.53338888888889
                        ],
                        [
                            38.50047222222222,
                            54.52088888888889
                        ]
                    ]
                ]
            },
            "properties": {
                "description": "\u0433\u043e\u0440\u043e\u0434\u0441\u043a\u043e\u0439 \u043e\u043a\u0440\u0443\u0433 \u0421\u0435\u0440\u0435\u0431\u0440\u044f\u043d\u044b\u0435 \u041f\u0440\u0443\u0434\u044b -> \u0440\u0435\u043a\u0430 \u0411\u0435\u0440\u0435\u0437\u043d\u044f, \u0440\u0443\u0441\u043b\u043e\u0432\u044b\u0435 \u043f\u0440\u0443\u0434\u044b: \u0440\u0430\u0439\u043e\u043d \u0434\u0435\u0440\u0435\u0432\u043d\u0438 \u0411\u0435\u043b\u044f\u0435\u0432\u043e:"
            }
        },
        {
            "type": "Feature",
            "geometry": {
                "type": "Polygon",
                "coordinates": [
                    [
                        [
                            38.55161111111111,
                            54.61419444444444
                        ],
                        [
                            38.55161111111111,
                            54.61419444444444
                        ]
                    ]
                ]
            },
            "properties": {
                "description": "\u0433\u043e\u0440\u043e\u0434\u0441\u043a\u043e\u0439 \u043e\u043a\u0440\u0443\u0433 \u0421\u0435\u0440\u0435\u0431\u0440\u044f\u043d\u044b\u0435 \u041f\u0440\u0443\u0434\u044b -> \u0440\u0435\u043a\u0430 \u0411\u0435\u0440\u0435\u0437\u0438\u043d\u043a\u0430, \u0440\u0443\u0441\u043b\u043e\u0432\u044b\u0435 \u043f\u0440\u0443\u0434\u044b: \u0440\u0430\u0439\u043e\u043d \u0434\u0435\u0440\u0435\u0432\u043d\u0438 \u041c\u0430\u0437\u0430\u043b\u043e\u0432\u043e:"
            }
        },
        {
            "type": "Feature",
            "geometry": {
                "type": "Polygon",
                "coordinates": [
                    [
                        [
                            38.636833333333335,
                            54.43538888888889
                        ],
                        [
                            38.639916666666664,
                            54.43622222222222
                        ],
                        [
                            38.648916666666665,
                            54.44058333333333
                        ],
                        [
                            38.657333333333334,
                            54.44291666666666
                        ],
                        [
                            38.636833333333335,
                            54.43538888888889
                        ]
                    ]
                ]
            },
            "properties": {
                "description": "\u0433\u043e\u0440\u043e\u0434\u0441\u043a\u043e\u0439 \u043e\u043a\u0440\u0443\u0433 \u0421\u0435\u0440\u0435\u0431\u0440\u044f\u043d\u044b\u0435 \u041f\u0440\u0443\u0434\u044b -> \u0440\u0435\u043a\u0430 \u0421\u043e\u043b\u043e\u043d\u0438\u0446\u0430, \u0440\u0430\u0439\u043e\u043d \u0434\u0435\u0440\u0435\u0432\u043d\u0438 \u041a\u0440\u0430\u0441\u043d\u043e\u0435:"
            }
        },
        {
            "type": "Feature",
            "geometry": {
                "type": "Polygon",
                "coordinates": [
                    [
                        [
                            37.80738888888889,
                            54.87863888888889
                        ],
                        [
                            37.80730555555555,
                            54.878750000000004
                        ],
                        [
                            37.85461111111111,
                            54.842666666666666
                        ],
                        [
                            37.855111111111114,
                            54.84275
                        ],
                        [
                            37.80738888888889,
                            54.87863888888889
                        ]
                    ]
                ]
            },
            "properties": {
                "description": "\u0433\u043e\u0440\u043e\u0434\u0441\u043a\u043e\u0439 \u043e\u043a\u0440\u0443\u0433 \u0421\u0435\u0440\u043f\u0443\u0445\u043e\u0432 -> \u0440\u0435\u043a\u0430 \u041b\u043e\u043f\u0430\u0441\u043d\u044f: \u043e\u0442 \u0434\u0435\u0440\u0435\u0432\u043d\u0438 \u0422\u0443\u0440\u043e\u0432\u043e \u0434\u043e \u0443\u0441\u0442\u044c\u044f:"
            }
        },
        {
            "type": "Feature",
            "geometry": {
                "type": "Polygon",
                "coordinates": [
                    [
                        [
                            37.27191666666666,
                            54.847166666666666
                        ],
                        [
                            37.27186111111111,
                            54.84741666666667
                        ],
                        [
                            37.274277777777776,
                            54.847611111111114
                        ],
                        [
                            37.27486111111111,
                            54.84677777777778
                        ],
                        [
                            37.272638888888885,
                            54.846694444444445
                        ],
                        [
                            37.27191666666666,
                            54.847166666666666
                        ]
                    ]
                ]
            },
            "properties": {
                "description": "\u0433\u043e\u0440\u043e\u0434\u0441\u043a\u043e\u0439 \u043e\u043a\u0440\u0443\u0433 \u0421\u0435\u0440\u043f\u0443\u0445\u043e\u0432 -> \u0440\u0435\u043a\u0430 \u041f\u0440\u043e\u0442\u0432\u0430: 100 \u043c \u0432\u044b\u0448\u0435 \u0438 \u043d\u0438\u0436\u0435 \u043f\u043e \u0442\u0435\u0447\u0435\u043d\u0438\u044e \u043e\u0442 \u043c\u0435\u0441\u0442\u0430 \u0432\u043f\u0430\u0434\u0435\u043d\u0438\u044f:"
            }
        },
        {
            "type": "Feature",
            "geometry": {
                "type": "Polygon",
                "coordinates": [
                    [
                        [
                            37.413888888888884,
                            54.903555555555556
                        ],
                        [
                            37.415277777777774,
                            54.90372222222222
                        ],
                        [
                            37.413888888888884,
                            54.88366666666666
                        ],
                        [
                            37.41502777777777,
                            54.88419444444445
                        ],
                        [
                            37.413888888888884,
                            54.903555555555556
                        ]
                    ]
                ]
            },
            "properties": {
                "description": "\u0433\u043e\u0440\u043e\u0434\u0441\u043a\u043e\u0439 \u043e\u043a\u0440\u0443\u0433 \u0421\u0435\u0440\u043f\u0443\u0445\u043e\u0432 -> \u0440\u0435\u043a\u0430 \u041d\u0430\u0440\u0430: \u043e\u0442 \u043f\u043b\u043e\u0442\u0438\u043d\u044b (\u0440\u0430\u0439\u043e\u043d \u0412\u044b\u0441\u043e\u0446\u043a\u043e\u0433\u043e \u043c\u043e\u043d\u0430\u0441\u0442\u044b\u0440\u044f) \u0434\u043e \u0443\u0441\u0442\u044c\u044f:"
            }
        },
        {
            "type": "Feature",
            "geometry": {
                "type": "Polygon",
                "coordinates": [
                    [
                        [
                            37.48941666666667,
                            54.911249999999995
                        ],
                        [
                            37.489583333333336,
                            54.91122222222222
                        ],
                        [
                            37.46944444444445,
                            54.87463888888889
                        ],
                        [
                            37.48941666666667,
                            54.911249999999995
                        ]
                    ]
                ]
            },
            "properties": {
                "description": "\u0433\u043e\u0440\u043e\u0434\u0441\u043a\u043e\u0439 \u043e\u043a\u0440\u0443\u0433 \u0421\u0435\u0440\u043f\u0443\u0445\u043e\u0432 -> \u0440\u0435\u043a\u0430 \u0420\u0435\u0447\u043c\u0430: \u043e\u0442 \u0430\u0432\u0442\u043e\u0434\u043e\u0440\u043e\u0436\u043d\u043e\u0433\u043e \u043c\u043e\u0441\u0442\u0430 \u0443 \u0434\u0435\u0440\u0435\u0432\u043d\u0438 \u0411\u043e\u0440\u0438\u0441\u043e\u0432\u043e \u0434\u043e \u0443\u0441\u0442\u044c\u044f:"
            }
        },
        {
            "type": "Feature",
            "geometry": {
                "type": "Polygon",
                "coordinates": [
                    [
                        [
                            37.52011111111111,
                            54.84902777777778
                        ],
                        [
                            37.49861111111111,
                            54.85466666666667
                        ],
                        [
                            37.52011111111111,
                            54.84902777777778
                        ]
                    ]
                ]
            },
            "properties": {
                "description": "\u0433\u043e\u0440\u043e\u0434\u0441\u043a\u043e\u0439 \u043e\u043a\u0440\u0443\u0433 \u0421\u0435\u0440\u043f\u0443\u0445\u043e\u0432 -> \u043e\u0437\u0435\u0440\u043e \u041b\u0438\u043f\u0438\u0446\u043a\u043e\u0435 (\u041d\u0435\u0440\u043f\u0435\u0442\u0441\u043a\u043e\u0435): \u0432\u043e\u0441\u0442\u043e\u0447\u043d\u0430\u044f \u0447\u0430\u0441\u0442\u044c \u043e\u0442 \u043f\u0440\u0438\u043c\u044b\u043a\u0430\u044e\u0449\u0435\u0439 \u0431\u0435\u0442\u043e\u043d\u043d\u043e\u0439 \u0434\u043e\u0440\u043e\u0433\u0438 \u0434\u0435\u0440\u0435\u0432\u043d\u0438 \u0421\u0435\u043b\u0438\u043d\u043e \u0434\u043e \u0441\u0431\u0440\u043e\u0441\u043d\u043e\u0433\u043e \u043a\u0430\u043d\u0430\u043b\u0430:"
            }
        },
        {
            "type": "Feature",
            "geometry": {
                "type": "Polygon",
                "coordinates": [
                    [
                        [
                            37.28183333333333,
                            54.849694444444445
                        ],
                        [
                            37.28288888888889,
                            54.85019444444445
                        ],
                        [
                            37.282777777777774,
                            54.849222222222224
                        ],
                        [
                            37.28347222222222,
                            54.84952777777778
                        ],
                        [
                            37.28183333333333,
                            54.849694444444445
                        ]
                    ]
                ]
            },
            "properties": {
                "description": "\u0433\u043e\u0440\u043e\u0434\u0441\u043a\u043e\u0439 \u043e\u043a\u0440\u0443\u0433 \u0421\u0435\u0440\u043f\u0443\u0445\u043e\u0432 -> \u0440\u0435\u043a\u0430 \u041e\u043a\u0430, \u043f\u0440\u0430\u0432\u044b\u0439 \u0431\u0435\u0440\u0435\u0433: \u0432\u0445\u043e\u0434 \u0432 \u041b\u0430\u043d\u044c\u0448\u0438\u043d\u0441\u043a\u0438\u0439 \u043a\u0430\u0440\u044c\u0435\u0440, \u0432\u043e\u0441\u0442\u043e\u0447\u043d\u044b\u0439 \u0438 \u044e\u0436\u043d\u044b\u0439 \u0431\u0435\u0440\u0435\u0433\u0430 \u043a\u0430\u0440\u044c\u0435\u0440\u0430 981\u00a0\u043a\u043c:"
            }
        },
        {
            "type": "Feature",
            "geometry": {
                "type": "Polygon",
                "coordinates": [
                    [
                        [
                            37.30847222222222,
                            54.86983333333333
                        ],
                        [
                            37.30683333333333,
                            54.870805555555556
                        ],
                        [
                            37.36783333333334,
                            54.87336111111111
                        ],
                        [
                            37.36775,
                            54.87486111111111
                        ],
                        [
                            37.30847222222222,
                            54.86983333333333
                        ]
                    ]
                ]
            },
            "properties": {
                "description": "\u0433\u043e\u0440\u043e\u0434\u0441\u043a\u043e\u0439 \u043e\u043a\u0440\u0443\u0433 \u0421\u0435\u0440\u043f\u0443\u0445\u043e\u0432 -> \u0440\u0435\u043a\u0430 \u041e\u043a\u0430, \u043f\u0440\u0430\u0432\u044b\u0439 \u0431\u0435\u0440\u0435\u0433: \u0431\u043b\u043e\u043a\u0438 1 \u0438 3 \u041f\u043e\u0434\u043c\u043e\u043a\u043b\u043e\u0432\u0441\u043a\u043e\u0433\u043e \u043f\u043e\u0439\u043c\u0435\u043d\u043d\u043e\u0433\u043e \u043c\u0435\u0441\u0442\u043e\u0440\u043e\u0436\u0434\u0435\u043d\u0438\u044f \u043e\u0442 \u0441\u0442\u0432\u043e\u0440\u0430 \u0432\u043e\u0441\u0442\u043e\u0447\u043d\u043e\u0439 \u043e\u043a\u043e\u043d\u0435\u0447\u043d\u043e\u0441\u0442\u0438 \u0434\u0435\u0440\u0435\u0432\u043d\u0438 \u0414\u0440\u0430\u043a\u0438\u043d\u043e \u0434\u043e \u043b\u0430\u0433\u0435\u0440\u044f \u042e\u043d\u043e\u0441\u0442\u044c \u0438\u043b\u0438 (\u0421\u041d\u0422 \"\u0421\u043b\u0430\u0432\u044f\u043d\u0435\") \u043e\u0442 978,0\u00a0\u043a\u043c \u0434\u043e 974\u00a0\u043a\u043c:"
            }
        },
        {
            "type": "Feature",
            "geometry": {
                "type": "Polygon",
                "coordinates": [
                    [
                        [
                            37.50511111111111,
                            54.870694444444446
                        ],
                        [
                            37.50402777777778,
                            54.868972222222226
                        ],
                        [
                            37.52444444444444,
                            54.864555555555555
                        ],
                        [
                            37.522305555555555,
                            54.86269444444444
                        ],
                        [
                            37.50511111111111,
                            54.870694444444446
                        ]
                    ]
                ]
            },
            "properties": {
                "description": "\u0433\u043e\u0440\u043e\u0434\u0441\u043a\u043e\u0439 \u043e\u043a\u0440\u0443\u0433 \u0421\u0435\u0440\u043f\u0443\u0445\u043e\u0432 -> \u0440\u0435\u043a\u0430 \u041e\u043a\u0430, \u043f\u0440\u0430\u0432\u044b\u0439 \u0431\u0435\u0440\u0435\u0433: \u043e\u0442 \u0430\u0432\u0442\u043e\u0434\u043e\u0440\u043e\u0436\u043d\u043e\u0433\u043e \u043c\u043e\u0441\u0442\u0430 \u0434\u043e \u0441\u0442\u0432\u043e\u0440\u0430 \u0434\u0435\u0440\u0435\u0432\u043d\u0438 \u041b\u0443\u0436\u043a\u0438 \u043e\u0442 964,5\u00a0\u043a\u043c \u0434\u043e 961\u00a0\u043a\u043c:"
            }
        },
        {
            "type": "Feature",
            "geometry": {
                "type": "Polygon",
                "coordinates": [
                    [
                        [
                            37.62211111111111,
                            54.84847222222223
                        ],
                        [
                            37.623444444444445,
                            54.846694444444445
                        ],
                        [
                            37.70108333333334,
                            54.84869444444445
                        ],
                        [
                            37.70011111111111,
                            54.84666666666667
                        ],
                        [
                            37.62211111111111,
                            54.84847222222223
                        ]
                    ]
                ]
            },
            "properties": {
                "description": "\u0433\u043e\u0440\u043e\u0434\u0441\u043a\u043e\u0439 \u043e\u043a\u0440\u0443\u0433 \u0421\u0435\u0440\u043f\u0443\u0445\u043e\u0432 -> \u0440\u0435\u043a\u0430 \u041e\u043a\u0430, \u043f\u0440\u0430\u0432\u044b\u0439 \u0431\u0435\u0440\u0435\u0433: \u043e\u0442 \u0434\u0435\u0440\u0435\u0432\u043d\u0438 \u0420\u0435\u0441\u043f\u0443\u0431\u043b\u0438\u043a\u0430 (\u0433\u0440\u0435\u0431\u043d\u0430\u044f \u0431\u0430\u0437\u0430) \u0434\u043e \u0441\u0442\u0432\u043e\u0440\u0430 \u0434\u0435\u0440\u0435\u0432\u043d\u0438 \u0417\u0438\u0431\u0440\u043e\u0432\u043e \u043e\u0442 956,8\u00a0\u043a\u043c \u0434\u043e 951\u00a0\u043a\u043c:"
            }
        },
        {
            "type": "Feature",
            "geometry": {
                "type": "Polygon",
                "coordinates": [
                    [
                        [
                            37.85925,
                            54.84088888888889
                        ],
                        [
                            37.85886111111111,
                            54.84302777777778
                        ],
                        [
                            37.70605555555556,
                            54.84433333333334
                        ],
                        [
                            37.707750000000004,
                            54.84627777777778
                        ],
                        [
                            37.85925,
                            54.84088888888889
                        ]
                    ]
                ]
            },
            "properties": {
                "description": "\u0433\u043e\u0440\u043e\u0434\u0441\u043a\u043e\u0439 \u043e\u043a\u0440\u0443\u0433 \u0421\u0435\u0440\u043f\u0443\u0445\u043e\u0432 -> \u0440\u0435\u043a\u0430 \u041e\u043a\u0430, \u043f\u0440\u0430\u0432\u044b\u0439 \u0431\u0435\u0440\u0435\u0433: \u043e\u0442 \u0442\u0443\u0440\u0431\u0430\u0437\u044b \"\u0411\u0435\u0440\u0435\u0437\u043a\u0430\" \u0434\u043e \u0434\u0435\u0440\u0435\u0432\u043d\u0438 \u041c\u0430\u043a\u0430\u0440\u043e\u0432\u043a\u0430 \u043e\u0442 944,5\u00a0\u043a\u043c \u0434\u043e 940\u00a0\u043a\u043c:"
            }
        },
        {
            "type": "Feature",
            "geometry": {
                "type": "Polygon",
                "coordinates": [
                    [
                        [
                            37.40472222222222,
                            54.88
                        ],
                        [
                            37.403777777777776,
                            54.88194444444444
                        ],
                        [
                            37.39261111111111,
                            54.877611111111115
                        ],
                        [
                            37.39205555555556,
                            54.87983333333333
                        ],
                        [
                            37.40472222222222,
                            54.88
                        ]
                    ]
                ]
            },
            "properties": {
                "description": "\u0433\u043e\u0440\u043e\u0434\u0441\u043a\u043e\u0439 \u043e\u043a\u0440\u0443\u0433 \u0421\u0435\u0440\u043f\u0443\u0445\u043e\u0432 -> \u0440\u0435\u043a\u0430 \u041e\u043a\u0430, \u043b\u0435\u0432\u044b\u0439 \u0431\u0435\u0440\u0435\u0433: \u0440\u0430\u0439\u043e\u043d \u043e\u0441\u0442\u0440\u043e\u0432\u0430 \u043d\u0430\u043f\u0440\u043e\u0442\u0438\u0432 \u0443\u0441\u0442\u044c\u044f \u0440\u0435\u043a\u0438 \u0421\u043a\u043d\u0438\u0433\u0430 \u043e\u0442 971,3\u00a0\u043a\u043c \u0434\u043e 971,7\u00a0\u043a\u043c:"
            }
        },
        {
            "type": "Feature",
            "geometry": {
                "type": "Polygon",
                "coordinates": [
                    [
                        [
                            37.45227777777778,
                            54.873111111111115
                        ],
                        [
                            37.45466666666667,
                            54.876194444444444
                        ],
                        [
                            37.36408333333333,
                            54.873472222222226
                        ],
                        [
                            37.36425,
                            54.875055555555555
                        ],
                        [
                            37.45227777777778,
                            54.873111111111115
                        ]
                    ]
                ]
            },
            "properties": {
                "description": "\u0433\u043e\u0440\u043e\u0434\u0441\u043a\u043e\u0439 \u043e\u043a\u0440\u0443\u0433 \u0421\u0435\u0440\u043f\u0443\u0445\u043e\u0432 -> \u0440\u0435\u043a\u0430 \u041e\u043a\u0430, \u043b\u0435\u0432\u044b\u0439 \u0431\u0435\u0440\u0435\u0433: \u043e\u0442 \u043f\u0440\u043e\u0442\u043e\u043a\u0438 (\u0432\u043a\u043b\u044e\u0447\u0430\u044f \u043f\u0440\u043e\u0442\u043e\u043a\u0443) \u0438\u0437 \u0440\u0435\u043a\u0438 \u041e\u043a\u0438 \u0432 \u0426\u0438\u043c\u043b\u044f\u043d\u0441\u043a\u0438\u0439 \u043a\u0430\u0440\u044c\u0435\u0440 \u0434\u043e \u0432\u043e\u0434\u043e\u0437\u0430\u0431\u043e\u0440\u0430 \u041e\u0410\u041e \"\u0414\u0430\u0448\u043a\u043e\u0432\u043a\u0430\" \u043e\u0442 968\u00a0\u043a\u043c \u0434\u043e 966\u00a0\u043a\u043c:"
            }
        },
        {
            "type": "Feature",
            "geometry": {
                "type": "Polygon",
                "coordinates": [
                    [
                        [
                            37.69716666666666,
                            54.84725
                        ],
                        [
                            37.698249999999994,
                            54.84927777777778
                        ],
                        [
                            37.810027777777776,
                            54.83572222222222
                        ],
                        [
                            37.80933333333333,
                            54.83763888888889
                        ],
                        [
                            37.69716666666666,
                            54.84725
                        ]
                    ]
                ]
            },
            "properties": {
                "description": "\u0433\u043e\u0440\u043e\u0434\u0441\u043a\u043e\u0439 \u043e\u043a\u0440\u0443\u0433 \u0421\u0435\u0440\u043f\u0443\u0445\u043e\u0432 -> \u0440\u0435\u043a\u0430 \u041e\u043a\u0430, \u043b\u0435\u0432\u044b\u0439 \u0431\u0435\u0440\u0435\u0433: \u043e\u0442 \u0441\u0442\u0432\u043e\u0440\u0430 \u0434\u0435\u0440\u0435\u0432\u043d\u0438 \u0417\u0438\u0431\u0440\u043e\u0432\u043e \u0434\u043e \u0441\u0442\u0432\u043e\u0440\u0430 \u0434\u0435\u0440\u0435\u0432\u043d\u0438 \u0425\u043e\u0440\u043e\u0448\u0435\u0432\u043a\u0430 \u043e\u0442 951\u00a0\u043a\u043c \u0434\u043e 943\u00a0\u043a\u043c:"
            }
        },
        {
            "type": "Feature",
            "geometry": {
                "type": "Polygon",
                "coordinates": [
                    [
                        [
                            37.564138888888884,
                            54.846583333333335
                        ],
                        [
                            37.56133333333333,
                            54.84516666666667
                        ],
                        [
                            37.60969444444444,
                            54.8425
                        ],
                        [
                            37.60772222222222,
                            54.84419444444445
                        ],
                        [
                            37.564138888888884,
                            54.846583333333335
                        ]
                    ]
                ]
            },
            "properties": {
                "description": "\u0433\u043e\u0440\u043e\u0434\u0441\u043a\u043e\u0439 \u043e\u043a\u0440\u0443\u0433 \u0421\u0435\u0440\u043f\u0443\u0445\u043e\u0432 -> \u0440\u0435\u043a\u0430 \u041e\u043a\u0430, \u043b\u0435\u0432\u044b\u0439 \u0431\u0435\u0440\u0435\u0433: \u043e\u0442 \u0441\u0442\u0432\u043e\u0440\u0430 \u0434\u0435\u0440\u0435\u0432\u043d\u0438 \u041b\u0443\u0436\u043a\u0438 \u0434\u043e \u0433\u043e\u0440\u043e\u0434\u0430 \u041f\u0443\u0449\u0438\u043d\u043e \u043e\u0442 961,5\u00a0\u043a\u043c \u0434\u043e 958\u00a0\u043a\u043c:"
            }
        },
        {
            "type": "Feature",
            "geometry": {
                "type": "Polygon",
                "coordinates": [
                    [
                        [
                            37.09619444444445,
                            55.1025
                        ],
                        [
                            37.09580555555556,
                            55.102472222222225
                        ],
                        [
                            37.14011111111111,
                            55.05972222222222
                        ],
                        [
                            37.14013888888889,
                            55.059527777777774
                        ],
                        [
                            37.09619444444445,
                            55.1025
                        ]
                    ]
                ]
            },
            "properties": {
                "description": "\u0433\u043e\u0440\u043e\u0434\u0441\u043a\u043e\u0439 \u043e\u043a\u0440\u0443\u0433 \u0427\u0435\u0445\u043e\u0432 -> \u0440\u0435\u043a\u0430 \u041d\u0430\u0440\u0430: \u043e\u0442 \u0443\u0441\u0442\u044c\u044f \u0440\u0435\u043a\u0438 \u0421\u0442\u044b\u0434\u0438\u043d\u043a\u0430 (\u0434\u0435\u0440\u0435\u0432\u043d\u044f \u0411\u0435\u0433\u0438\u0447\u0435\u0432\u043e) \u0434\u043e \u0434\u0435\u0440\u0435\u0432\u043d\u0438 \u0414\u0443\u0431\u0440\u043e\u0432\u043a\u0430:"
            }
        },
        {
            "type": "Feature",
            "geometry": {
                "type": "Polygon",
                "coordinates": [
                    [
                        [
                            37.278055555555554,
                            55.17966666666666
                        ],
                        [
                            37.277972222222225,
                            55.17958333333333
                        ],
                        [
                            37.28922222222222,
                            55.17561111111111
                        ],
                        [
                            37.28916666666667,
                            55.17552777777777
                        ],
                        [
                            37.278055555555554,
                            55.17966666666666
                        ]
                    ]
                ]
            },
            "properties": {
                "description": "\u0433\u043e\u0440\u043e\u0434\u0441\u043a\u043e\u0439 \u043e\u043a\u0440\u0443\u0433 \u0427\u0435\u0445\u043e\u0432 -> \u0440\u0435\u043a\u0430 \u041b\u043e\u043f\u0430\u0441\u043d\u044f: \u043e\u0442 \u0434\u0430\u043c\u0431\u044b \u0434\u0435\u0440\u0435\u0432\u043d\u0438 \u0421\u043e\u043b\u043e\u0434\u043e\u0432\u043a\u0430 \u0434\u043e \u043f\u043b\u043e\u0442\u0438\u043d\u044b \u0434\u0435\u0440\u0435\u0432\u043d\u0438 \u0418\u0433\u0443\u043c\u043d\u043e\u0432\u043e:"
            }
        },
        {
            "type": "Feature",
            "geometry": {
                "type": "Polygon",
                "coordinates": [
                    [
                        [
                            37.33363888888889,
                            55.15011111111111
                        ],
                        [
                            37.33427777777778,
                            55.14897222222222
                        ],
                        [
                            37.322583333333334,
                            55.147888888888886
                        ],
                        [
                            37.32230555555556,
                            55.14830555555555
                        ],
                        [
                            37.33363888888889,
                            55.15011111111111
                        ]
                    ]
                ]
            },
            "properties": {
                "description": "\u0433\u043e\u0440\u043e\u0434\u0441\u043a\u043e\u0439 \u043e\u043a\u0440\u0443\u0433 \u0427\u0435\u0445\u043e\u0432 -> \u0440\u0435\u043a\u0430 \u041d\u0438\u043a\u0430\u0436\u0435\u043b\u044c: \u043f\u0440\u0443\u0434\u044b \u0432 \u0434\u0435\u0440\u0435\u0432\u043d\u0435 \u0411\u0435\u043b\u044f\u0435\u0432\u043e:"
            }
        },
        {
            "type": "Feature",
            "geometry": {
                "type": "Polygon",
                "coordinates": [
                    [
                        [
                            37.26397222222222,
                            55.14044444444444
                        ],
                        [
                            37.26316666666666,
                            55.14194444444444
                        ],
                        [
                            37.24311111111111,
                            55.13805555555555
                        ],
                        [
                            37.24272222222222,
                            55.13686111111111
                        ],
                        [
                            37.25694444444444,
                            55.13030555555556
                        ],
                        [
                            37.26397222222222,
                            55.14044444444444
                        ]
                    ]
                ]
            },
            "properties": {
                "description": "\u0433\u043e\u0440\u043e\u0434\u0441\u043a\u043e\u0439 \u043e\u043a\u0440\u0443\u0433 \u0427\u0435\u0445\u043e\u0432 -> \u0440\u0435\u043a\u0430 \u041d\u0438\u043a\u0430\u0436\u0435\u043b\u044c: \u043f\u0440\u0443\u0434\u044b \u0432 \u0434\u0435\u0440\u0435\u0432\u043d\u0435 \u0424\u0438\u043b\u0438\u043f\u043f\u043e\u0432\u0441\u043a\u043e\u0435:"
            }
        },
        {
            "type": "Feature",
            "geometry": {
                "type": "Polygon",
                "coordinates": [
                    [
                        [
                            37.59097222222223,
                            55.13561111111111
                        ],
                        [
                            37.59136111111111,
                            55.134972222222224
                        ],
                        [
                            37.59572222222222,
                            55.136
                        ],
                        [
                            37.59097222222223,
                            55.13561111111111
                        ]
                    ]
                ]
            },
            "properties": {
                "description": "\u0433\u043e\u0440\u043e\u0434\u0441\u043a\u043e\u0439 \u043e\u043a\u0440\u0443\u0433 \u0427\u0435\u0445\u043e\u0432 -> \u0440\u0435\u043a\u0430 \u041b\u044e\u0442\u043e\u0440\u043a\u0430: \u0440\u0443\u0441\u043b\u043e\u0432\u044b\u0435 \u043f\u0440\u0443\u0434\u044b \u0432 \u0434\u0435\u0440\u0435\u0432\u043d\u0435 \u0412\u0430\u0441\u044c\u043a\u0438\u043d\u043e"
            }
        },
        {
            "type": "Feature",
            "geometry": {
                "type": "Polygon",
                "coordinates": [
                    [
                        [
                            37.63188888888889,
                            55.15208333333333
                        ],
                        [
                            37.63458333333333,
                            55.15558333333333
                        ],
                        [
                            37.63188888888889,
                            55.15208333333333
                        ]
                    ]
                ]
            },
            "properties": {
                "description": "\u0433\u043e\u0440\u043e\u0434\u0441\u043a\u043e\u0439 \u043e\u043a\u0440\u0443\u0433 \u0427\u0435\u0445\u043e\u0432 -> \u0440\u0435\u043a\u0430 \u041b\u044e\u0442\u043e\u0440\u043a\u0430: \u0440\u0443\u0441\u043b\u043e\u0432\u044b\u0435 \u043f\u0440\u0443\u0434\u044b \u0432 \u0434\u0435\u0440\u0435\u0432\u043d\u0435 \u0421\u043e\u043a\u043e\u043b\u044c\u043d\u0438\u043a\u043e\u0432\u043e:"
            }
        },
        {
            "type": "Feature",
            "geometry": {
                "type": "Polygon",
                "coordinates": [
                    [
                        [
                            37.48294444444445,
                            55.26636111111111
                        ],
                        [
                            37.479,
                            55.260777777777776
                        ],
                        [
                            37.48294444444445,
                            55.26636111111111
                        ]
                    ]
                ]
            },
            "properties": {
                "description": "\u0433\u043e\u0440\u043e\u0434\u0441\u043a\u043e\u0439 \u043e\u043a\u0440\u0443\u0433 \u0427\u0435\u0445\u043e\u0432 -> \u0440\u0435\u043a\u0430 \u0420\u043e\u0436\u0430\u0439\u043a\u0430: \u043f\u0440\u0443\u0434\u044b \u0432 \u043f\u043e\u0441\u0435\u043b\u043a\u0435 \u0421\u0442\u043e\u043b\u0431\u043e\u0432\u0430\u044f:"
            }
        },
        {
            "type": "Feature",
            "geometry": {
                "type": "Polygon",
                "coordinates": [
                    [
                        [
                            37.51736111111111,
                            55.27161111111111
                        ],
                        [
                            37.520833333333336,
                            55.27336111111111
                        ],
                        [
                            37.51580555555555,
                            55.27708333333333
                        ],
                        [
                            37.5085,
                            55.275777777777776
                        ],
                        [
                            37.51736111111111,
                            55.27161111111111
                        ]
                    ]
                ]
            },
            "properties": {
                "description": "\u0433\u043e\u0440\u043e\u0434\u0441\u043a\u043e\u0439 \u043e\u043a\u0440\u0443\u0433 \u0427\u0435\u0445\u043e\u0432 -> \u0440\u0435\u043a\u0430 \u0420\u043e\u0436\u0430\u0439\u043a\u0430: \u043f\u0440\u0443\u0434\u044b \u0432 \u0441\u0435\u043b\u0435 \u041c\u043e\u043b\u043e\u0434\u0438:"
            }
        },
        {
            "type": "Feature",
            "geometry": {
                "type": "Polygon",
                "coordinates": [
                    [
                        [
                            37.46966666666667,
                            55.121611111111115
                        ],
                        [
                            37.47819444444445,
                            55.12291666666667
                        ],
                        [
                            37.47677777777778,
                            55.12388888888889
                        ],
                        [
                            37.473,
                            55.12338888888889
                        ],
                        [
                            37.46988888888889,
                            55.122527777777776
                        ],
                        [
                            37.46966666666667,
                            55.121611111111115
                        ]
                    ]
                ]
            },
            "properties": {
                "description": "\u0433\u043e\u0440\u043e\u0434\u0441\u043a\u043e\u0439 \u043e\u043a\u0440\u0443\u0433 \u0427\u0435\u0445\u043e\u0432 -> \u043a\u0430\u0440\u044c\u0435\u0440 \u041c\u0430\u043d\u0443\u0448\u043a\u0438\u043d\u043e: \u0441\u0435\u0432\u0435\u0440\u043e-\u0437\u0430\u043f\u0430\u0434\u043d\u044b\u0439 \u0431\u0435\u0440\u0435\u0433 \u043e\u0442 \u0434\u0430\u0447\u043d\u044b\u0445 \u0443\u0447\u0430\u0441\u0442\u043a\u043e\u0432 \u0434\u043e \u043f\u0440\u043e\u0442\u043e\u043a\u0438 \u0432 \u0440\u0435\u043a\u0443 \u041b\u043e\u043f\u0430\u0441\u043d\u044f:"
            }
        },
        {
            "type": "Feature",
            "geometry": {
                "type": "Polygon",
                "coordinates": [
                    [
                        [
                            37.55163888888889,
                            55.43597222222222
                        ],
                        [
                            37.552305555555556,
                            55.436388888888885
                        ],
                        [
                            37.500638888888886,
                            55.44038888888888
                        ],
                        [
                            37.499361111111114,
                            55.44005555555555
                        ],
                        [
                            37.55163888888889,
                            55.43597222222222
                        ]
                    ]
                ]
            },
            "properties": {
                "description": "\u0433\u043e\u0440\u043e\u0434\u0441\u043a\u043e\u0439 \u043e\u043a\u0440\u0443\u0433 \u041f\u043e\u0434\u043e\u043b\u044c\u0441\u043a -> \u0440\u0435\u043a\u0430 \u041f\u0430\u0445\u0440\u0430: \u043e\u0442 \u0430\u0432\u0442\u043e\u0434\u043e\u0440\u043e\u0436\u043d\u043e\u0433\u043e \u043c\u043e\u0441\u0442\u0430 \u0432 \u0433\u043e\u0440\u043e\u0434\u0435 \u041f\u043e\u0434\u043e\u043b\u044c\u0441\u043a \u0434\u043e \u0443\u0441\u0442\u044c\u044f \u0440\u0435\u043a\u0438 \u0414\u0435\u0441\u043d\u044b:"
            }
        },
        {
            "type": "Feature",
            "geometry": {
                "type": "Polygon",
                "coordinates": [
                    [
                        [
                            37.5005,
                            55.48880555555556
                        ],
                        [
                            37.500194444444446,
                            55.48916666666667
                        ],
                        [
                            37.439055555555555,
                            55.50413888888889
                        ],
                        [
                            37.43894444444444,
                            55.50411111111111
                        ],
                        [
                            37.5005,
                            55.48880555555556
                        ]
                    ]
                ]
            },
            "properties": {
                "description": "\u0433\u043e\u0440\u043e\u0434\u0441\u043a\u043e\u0439 \u043e\u043a\u0440\u0443\u0433 \u041f\u043e\u0434\u043e\u043b\u044c\u0441\u043a -> \u0440\u0435\u043a\u0430 \u0414\u0435\u0441\u043d\u0430: \u043e\u0442 \u043f\u043b\u043e\u0442\u0438\u043d\u044b (\u043f\u043e\u0441\u0435\u043b\u043e\u043a \u0424\u0430\u0431\u0440\u0438\u043a\u0430 1 \u041c\u0430\u044f) \u0434\u043e \u043f\u0435\u0440\u0435\u0445\u043e\u0434\u0430 \u0433\u0430\u0437\u043e\u043f\u0440\u043e\u0432\u043e\u0434\u0430 \u0434\u0435\u0440\u0435\u0432\u043d\u0438 \u0420\u0430\u0441\u0442\u043e\u0440\u043e\u043f\u043e\u0432\u043e:"
            }
        },
        {
            "type": "Feature",
            "geometry": {
                "type": "Polygon",
                "coordinates": [
                    [
                        [
                            37.46758333333334,
                            55.40741666666666
                        ],
                        [
                            37.46769444444445,
                            55.407444444444444
                        ],
                        [
                            37.46233333333333,
                            55.43988888888889
                        ],
                        [
                            37.463638888888894,
                            55.43958333333333
                        ],
                        [
                            37.46758333333334,
                            55.40741666666666
                        ]
                    ]
                ]
            },
            "properties": {
                "description": "\u0433\u043e\u0440\u043e\u0434\u0441\u043a\u043e\u0439 \u043e\u043a\u0440\u0443\u0433 \u041f\u043e\u0434\u043e\u043b\u044c\u0441\u043a -> \u0440\u0435\u043a\u0430 \u041c\u043e\u0447\u0430: \u043e\u0442 \u0430\u0432\u0442\u043e\u043c\u043e\u0431\u0438\u043b\u044c\u043d\u043e\u0433\u043e \u043c\u043e\u0441\u0442\u0430 \u043f\u043e\u0441\u0435\u043b\u043a\u0430 \u041a\u0443\u0437\u043d\u0435\u0447\u0438\u043a\u0438 \u0434\u043e \u0443\u0441\u0442\u044c\u044f:"
            }
        },
        {
            "type": "Feature",
            "geometry": {
                "type": "Polygon",
                "coordinates": [
                    [
                        [
                            37.17019444444444,
                            55.344972222222225
                        ],
                        [
                            37.17202777777778,
                            55.34655555555556
                        ],
                        [
                            37.17686111111111,
                            55.34247222222223
                        ],
                        [
                            37.17680555555555,
                            55.34236111111111
                        ],
                        [
                            37.17019444444444,
                            55.344972222222225
                        ]
                    ]
                ]
            },
            "properties": {
                "description": "\u0433\u043e\u0440\u043e\u0434\u0441\u043a\u043e\u0439 \u043e\u043a\u0440\u0443\u0433 \u041f\u043e\u0434\u043e\u043b\u044c\u0441\u043a -> \u0440\u0435\u043a\u0430 \u041f\u043e\u043b\u044f\u043d\u0438\u0446\u0430: \u043e\u0442 \u043f\u043b\u043e\u0442\u0438\u043d\u044b \u043f\u0440\u0443\u0434\u0430 \u0432 \u0434\u0435\u0440\u0435\u0432\u043d\u0435 \u0420\u044b\u0436\u043e\u0432\u043e \u0434\u043e \u0443\u0441\u0442\u044c\u044f:"
            }
        },
        {
            "type": "Feature",
            "geometry": {
                "type": "Polygon",
                "coordinates": [
                    [
                        [
                            37.95044444444445,
                            55.49927777777778
                        ],
                        [
                            37.95011111111111,
                            55.499611111111115
                        ],
                        [
                            37.750527777777776,
                            55.492444444444445
                        ],
                        [
                            37.7505,
                            55.49313888888889
                        ],
                        [
                            37.95044444444445,
                            55.49927777777778
                        ]
                    ]
                ]
            },
            "properties": {
                "description": "\u0433\u043e\u0440\u043e\u0434\u0441\u043a\u043e\u0439 \u043e\u043a\u0440\u0443\u0433 \u0414\u043e\u043c\u043e\u0434\u0435\u0434\u043e\u0432\u043e -> \u0440\u0435\u043a\u0430 \u041f\u0430\u0445\u0440\u0430: \u043e\u0442 \u0441\u0435\u043b\u0430 \u042f\u043c \u0434\u043e \u043f\u043b\u043e\u0442\u0438\u043d\u044b \u043f\u043e\u0441\u0435\u043b\u043a\u0430 \u0412\u043e\u043b\u043e\u0434\u0430\u0440\u0441\u043a\u043e\u0433\u043e:"
            }
        },
        {
            "type": "Feature",
            "geometry": {
                "type": "Polygon",
                "coordinates": [
                    [
                        [
                            37.784527777777775,
                            55.23105555555556
                        ],
                        [
                            37.784277777777774,
                            55.23111111111111
                        ],
                        [
                            37.80888888888889,
                            55.23491666666667
                        ],
                        [
                            37.82358333333334,
                            55.23983333333334
                        ],
                        [
                            37.821361111111116,
                            55.241305555555556
                        ],
                        [
                            37.784527777777775,
                            55.23105555555556
                        ]
                    ]
                ]
            },
            "properties": {
                "description": "\u0433\u043e\u0440\u043e\u0434\u0441\u043a\u043e\u0439 \u043e\u043a\u0440\u0443\u0433 \u0414\u043e\u043c\u043e\u0434\u0435\u0434\u043e\u0432\u043e -> \u0440\u0435\u043a\u0430 \u0421\u0435\u0432\u0435\u0440\u043a\u0430: \u043f\u0440\u0443\u0434 \u0432 \u0434\u0435\u0440\u0435\u0432\u043d\u0435 \u0413\u043e\u043b\u0443\u0431\u0438\u043d\u043e \u043e\u0442 \u0443\u0441\u0442\u044c\u044f \u0440\u0443\u0447\u044c\u0435\u0432\u043e\u0433\u043e \u043f\u0440\u0438\u0442\u043e\u043a\u0430 \u0432 \u0421\u041d\u0422 \"\u041c\u0430\u0442\u0447\u0438\u043d\u043e\" \u0434\u043e \u043f\u043b\u043e\u0442\u0438\u043d\u044b:"
            }
        },
        {
            "type": "Feature",
            "geometry": {
                "type": "Polygon",
                "coordinates": [
                    [
                        [
                            37.37286111111111,
                            55.528999999999996
                        ],
                        [
                            37.370222222222225,
                            55.52988888888889
                        ],
                        [
                            37.370305555555554,
                            55.52997222222222
                        ],
                        [
                            37.37286111111111,
                            55.528999999999996
                        ]
                    ]
                ]
            },
            "properties": {
                "description": "\u041b\u0435\u043d\u0438\u043d\u0441\u043a\u0438\u0439 \u0433\u043e\u0440\u043e\u0434\u0441\u043a\u043e\u0439 \u043e\u043a\u0440\u0443\u0433 -> \u0440\u0435\u043a\u0430 \u041d\u0435\u0437\u043d\u0430\u0439\u043a\u0430: \u0443\u0441\u0442\u044c\u0435 (100 \u043c \u0432\u044b\u0448\u0435 \u0438 \u043d\u0438\u0436\u0435 \u043f\u043e \u0442\u0435\u0447\u0435\u043d\u0438\u044e \u043e\u0442 \u043c\u0435\u0441\u0442\u0430 \u0432\u043f\u0430\u0434\u0435\u043d\u0438\u044f):"
            }
        },
        {
            "type": "Feature",
            "geometry": {
                "type": "Polygon",
                "coordinates": [
                    [
                        [
                            37.49933333333333,
                            55.44152777777777
                        ],
                        [
                            37.49894444444445,
                            55.44130555555555
                        ],
                        [
                            37.50105555555555,
                            55.44002777777777
                        ],
                        [
                            37.500277777777775,
                            55.43994444444444
                        ],
                        [
                            37.49933333333333,
                            55.44152777777777
                        ]
                    ]
                ]
            },
            "properties": {
                "description": "\u041b\u0435\u043d\u0438\u043d\u0441\u043a\u0438\u0439 \u0433\u043e\u0440\u043e\u0434\u0441\u043a\u043e\u0439 \u043e\u043a\u0440\u0443\u0433 -> \u0440\u0435\u043a\u0430 \u0414\u0435\u0441\u043d\u0430: \u0443\u0441\u0442\u044c\u0435 (100 \u043c \u0432\u044b\u0448\u0435 \u0438 \u043d\u0438\u0436\u0435 \u043f\u043e \u0442\u0435\u0447\u0435\u043d\u0438\u044e \u043e\u0442 \u043c\u0435\u0441\u0442\u0430 \u0432\u043f\u0430\u0434\u0435\u043d\u0438\u044f):"
            }
        },
        {
            "type": "Feature",
            "geometry": {
                "type": "Polygon",
                "coordinates": [
                    [
                        [
                            37.42761111111111,
                            55.512388888888886
                        ],
                        [
                            37.42769444444444,
                            55.512388888888886
                        ],
                        [
                            37.425333333333334,
                            55.51222222222222
                        ],
                        [
                            37.42541666666666,
                            55.51186111111111
                        ],
                        [
                            37.426027777777776,
                            55.51311111111111
                        ],
                        [
                            37.42538888888889,
                            55.51325
                        ],
                        [
                            37.42761111111111,
                            55.512388888888886
                        ]
                    ]
                ]
            },
            "properties": {
                "description": "\u041b\u0435\u043d\u0438\u043d\u0441\u043a\u0438\u0439 \u0433\u043e\u0440\u043e\u0434\u0441\u043a\u043e\u0439 \u043e\u043a\u0440\u0443\u0433 -> \u0440\u0435\u043a\u0430 \u0421\u043e\u0441\u0435\u043d\u043a\u0430: \u0443\u0441\u0442\u044c\u0435 (100 \u043c \u0432\u044b\u0448\u0435 \u0438 \u043d\u0438\u0436\u0435 \u043f\u043e \u0442\u0435\u0447\u0435\u043d\u0438\u044e \u043e\u0442 \u043c\u0435\u0441\u0442\u0430 \u0432\u043f\u0430\u0434\u0435\u043d\u0438\u044f):"
            }
        },
        {
            "type": "Feature",
            "geometry": {
                "type": "Polygon",
                "coordinates": [
                    [
                        [
                            37.34666666666667,
                            55.54847222222222
                        ],
                        [
                            37.346583333333335,
                            55.5485
                        ],
                        [
                            37.34744444444445,
                            55.547444444444444
                        ],
                        [
                            37.34725,
                            55.54730555555555
                        ],
                        [
                            37.34666666666667,
                            55.54847222222222
                        ]
                    ]
                ]
            },
            "properties": {
                "description": "\u041b\u0435\u043d\u0438\u043d\u0441\u043a\u0438\u0439 \u0433\u043e\u0440\u043e\u0434\u0441\u043a\u043e\u0439 \u043e\u043a\u0440\u0443\u0433 -> \u0440\u0435\u043a\u0430 \u041b\u0438\u043a\u043e\u0432\u0430: \u0443\u0441\u0442\u044c\u0435 (100 \u043c \u0432\u044b\u0448\u0435 \u0438 \u043d\u0438\u0436\u0435 \u043f\u043e \u0442\u0435\u0447\u0435\u043d\u0438\u044e \u043e\u0442 \u043c\u0435\u0441\u0442\u0430 \u0432\u043f\u0430\u0434\u0435\u043d\u0438\u044f):"
            }
        },
        {
            "type": "Feature",
            "geometry": {
                "type": "Polygon",
                "coordinates": [
                    [
                        [
                            37.727611111111116,
                            55.497083333333336
                        ],
                        [
                            37.727444444444444,
                            55.497055555555555
                        ],
                        [
                            37.727805555555555,
                            55.49527777777778
                        ],
                        [
                            37.72677777777778,
                            55.495333333333335
                        ],
                        [
                            37.727611111111116,
                            55.497083333333336
                        ]
                    ]
                ]
            },
            "properties": {
                "description": "\u041b\u0435\u043d\u0438\u043d\u0441\u043a\u0438\u0439 \u0433\u043e\u0440\u043e\u0434\u0441\u043a\u043e\u0439 \u043e\u043a\u0440\u0443\u0433 -> \u0440\u0435\u043a\u0430 \u0411\u0438\u0442\u0446\u0430: \u0443\u0441\u0442\u044c\u0435 (100 \u043c \u0432\u044b\u0448\u0435 \u0438 \u043d\u0438\u0436\u0435 \u043f\u043e \u0442\u0435\u0447\u0435\u043d\u0438\u044e \u043e\u0442 \u043c\u0435\u0441\u0442\u0430 \u0432\u043f\u0430\u0434\u0435\u043d\u0438\u044f):"
            }
        },
        {
            "type": "Feature",
            "geometry": {
                "type": "Polygon",
                "coordinates": [
                    [
                        [
                            37.722388888888894,
                            55.495111111111115
                        ],
                        [
                            37.72288888888889,
                            55.49513888888889
                        ],
                        [
                            37.72269444444445,
                            55.495694444444446
                        ],
                        [
                            37.72230555555556,
                            55.49563888888889
                        ],
                        [
                            37.72202777777778,
                            55.49652777777778
                        ],
                        [
                            37.721916666666665,
                            55.49652777777778
                        ],
                        [
                            37.722388888888894,
                            55.495111111111115
                        ]
                    ]
                ]
            },
            "properties": {
                "description": "\u041b\u0435\u043d\u0438\u043d\u0441\u043a\u0438\u0439 \u0433\u043e\u0440\u043e\u0434\u0441\u043a\u043e\u0439 \u043e\u043a\u0440\u0443\u0433 -> \u0440\u0435\u043a\u0430 \u0413\u0432\u043e\u0437\u0434\u044f\u043d\u043a\u0430: \u0443\u0441\u0442\u044c\u0435 (100 \u043c \u0432\u044b\u0448\u0435 \u0438 \u043d\u0438\u0436\u0435 \u043f\u043e \u0442\u0435\u0447\u0435\u043d\u0438\u044e \u043e\u0442 \u043c\u0435\u0441\u0442\u0430 \u0432\u043f\u0430\u0434\u0435\u043d\u0438\u044f):"
            }
        },
        {
            "type": "Feature",
            "geometry": {
                "type": "Polygon",
                "coordinates": [
                    [
                        [
                            37.43858333333333,
                            55.52858333333333
                        ],
                        [
                            37.43852777777777,
                            55.52861111111111
                        ],
                        [
                            37.43630555555555,
                            55.52722222222222
                        ],
                        [
                            37.436277777777775,
                            55.527277777777776
                        ],
                        [
                            37.43858333333333,
                            55.52858333333333
                        ]
                    ]
                ]
            },
            "properties": {
                "description": "\u041b\u0435\u043d\u0438\u043d\u0441\u043a\u0438\u0439 \u0433\u043e\u0440\u043e\u0434\u0441\u043a\u043e\u0439 \u043e\u043a\u0440\u0443\u0433 -> \u0440\u0435\u043a\u0430 \u0426\u044b\u0433\u0430\u043d\u043a\u0430: \u0443\u0441\u0442\u044c\u0435 (100 \u043c \u0432\u044b\u0448\u0435 \u0438 \u043d\u0438\u0436\u0435 \u043f\u043e \u0442\u0435\u0447\u0435\u043d\u0438\u044e \u043e\u0442 \u043c\u0435\u0441\u0442\u0430 \u0432\u043f\u0430\u0434\u0435\u043d\u0438\u044f):"
            }
        },
        {
            "type": "Feature",
            "geometry": {
                "type": "Polygon",
                "coordinates": [
                    [
                        [
                            37.71105555555556,
                            55.51983333333333
                        ],
                        [
                            37.71113888888889,
                            55.51991666666667
                        ],
                        [
                            37.71238888888889,
                            55.52097222222222
                        ],
                        [
                            37.712361111111115,
                            55.52072222222222
                        ],
                        [
                            37.71105555555556,
                            55.51983333333333
                        ]
                    ]
                ]
            },
            "properties": {
                "description": "\u041b\u0435\u043d\u0438\u043d\u0441\u043a\u0438\u0439 \u0433\u043e\u0440\u043e\u0434\u0441\u043a\u043e\u0439 \u043e\u043a\u0440\u0443\u0433 -> \u0440\u0435\u043a\u0430 \u041a\u0443\u043f\u0435\u043b\u0438\u043d\u043a\u0430: \u0443\u0441\u0442\u044c\u0435 (100 \u043c \u0432\u044b\u0448\u0435 \u0438 \u043d\u0438\u0436\u0435 \u043f\u043e \u0442\u0435\u0447\u0435\u043d\u0438\u044e \u043e\u0442 \u043c\u0435\u0441\u0442\u0430 \u0432\u043f\u0430\u0434\u0435\u043d\u0438\u044f):"
            }
        },
        {
            "type": "Feature",
            "geometry": {
                "type": "Polygon",
                "coordinates": [
                    [
                        [
                            37.864472222222226,
                            55.59
                        ],
                        [
                            37.86727777777778,
                            55.590472222222225
                        ],
                        [
                            37.86655555555556,
                            55.590583333333335
                        ],
                        [
                            37.86702777777778,
                            55.58852777777778
                        ],
                        [
                            37.86672222222222,
                            55.58838888888889
                        ],
                        [
                            37.864472222222226,
                            55.59
                        ]
                    ]
                ]
            },
            "properties": {
                "description": "\u041b\u0435\u043d\u0438\u043d\u0441\u043a\u0438\u0439 \u0433\u043e\u0440\u043e\u0434\u0441\u043a\u043e\u0439 \u043e\u043a\u0440\u0443\u0433 -> \u0440\u0435\u043a\u0430 \u042e\u0448\u0443\u043d\u043a\u0430: \u0443\u0441\u0442\u044c\u0435 (100 \u043c \u0432\u0432\u0435\u0440\u0445 \u043f\u043e \u0442\u0435\u0447\u0435\u043d\u0438\u044e \u043e\u0442 \u043c\u0435\u0441\u0442\u0430 \u0432\u043f\u0430\u0434\u0435\u043d\u0438\u044f, \u0430 \u0442\u0430\u043a\u0436\u0435 \u043f\u0440\u0438\u043b\u0435\u0433\u0430\u044e\u0449\u0438\u0439 \u0431\u0435\u0440\u0435\u0433 \u0440\u0435\u043a\u0438 \u041c\u043e\u0441\u043a\u0432\u0430 100 \u043c \u0432\u0432\u0435\u0440\u0445 \u0438 \u0432\u043d\u0438\u0437 \u043f\u043e \u0442\u0435\u0447\u0435\u043d\u0438\u044e):"
            }
        },
        {
            "type": "Feature",
            "geometry": {
                "type": "Polygon",
                "coordinates": [
                    [
                        [
                            37.94452777777777,
                            55.72152777777778
                        ],
                        [
                            37.94452777777777,
                            55.721555555555554
                        ],
                        [
                            37.94672222222222,
                            55.721111111111114
                        ],
                        [
                            37.946749999999994,
                            55.721000000000004
                        ],
                        [
                            37.946638888888884,
                            55.72027777777778
                        ],
                        [
                            37.946666666666665,
                            55.720305555555555
                        ],
                        [
                            37.94452777777777,
                            55.72152777777778
                        ]
                    ]
                ]
            },
            "properties": {
                "description": "\u041b\u0435\u043d\u0438\u043d\u0441\u043a\u0438\u0439 \u0433\u043e\u0440\u043e\u0434\u0441\u043a\u043e\u0439 \u043e\u043a\u0440\u0443\u0433 -> \u0440\u0435\u043a\u0430 \u0427\u0435\u0447\u0435\u0440\u0430: \u0443\u0441\u0442\u044c\u0435 (100 \u043c \u0432\u044b\u0448\u0435 \u0438 \u043d\u0438\u0436\u0435 \u043f\u043e \u0442\u0435\u0447\u0435\u043d\u0438\u044e \u043e\u0442 \u043c\u0435\u0441\u0442\u0430 \u0432\u043f\u0430\u0434\u0435\u043d\u0438\u044f):"
            }
        },
        {
            "type": "Feature",
            "geometry": {
                "type": "Polygon",
                "coordinates": [
                    [
                        [
                            37.79991666666667,
                            55.61666666666667
                        ],
                        [
                            37.79602777777777,
                            55.61691666666667
                        ],
                        [
                            37.82341666666667,
                            55.615611111111114
                        ],
                        [
                            37.82669444444445,
                            55.61552777777778
                        ],
                        [
                            37.79991666666667,
                            55.61666666666667
                        ]
                    ]
                ]
            },
            "properties": {
                "description": "\u041b\u0435\u043d\u0438\u043d\u0441\u043a\u0438\u0439 \u0433\u043e\u0440\u043e\u0434\u0441\u043a\u043e\u0439 \u043e\u043a\u0440\u0443\u0433 -> \u0440\u0435\u043a\u0430 \u041c\u043e\u0441\u043a\u0432\u0430: \u0441\u0442\u0430\u0440\u0438\u0446\u0430 \u043e\u0442 \u0441\u0435\u043b\u0430 \u0411\u0435\u0441\u0435\u0434\u044b \u0434\u043e \u0443\u0441\u0442\u044c\u044f:"
            }
        },
        {
            "type": "Feature",
            "geometry": {
                "type": "Polygon",
                "coordinates": [
                    [
                        [
                            37.832527777777784,
                            55.56991666666667
                        ],
                        [
                            37.83466666666667,
                            55.569250000000004
                        ],
                        [
                            37.832527777777784,
                            55.56991666666667
                        ]
                    ]
                ]
            },
            "properties": {
                "description": "\u041b\u0435\u043d\u0438\u043d\u0441\u043a\u0438\u0439 \u0433\u043e\u0440\u043e\u0434\u0441\u043a\u043e\u0439 \u043e\u043a\u0440\u0443\u0433 -> \u043e\u0437\u0435\u0440\u043e \u041c\u0438\u0441\u0430\u0439\u043b\u043e\u0432\u0441\u043a\u043e\u0435, \u0440\u0430\u0441\u043f\u043e\u043b\u043e\u0436\u0435\u043d\u043d\u043e\u0435 \u043c\u0435\u0436\u0434\u0443 \u0434\u0435\u0440\u0435\u0432\u043d\u0435\u0439 \u041c\u0438\u0441\u0430\u0439\u043b\u043e\u0432\u043e \u0438 \u0414\u041d\u0422 \"\u0421\u043e\u043b\u043d\u0435\u0447\u043d\u044b\u0439 \u041e\u0441\u0442\u0440\u043e\u0432\":"
            }
        },
        {
            "type": "Feature",
            "geometry": {
                "type": "Polygon",
                "coordinates": [
                    [
                        [
                            37.68727777777777,
                            55.561
                        ],
                        [
                            37.68911111111111,
                            55.56361111111111
                        ],
                        [
                            37.68727777777777,
                            55.561
                        ]
                    ]
                ]
            },
            "properties": {
                "description": "\u041b\u0435\u043d\u0438\u043d\u0441\u043a\u0438\u0439 \u0433\u043e\u0440\u043e\u0434\u0441\u043a\u043e\u0439 \u043e\u043a\u0440\u0443\u0433 -> \u0422\u0430\u0440\u044b\u0447\u0435\u0432\u0441\u043a\u0438\u0439 \u043f\u0440\u0443\u0434, \u0440\u0430\u0441\u043f\u043e\u043b\u043e\u0436\u0435\u043d\u043d\u044b\u0439 \u0432 \u0440\u0430\u0439\u043e\u043d\u0435 \u0434\u0435\u0440\u0435\u0432\u043d\u0438 \u0422\u0430\u0440\u044b\u0447\u0435\u0432\u043e: 10 \u043c \u0432\u0433\u043b\u0443\u0431\u044c \u0430\u043a\u0432\u0430\u0442\u043e\u0440\u0438\u0438 \u0432\u0434\u043e\u043b\u044c \u0432\u0441\u0435\u0439 \u0431\u0435\u0440\u0435\u0433\u043e\u0432\u043e\u0439 \u043b\u0438\u043d\u0438\u0438:"
            }
        },
        {
            "type": "Feature",
            "geometry": {
                "type": "Polygon",
                "coordinates": [
                    [
                        [
                            37.851416666666665,
                            55.573861111111114
                        ],
                        [
                            37.85469444444445,
                            55.57497222222223
                        ],
                        [
                            37.85447222222222,
                            55.57716666666667
                        ],
                        [
                            37.85166666666667,
                            55.57797222222223
                        ],
                        [
                            37.851416666666665,
                            55.573861111111114
                        ]
                    ]
                ]
            },
            "properties": {
                "description": "\u041b\u0435\u043d\u0438\u043d\u0441\u043a\u0438\u0439 \u0433\u043e\u0440\u043e\u0434\u0441\u043a\u043e\u0439 \u043e\u043a\u0440\u0443\u0433 -> \u0440\u0443\u0441\u043b\u043e\u0432\u043e\u0439 \u043f\u0440\u0443\u0434 \u041c\u043e\u043b\u043e\u043a\u043e\u0432\u043e \u043d\u0430 \u0440\u0435\u043a\u0435 \u041b\u044e\u0434\u043e\u0432\u043a\u0430: 10 \u043c \u0432\u0433\u043b\u0443\u0431\u044c \u0430\u043a\u0432\u0430\u0442\u043e\u0440\u0438\u0438 \u0432\u0434\u043e\u043b\u044c \u0432\u0441\u0435\u0439 \u0431\u0435\u0440\u0435\u0433\u043e\u0432\u043e\u0439 \u043b\u0438\u043d\u0438\u0438:"
            }
        },
        {
            "type": "Feature",
            "geometry": {
                "type": "Polygon",
                "coordinates": [
                    [
                        [
                            37.66363888888889,
                            55.554472222222216
                        ],
                        [
                            37.66136111111111,
                            55.552416666666666
                        ],
                        [
                            37.6635,
                            55.55458333333333
                        ],
                        [
                            37.66111111111111,
                            55.552416666666666
                        ],
                        [
                            37.66363888888889,
                            55.554472222222216
                        ]
                    ]
                ]
            },
            "properties": {
                "description": "\u041b\u0435\u043d\u0438\u043d\u0441\u043a\u0438\u0439 \u0433\u043e\u0440\u043e\u0434\u0441\u043a\u043e\u0439 \u043e\u043a\u0440\u0443\u0433 -> \u0440\u0443\u0441\u043b\u043e\u0432\u043e\u0439 \u043f\u0440\u0443\u0434 \u0411\u0438\u0442\u0446\u0435\u0432\u0441\u043a\u0438\u0439 \u043d\u0430 \u0440\u0435\u043a\u0435 \u0411\u0438\u0442\u0446\u0430: \u0432\u0433\u043b\u0443\u0431\u044c \u0430\u043a\u0432\u0430\u0442\u043e\u0440\u0438\u0438:"
            }
        },
        {
            "type": "Feature",
            "geometry": {
                "type": "Polygon",
                "coordinates": [
                    [
                        [
                            37.58325000000001,
                            55.53175
                        ],
                        [
                            37.58338888888889,
                            55.53194444444444
                        ],
                        [
                            37.58880555555556,
                            55.531444444444446
                        ],
                        [
                            37.588,
                            55.53086111111111
                        ],
                        [
                            37.59241666666667,
                            55.52897222222222
                        ],
                        [
                            37.59591666666667,
                            55.52925
                        ],
                        [
                            37.5955,
                            55.52847222222222
                        ],
                        [
                            37.58325000000001,
                            55.53175
                        ]
                    ]
                ]
            },
            "properties": {
                "description": "\u041b\u0435\u043d\u0438\u043d\u0441\u043a\u0438\u0439 \u0433\u043e\u0440\u043e\u0434\u0441\u043a\u043e\u0439 \u043e\u043a\u0440\u0443\u0433 -> \u0432\u043e\u0434\u043e\u0445\u0440\u0430\u043d\u0438\u043b\u0438\u0449\u0430 (\u0440\u0443\u0441\u043b\u043e\u0432\u044b\u0435 \u043f\u0440\u0443\u0434\u044b), \u043e\u0431\u0440\u0430\u0437\u043e\u0432\u0430\u043d\u043d\u044b\u0435 \u043d\u0430 \u0440\u0435\u043a\u0435 \u0413\u0432\u043e\u0437\u0434\u044f\u043d\u043a\u0430 \u0432 \u0440\u0430\u0439\u043e\u043d\u0435 \u0434\u0435\u0440\u0435\u0432\u043d\u0438 \u0414\u0440\u043e\u0436\u0436\u0438\u043d\u043e: 10 \u043c \u043e\u0442 \u0443\u0440\u0435\u0437\u0430 \u0432\u043e\u0434\u044b \u0432\u0433\u043b\u0443\u0431\u044c \u0430\u043a\u0432\u0430\u0442\u043e\u0440\u0438\u0438:"
            }
        },
        {
            "type": "Feature",
            "geometry": {
                "type": "Polygon",
                "coordinates": [
                    [
                        [
                            37.61638888888889,
                            55.574250000000006
                        ],
                        [
                            37.61552777777778,
                            55.57113888888889
                        ],
                        [
                            37.616416666666666,
                            55.56941666666667
                        ],
                        [
                            37.616055555555555,
                            55.572
                        ],
                        [
                            37.61638888888889,
                            55.574250000000006
                        ]
                    ]
                ]
            },
            "properties": {
                "description": "\u041b\u0435\u043d\u0438\u043d\u0441\u043a\u0438\u0439 \u0433\u043e\u0440\u043e\u0434\u0441\u043a\u043e\u0439 \u043e\u043a\u0440\u0443\u0433 -> \u0440\u0443\u0441\u043b\u043e\u0432\u044b\u0435 \u043f\u0440\u0443\u0434\u044b, \u043e\u0431\u0440\u0430\u0437\u043e\u0432\u0430\u043d\u043d\u044b\u0435 \u043d\u0430 \u0440\u0435\u043a\u0435 \u0411\u0438\u0442\u0446\u0430 \u0432 \u0430\u0434\u043c\u0438\u043d\u0438\u0441\u0442\u0440\u0430\u0442\u0438\u0432\u043d\u044b\u0445 \u0433\u0440\u0430\u043d\u0438\u0446\u0430\u0445 \u043f\u043e\u0441\u0435\u043b\u043a\u0430 \u0411\u0438\u0442\u0446\u0430:"
            }
        },
        {
            "type": "Feature",
            "geometry": {
                "type": "Polygon",
                "coordinates": [
                    [
                        [
                            37.54436111111111,
                            55.58386111111111
                        ],
                        [
                            37.54555555555555,
                            55.58547222222222
                        ],
                        [
                            37.54272222222222,
                            55.586194444444445
                        ],
                        [
                            37.54055555555556,
                            55.58513888888889
                        ],
                        [
                            37.54436111111111,
                            55.58386111111111
                        ]
                    ]
                ]
            },
            "properties": {
                "description": "\u041b\u0435\u043d\u0438\u043d\u0441\u043a\u0438\u0439 \u0433\u043e\u0440\u043e\u0434\u0441\u043a\u043e\u0439 \u043e\u043a\u0440\u0443\u0433 -> \u0440\u0435\u043a\u0430 \u0411\u0438\u0442\u0446\u0430: \u043f\u0440\u0443\u0434 \u0417\u043e\u043d\u0430 \u043e\u0442\u0434\u044b\u0445\u0430 \"\u0411\u0438\u0442\u0446\u0430\" (\u0412\u0435\u0440\u0445\u043d\u0438\u0439 \u0417\u043d\u0430\u043c\u0435\u043d\u0441\u043a\u0438\u0439 \u043f\u0440\u0443\u0434):"
            }
        },
        {
            "type": "Feature",
            "geometry": {
                "type": "Polygon",
                "coordinates": [
                    [
                        [
                            37.32980555555556,
                            55.55483333333333
                        ],
                        [
                            37.330111111111115,
                            55.55422222222222
                        ],
                        [
                            37.32808333333334,
                            55.55408333333333
                        ],
                        [
                            37.328,
                            55.55427777777778
                        ],
                        [
                            37.32980555555556,
                            55.55483333333333
                        ]
                    ]
                ]
            },
            "properties": {
                "description": "\u041b\u0435\u043d\u0438\u043d\u0441\u043a\u0438\u0439 \u0433\u043e\u0440\u043e\u0434\u0441\u043a\u043e\u0439 \u043e\u043a\u0440\u0443\u0433 -> \u0440\u0435\u043a\u0430 \u041d\u0435\u0437\u043d\u0430\u0439\u043a\u0430: \u043f\u0440\u0443\u0434 \u041a\u043d\u0443\u0442\u043e\u0432\u0441\u043a\u0438\u0439 \u0432 \u0434\u0435\u0440\u0435\u0432\u043d\u0435 \u041a\u043d\u0443\u0442\u043e\u0432\u043e:"
            }
        },
        {
            "type": "Feature",
            "geometry": {
                "type": "Polygon",
                "coordinates": [
                    [
                        [
                            37.48002777777778,
                            55.567972222222224
                        ],
                        [
                            37.47947222222223,
                            55.56816666666667
                        ],
                        [
                            37.481,
                            55.56966666666667
                        ],
                        [
                            37.48163888888889,
                            55.56941666666667
                        ],
                        [
                            37.482,
                            55.570083333333336
                        ],
                        [
                            37.482305555555556,
                            55.56969444444445
                        ],
                        [
                            37.48430555555556,
                            55.57036111111111
                        ],
                        [
                            37.48375,
                            55.570750000000004
                        ],
                        [
                            37.48002777777778,
                            55.567972222222224
                        ]
                    ]
                ]
            },
            "properties": {
                "description": "\u041b\u0435\u043d\u0438\u043d\u0441\u043a\u0438\u0439 \u0433\u043e\u0440\u043e\u0434\u0441\u043a\u043e\u0439 \u043e\u043a\u0440\u0443\u0433 -> \u0440\u0435\u043a\u0430 \u0421\u043e\u0441\u0435\u043d\u043a\u0430: \u043f\u0440\u0443\u0434 \u041a\u043e\u043c\u043c\u0443\u043d\u0430\u0440\u0441\u043a\u0438\u0439 \u043d\u0430 \u0440\u0443\u0447\u044c\u0435 \u0411\u0435\u043b\u043e\u043d\u043e\u0436\u043a\u0430 (\u0421\u043e\u0441\u0435\u043d\u043a\u0430) \u0432 \u043f\u043e\u0441\u0435\u043b\u043a\u0435 \u041a\u043e\u043c\u043c\u0443\u043d\u0430\u0440\u043a\u0430:"
            }
        },
        {
            "type": "Feature",
            "geometry": {
                "type": "Polygon",
                "coordinates": [
                    [
                        [
                            38.16341666666666,
                            55.58502777777778
                        ],
                        [
                            38.16427777777778,
                            55.58588888888889
                        ],
                        [
                            38.156083333333335,
                            55.59102777777778
                        ],
                        [
                            38.155388888888886,
                            55.59063888888889
                        ],
                        [
                            38.16341666666666,
                            55.58502777777778
                        ]
                    ]
                ]
            },
            "properties": {
                "description": "\u0420\u0430\u043c\u0435\u043d\u0441\u043a\u0438\u0439 \u0433\u043e\u0440\u043e\u0434\u0441\u043a\u043e\u0439 \u043e\u043a\u0440\u0443\u0433 -> \u0440\u0443\u0441\u043b\u043e\u0432\u043e\u0439 \u043f\u0440\u0443\u0434 \u041a\u0440\u0430\u0442\u043e\u0432\u0441\u043a\u0438\u0439 \u043d\u0430 \u0440\u0435\u043a\u0435 \u0425\u0440\u0438\u043f\u0430\u043d\u043a\u0430: 10 \u043c \u043e\u0442 \u0443\u0440\u0435\u0437\u0430 \u0432\u043e\u0434\u044b \u0432\u0433\u043b\u0443\u0431\u044c \u0430\u043a\u0432\u0430\u0442\u043e\u0440\u0438\u0438:"
            }
        },
        {
            "type": "Feature",
            "geometry": {
                "type": "Polygon",
                "coordinates": [
                    [
                        [
                            38.300749999999994,
                            55.55025
                        ],
                        [
                            38.29997222222222,
                            55.54961111111111
                        ],
                        [
                            38.300749999999994,
                            55.55025
                        ]
                    ]
                ]
            },
            "properties": {
                "description": "\u0420\u0430\u043c\u0435\u043d\u0441\u043a\u0438\u0439 \u0433\u043e\u0440\u043e\u0434\u0441\u043a\u043e\u0439 \u043e\u043a\u0440\u0443\u0433 -> \u0440\u0435\u043a\u0430 \u0414\u043e\u043d\u0438\u043d\u043a\u0430: \u0443\u0441\u0442\u044c\u0435 (50 \u043c \u0432\u044b\u0448\u0435 \u0438 \u043d\u0438\u0436\u0435 \u043f\u043e \u0442\u0435\u0447\u0435\u043d\u0438\u044e \u043e\u0442 \u043c\u0435\u0441\u0442\u0430 \u0432\u043f\u0430\u0434\u0435\u043d\u0438\u044f):"
            }
        },
        {
            "type": "Feature",
            "geometry": {
                "type": "Polygon",
                "coordinates": [
                    [
                        [
                            38.27513888888889,
                            55.51522222222222
                        ],
                        [
                            38.2785,
                            55.51702777777778
                        ],
                        [
                            38.27513888888889,
                            55.51522222222222
                        ]
                    ]
                ]
            },
            "properties": {
                "description": "\u0420\u0430\u043c\u0435\u043d\u0441\u043a\u0438\u0439 \u0433\u043e\u0440\u043e\u0434\u0441\u043a\u043e\u0439 \u043e\u043a\u0440\u0443\u0433 -> \u0440\u0435\u043a\u0430 \u0414\u043e\u0440\u043a\u0430: \u0443\u0441\u0442\u044c\u0435 (50 \u043c \u0432\u044b\u0448\u0435 \u0438 \u043d\u0438\u0436\u0435 \u043f\u043e \u0442\u0435\u0447\u0435\u043d\u0438\u044e \u043e\u0442 \u043c\u0435\u0441\u0442\u0430 \u0432\u043f\u0430\u0434\u0435\u043d\u0438\u044f):"
            }
        },
        {
            "type": "Feature",
            "geometry": {
                "type": "Polygon",
                "coordinates": [
                    [
                        [
                            38.22316666666667,
                            55.48261111111111
                        ],
                        [
                            38.218250000000005,
                            55.484833333333334
                        ],
                        [
                            38.22316666666667,
                            55.48261111111111
                        ]
                    ]
                ]
            },
            "properties": {
                "description": "\u0420\u0430\u043c\u0435\u043d\u0441\u043a\u0438\u0439 \u0433\u043e\u0440\u043e\u0434\u0441\u043a\u043e\u0439 \u043e\u043a\u0440\u0443\u0433 -> \u0440\u0435\u043a\u0430 \u0413\u0436\u0435\u043b\u043a\u0430: \u0443\u0441\u0442\u044c\u0435 (50 \u043c \u0432\u044b\u0448\u0435 \u0438 \u043d\u0438\u0436\u0435 \u043f\u043e \u0442\u0435\u0447\u0435\u043d\u0438\u044e \u043e\u0442 \u043c\u0435\u0441\u0442\u0430 \u0432\u043f\u0430\u0434\u0435\u043d\u0438\u044f):"
            }
        },
        {
            "type": "Feature",
            "geometry": {
                "type": "Polygon",
                "coordinates": [
                    [
                        [
                            38.58475,
                            55.352000000000004
                        ],
                        [
                            38.58130555555556,
                            55.35186111111111
                        ],
                        [
                            38.58475,
                            55.352000000000004
                        ]
                    ]
                ]
            },
            "properties": {
                "description": "\u0420\u0430\u043c\u0435\u043d\u0441\u043a\u0438\u0439 \u0433\u043e\u0440\u043e\u0434\u0441\u043a\u043e\u0439 \u043e\u043a\u0440\u0443\u0433 -> \u0420\u0430\u043c\u0435\u043d\u0441\u043a\u0438\u0439, \u0412\u043e\u0441\u043a\u0440\u0435\u0441\u0435\u043d\u0441\u043a\u0438\u0439, \u0440\u0435\u043a\u0430 \u041e\u0442\u0440\u0430: \u0443\u0441\u0442\u044c\u0435 (50 \u043c \u0432\u044b\u0448\u0435 \u0438 \u043d\u0438\u0436\u0435 \u043f\u043e \u0442\u0435\u0447\u0435\u043d\u0438\u044e \u043e\u0442 \u0432\u043f\u0430\u0434\u0435\u043d\u0438\u044f):"
            }
        },
        {
            "type": "Feature",
            "geometry": {
                "type": "Polygon",
                "coordinates": [
                    [
                        [
                            38.748333333333335,
                            55.16513888888889
                        ],
                        [
                            38.74630555555556,
                            55.16675
                        ],
                        [
                            38.748333333333335,
                            55.16513888888889
                        ]
                    ]
                ]
            },
            "properties": {
                "description": "\u0420\u0430\u043c\u0435\u043d\u0441\u043a\u0438\u0439 \u0433\u043e\u0440\u043e\u0434\u0441\u043a\u043e\u0439 \u043e\u043a\u0440\u0443\u0433 -> \u0440\u0435\u043a\u0430 \u0421\u0435\u0432\u0435\u0440\u043a\u0430: \u0443\u0441\u0442\u044c\u0435 (50 \u043c \u0432\u044b\u0448\u0435 \u0438 \u043d\u0438\u0436\u0435 \u043f\u043e \u0442\u0435\u0447\u0435\u043d\u0438\u044e \u043e\u0442 \u043c\u0435\u0441\u0442\u0430 \u0432\u043f\u0430\u0434\u0435\u043d\u0438\u044f):"
            }
        },
        {
            "type": "Feature",
            "geometry": {
                "type": "Polygon",
                "coordinates": [
                    [
                        [
                            38.000972222222224,
                            55.61227777777778
                        ],
                        [
                            38.00197222222222,
                            55.61238888888889
                        ],
                        [
                            38.000972222222224,
                            55.61227777777778
                        ]
                    ]
                ]
            },
            "properties": {
                "description": "\u0420\u0430\u043c\u0435\u043d\u0441\u043a\u0438\u0439 \u0433\u043e\u0440\u043e\u0434\u0441\u043a\u043e\u0439 \u043e\u043a\u0440\u0443\u0433 -> \u0440\u0435\u043a\u0430 \u0411\u044b\u043a\u043e\u0432\u043a\u0430: \u0443\u0441\u0442\u044c\u0435 (50 \u043c \u0432\u044b\u0448\u0435 \u0438 \u043d\u0438\u0436\u0435 \u043f\u043e \u0442\u0435\u0447\u0435\u043d\u0438\u044e \u043e\u0442 \u043c\u0435\u0441\u0442\u0430 \u0432\u043f\u0430\u0434\u0435\u043d\u0438\u044f):"
            }
        },
        {
            "type": "Feature",
            "geometry": {
                "type": "Polygon",
                "coordinates": [
                    [
                        [
                            38.25077777777778,
                            55.44130555555555
                        ],
                        [
                            38.24877777777778,
                            55.44047222222222
                        ],
                        [
                            38.25077777777778,
                            55.44130555555555
                        ]
                    ]
                ]
            },
            "properties": {
                "description": "\u0420\u0430\u043c\u0435\u043d\u0441\u043a\u0438\u0439 \u0433\u043e\u0440\u043e\u0434\u0441\u043a\u043e\u0439 \u043e\u043a\u0440\u0443\u0433 -> \u0440\u0435\u043a\u0430 \u0412\u0435\u043b\u0438\u043d\u043a\u0430: \u0443\u0441\u0442\u044c\u0435 (50 \u043c \u0432\u044b\u0448\u0435 \u0438 \u043d\u0438\u0436\u0435 \u043f\u043e \u0442\u0435\u0447\u0435\u043d\u0438\u044e \u043e\u0442 \u043c\u0435\u0441\u0442\u0430 \u0432\u043f\u0430\u0434\u0435\u043d\u0438\u044f):"
            }
        },
        {
            "type": "Feature",
            "geometry": {
                "type": "Polygon",
                "coordinates": [
                    [
                        [
                            38.10691666666667,
                            55.29805555555556
                        ],
                        [
                            38.10647222222222,
                            55.29822222222222
                        ],
                        [
                            38.10691666666667,
                            55.29805555555556
                        ]
                    ]
                ]
            },
            "properties": {
                "description": "\u0420\u0430\u043c\u0435\u043d\u0441\u043a\u0438\u0439 \u0433\u043e\u0440\u043e\u0434\u0441\u043a\u043e\u0439 \u043e\u043a\u0440\u0443\u0433 -> \u0440\u0435\u043a\u0430 \u0413\u043d\u0438\u043b\u0443\u0448\u0430: \u0443\u0441\u0442\u044c\u0435 (50 \u043c \u0432\u044b\u0448\u0435 \u0438 \u043d\u0438\u0436\u0435 \u043f\u043e \u0442\u0435\u0447\u0435\u043d\u0438\u044e \u043e\u0442 \u043c\u0435\u0441\u0442\u0430 \u0432\u043f\u0430\u0434\u0435\u043d\u0438\u044f):"
            }
        },
        {
            "type": "Feature",
            "geometry": {
                "type": "Polygon",
                "coordinates": [
                    [
                        [
                            38.449999999999996,
                            55.345333333333336
                        ],
                        [
                            38.44883333333333,
                            55.34513888888889
                        ],
                        [
                            38.449999999999996,
                            55.345333333333336
                        ]
                    ]
                ]
            },
            "properties": {
                "description": "\u0420\u0430\u043c\u0435\u043d\u0441\u043a\u0438\u0439 \u0433\u043e\u0440\u043e\u0434\u0441\u043a\u043e\u0439 \u043e\u043a\u0440\u0443\u0433 -> \u0440\u0435\u043a\u0430 \u041e\u043b\u044c\u0445\u043e\u0432\u043a\u0430: \u0443\u0441\u0442\u044c\u0435 (50 \u043c \u0432\u044b\u0448\u0435 \u0438 \u043d\u0438\u0436\u0435 \u043f\u043e \u0442\u0435\u0447\u0435\u043d\u0438\u044e \u043e\u0442 \u043c\u0435\u0441\u0442\u0430 \u0432\u043f\u0430\u0434\u0435\u043d\u0438\u044f):"
            }
        },
        {
            "type": "Feature",
            "geometry": {
                "type": "Polygon",
                "coordinates": [
                    [
                        [
                            38.459500000000006,
                            55.3865
                        ],
                        [
                            38.457750000000004,
                            55.384972222222224
                        ],
                        [
                            38.45611111111111,
                            55.382583333333336
                        ],
                        [
                            38.45666666666667,
                            55.38488888888889
                        ],
                        [
                            38.459500000000006,
                            55.3865
                        ]
                    ]
                ]
            },
            "properties": {
                "description": "\u0420\u0430\u043c\u0435\u043d\u0441\u043a\u0438\u0439 \u0433\u043e\u0440\u043e\u0434\u0441\u043a\u043e\u0439 \u043e\u043a\u0440\u0443\u0433 -> \u0440\u0443\u0441\u043b\u043e\u0432\u043e\u0439 \u043f\u0440\u0443\u0434 \u041a\u0430\u043f\u0443\u0441\u0442\u043d\u0438\u043a \u043d\u0430 \u0440\u0443\u0447\u044c\u0435 \u0411\u0435\u0437\u044b\u043c\u044f\u043d\u043d\u044b\u0439: 10 \u043c \u043e\u0442 \u0443\u0440\u0435\u0437\u0430 \u0432\u043e\u0434\u044b \u0432\u0433\u043b\u0443\u0431\u044c \u0430\u043a\u0432\u0430\u0442\u043e\u0440\u0438\u0438:"
            }
        },
        {
            "type": "Feature",
            "geometry": {
                "type": "Polygon",
                "coordinates": [
                    [
                        [
                            38.22288888888889,
                            55.5705
                        ],
                        [
                            38.22552777777778,
                            55.57025
                        ],
                        [
                            38.22638888888889,
                            55.57291666666667
                        ],
                        [
                            38.22391666666667,
                            55.57511111111111
                        ],
                        [
                            38.221444444444444,
                            55.574194444444444
                        ],
                        [
                            38.22288888888889,
                            55.5705
                        ]
                    ]
                ]
            },
            "properties": {
                "description": "\u0420\u0430\u043c\u0435\u043d\u0441\u043a\u0438\u0439 \u0433\u043e\u0440\u043e\u0434\u0441\u043a\u043e\u0439 \u043e\u043a\u0440\u0443\u0433 -> \u043e\u0437\u0435\u0440\u043e \u0411\u043e\u0440\u0438\u0441\u043e\u0433\u043b\u0435\u0431\u0441\u043a\u043e\u0435: 10 \u043c \u0432\u0433\u043b\u0443\u0431\u044c \u0430\u043a\u0432\u0430\u0442\u043e\u0440\u0438\u0438 \u0432\u0434\u043e\u043b\u044c \u0432\u0441\u0435\u0439 \u0431\u0435\u0440\u0435\u0433\u043e\u0432\u043e\u0439 \u043b\u0438\u043d\u0438\u0438:"
            }
        },
        {
            "type": "Feature",
            "geometry": {
                "type": "Polygon",
                "coordinates": [
                    [
                        [
                            38.324555555555555,
                            55.55455555555555
                        ],
                        [
                            38.32219444444445,
                            55.55633333333333
                        ],
                        [
                            38.34838888888889,
                            55.561611111111105
                        ],
                        [
                            38.37422222222222,
                            55.56655555555555
                        ],
                        [
                            38.373222222222225,
                            55.56486111111111
                        ],
                        [
                            38.36094444444445,
                            55.56341666666666
                        ],
                        [
                            38.34302777777778,
                            55.55633333333333
                        ],
                        [
                            38.324555555555555,
                            55.55455555555555
                        ]
                    ]
                ]
            },
            "properties": {
                "description": "\u0420\u0430\u043c\u0435\u043d\u0441\u043a\u0438\u0439 \u0433\u043e\u0440\u043e\u0434\u0441\u043a\u043e\u0439 \u043e\u043a\u0440\u0443\u0433 -> \u0440\u0443\u0441\u043b\u043e\u0432\u043e\u0439 \u043f\u0440\u0443\u0434 \u0420\u044b\u0431\u0445\u043e\u0437 \u043d\u0430 \u0440\u0435\u043a\u0435 \u0413\u0436\u0435\u043b\u043a\u0430: 10 \u043c \u043e\u0442 \u0443\u0440\u0435\u0437\u0430 \u0432\u043e\u0434\u044b \u0432\u0433\u043b\u0443\u0431\u044c \u0430\u043a\u0432\u0430\u0442\u043e\u0440\u0438\u0438:"
            }
        },
        {
            "type": "Feature",
            "geometry": {
                "type": "Polygon",
                "coordinates": [
                    [
                        [
                            37.93561111111111,
                            55.497166666666665
                        ],
                        [
                            37.93522222222222,
                            55.49675
                        ],
                        [
                            37.93561111111111,
                            55.497166666666665
                        ]
                    ]
                ]
            },
            "properties": {
                "description": "\u0420\u0430\u043c\u0435\u043d\u0441\u043a\u0438\u0439 \u0433\u043e\u0440\u043e\u0434\u0441\u043a\u043e\u0439 \u043e\u043a\u0440\u0443\u0433 -> \u0440\u0435\u043a\u0430 \u0416\u0434\u0430\u043d\u043a\u0430: \u0443\u0441\u0442\u044c\u0435 (50 \u043c \u0432\u044b\u0448\u0435 \u0438 \u043d\u0438\u0436\u0435 \u043f\u043e \u0442\u0435\u0447\u0435\u043d\u0438\u044e \u043e\u0442 \u043c\u0435\u0441\u0442\u0430 \u0432\u043f\u0430\u0434\u0435\u043d\u0438\u044f):"
            }
        },
        {
            "type": "Feature",
            "geometry": {
                "type": "Polygon",
                "coordinates": [
                    [
                        [
                            38.018,
                            55.70558333333334
                        ],
                        [
                            38.018388888888886,
                            55.70536111111112
                        ],
                        [
                            38.018,
                            55.70558333333334
                        ]
                    ]
                ]
            },
            "properties": {
                "description": "\u0420\u0430\u043c\u0435\u043d\u0441\u043a\u0438\u0439 \u0433\u043e\u0440\u043e\u0434\u0441\u043a\u043e\u0439 \u043e\u043a\u0440\u0443\u0433 -> \u0440\u0435\u043a\u0430 \u0412\u044c\u044e\u043d\u043a\u0430: \u0443\u0441\u0442\u044c\u0435 (50 \u043c \u0432\u044b\u0448\u0435 \u0438 \u043d\u0438\u0436\u0435 \u043f\u043e \u0442\u0435\u0447\u0435\u043d\u0438\u044e \u043e\u0442 \u043c\u0435\u0441\u0442\u0430 \u0432\u043f\u0430\u0434\u0435\u043d\u0438\u044f):"
            }
        },
        {
            "type": "Feature",
            "geometry": {
                "type": "Polygon",
                "coordinates": [
                    [
                        [
                            37.991083333333336,
                            55.53808333333333
                        ],
                        [
                            37.99122222222222,
                            55.53461111111111
                        ],
                        [
                            37.991083333333336,
                            55.53808333333333
                        ]
                    ]
                ]
            },
            "properties": {
                "description": "\u0420\u0430\u043c\u0435\u043d\u0441\u043a\u0438\u0439 \u0433\u043e\u0440\u043e\u0434\u0441\u043a\u043e\u0439 \u043e\u043a\u0440\u0443\u0433 -> \u0440\u0435\u043a\u0430 \u041f\u0430\u0445\u0440\u0430: \u0443\u0441\u0442\u044c\u0435 (50 \u043c \u0432\u044b\u0448\u0435 \u0438 \u043d\u0438\u0436\u0435 \u043f\u043e \u0442\u0435\u0447\u0435\u043d\u0438\u044e \u043e\u0442 \u043c\u0435\u0441\u0442\u0430 \u0432\u043f\u0430\u0434\u0435\u043d\u0438\u044f):"
            }
        },
        {
            "type": "Feature",
            "geometry": {
                "type": "Polygon",
                "coordinates": [
                    [
                        [
                            38.058277777777775,
                            55.59583333333334
                        ],
                        [
                            38.05855555555555,
                            55.59575
                        ],
                        [
                            38.040166666666664,
                            55.60369444444444
                        ],
                        [
                            38.040166666666664,
                            55.60369444444444
                        ],
                        [
                            38.058277777777775,
                            55.59583333333334
                        ]
                    ]
                ]
            },
            "properties": {
                "description": "\u0420\u0430\u043c\u0435\u043d\u0441\u043a\u0438\u0439 \u0433\u043e\u0440\u043e\u0434\u0441\u043a\u043e\u0439 \u043e\u043a\u0440\u0443\u0433 -> \u0440\u0435\u043a\u0430 \u041f\u0435\u0445\u043e\u0440\u043a\u0430: \u0443\u0441\u0442\u044c\u0435 \u0434\u043e \u0430\u0432\u0442\u043e\u043c\u043e\u0431\u0438\u043b\u044c\u043d\u043e\u0433\u043e \u043c\u043e\u0441\u0442\u0430 \u0434\u0435\u0440\u0435\u0432\u043d\u0438 \u0417\u0430\u043e\u0437\u0435\u0440\u044c\u0435:"
            }
        },
        {
            "type": "Feature",
            "geometry": {
                "type": "Polygon",
                "coordinates": [
                    [
                        [
                            37.99055555555556,
                            55.538
                        ],
                        [
                            37.99055555555556,
                            55.53930555555555
                        ],
                        [
                            38.05847222222222,
                            55.59563888888889
                        ],
                        [
                            38.05758333333333,
                            55.593944444444446
                        ],
                        [
                            37.99055555555556,
                            55.538
                        ]
                    ]
                ]
            },
            "properties": {
                "description": "\u0420\u0430\u043c\u0435\u043d\u0441\u043a\u0438\u0439 \u0433\u043e\u0440\u043e\u0434\u0441\u043a\u043e\u0439 \u043e\u043a\u0440\u0443\u0433 -> \u0440\u0435\u043a\u0430 \u041c\u043e\u0441\u043a\u0432\u0430: \u0443\u0447\u0430\u0441\u0442\u043e\u043a \u043e\u0442 \u0443\u0441\u0442\u044c\u044f \u0440\u0435\u043a\u0438 \u041f\u0430\u0445\u0440\u044b \u0434\u043e \u0443\u0441\u0442\u044c\u044f \u0440\u0435\u043a\u0438 \u041f\u0435\u0445\u043e\u0440\u043a\u0438:"
            }
        },
        {
            "type": "Feature",
            "geometry": {
                "type": "Polygon",
                "coordinates": [
                    [
                        [
                            37.966750000000005,
                            55.63419444444445
                        ],
                        [
                            37.967305555555555,
                            55.63447222222222
                        ],
                        [
                            37.966750000000005,
                            55.63419444444445
                        ]
                    ]
                ]
            },
            "properties": {
                "description": "\u0420\u0430\u043c\u0435\u043d\u0441\u043a\u0438\u0439 \u0433\u043e\u0440\u043e\u0434\u0441\u043a\u043e\u0439 \u043e\u043a\u0440\u0443\u0433 -> \u0440\u0435\u043a\u0430 \u041c\u0430\u043a\u0435\u0434\u043e\u043d\u043a\u0430: \u0443\u0441\u0442\u044c\u0435 (50 \u043c \u0432\u044b\u0448\u0435 \u0438 \u043d\u0438\u0436\u0435 \u043f\u043e \u0442\u0435\u0447\u0435\u043d\u0438\u044e \u043e\u0442 \u043c\u0435\u0441\u0442\u0430 \u0432\u043f\u0430\u0434\u0435\u043d\u0438\u044f):"
            }
        },
        {
            "type": "Feature",
            "geometry": {
                "type": "Polygon",
                "coordinates": [
                    [
                        [
                            37.94894444444444,
                            55.695361111111104
                        ],
                        [
                            37.945138888888884,
                            55.69719444444444
                        ],
                        [
                            37.95261111111111,
                            55.70044444444445
                        ],
                        [
                            37.95427777777778,
                            55.70291666666667
                        ],
                        [
                            37.95622222222222,
                            55.70213888888889
                        ],
                        [
                            37.94894444444444,
                            55.695361111111104
                        ]
                    ]
                ]
            },
            "properties": {
                "description": "\u0433\u043e\u0440\u043e\u0434\u0441\u043a\u043e\u0439 \u043e\u043a\u0440\u0443\u0433 \u041b\u044e\u0431\u0435\u0440\u0446\u044b -> \u043e\u0437\u0435\u0440\u043e \u0411\u0435\u0434\u0440\u0435\u043d\u0441\u043a\u043e\u0435 (\u0427\u0435\u0440\u043d\u043e\u0435): 10 \u043c \u0432\u0433\u043b\u0443\u0431\u044c \u0430\u043a\u0432\u0430\u0442\u043e\u0440\u0438\u0438 \u0432\u0434\u043e\u043b\u044c \u0432\u0441\u0435\u0439 \u0431\u0435\u0440\u0435\u0433\u043e\u0432\u043e\u0439 \u043b\u0438\u043d\u0438\u0438:"
            }
        },
        {
            "type": "Feature",
            "geometry": {
                "type": "Polygon",
                "coordinates": [
                    [
                        [
                            38.72130555555556,
                            55.287055555555554
                        ],
                        [
                            38.72369444444445,
                            55.28827777777778
                        ],
                        [
                            38.72130555555556,
                            55.287055555555554
                        ]
                    ]
                ]
            },
            "properties": {
                "description": "\u0433\u043e\u0440\u043e\u0434\u0441\u043a\u043e\u0439 \u043e\u043a\u0440\u0443\u0433 \u0412\u043e\u0441\u043a\u0440\u0435\u0441\u0435\u043d\u0441\u043a -> \u0440\u0435\u043a\u0430 \u041c\u0435\u0434\u0432\u0435\u0434\u043a\u0430: \u0443\u0441\u0442\u044c\u0435 (50 \u043c \u0432\u044b\u0448\u0435 \u0438 \u043d\u0438\u0436\u0435 \u043f\u043e \u0442\u0435\u0447\u0435\u043d\u0438\u044e \u043e\u0442 \u043c\u0435\u0441\u0442\u0430 \u0432\u043f\u0430\u0434\u0435\u043d\u0438\u044f):"
            }
        },
        {
            "type": "Feature",
            "geometry": {
                "type": "Polygon",
                "coordinates": [
                    [
                        [
                            38.73527777777778,
                            55.25633333333333
                        ],
                        [
                            38.736444444444444,
                            55.25775
                        ],
                        [
                            38.73527777777778,
                            55.25633333333333
                        ]
                    ]
                ]
            },
            "properties": {
                "description": "\u0433\u043e\u0440\u043e\u0434\u0441\u043a\u043e\u0439 \u043e\u043a\u0440\u0443\u0433 \u0412\u043e\u0441\u043a\u0440\u0435\u0441\u0435\u043d\u0441\u043a -> \u0440\u0435\u043a\u0430 \u0421\u0435\u043c\u0438\u0441\u043b\u0430\u0432\u043a\u0430: \u0443\u0441\u0442\u044c\u0435 (50 \u043c \u0432\u044b\u0448\u0435 \u0438 \u043d\u0438\u0436\u0435 \u043f\u043e \u0442\u0435\u0447\u0435\u043d\u0438\u044e \u043e\u0442 \u043c\u0435\u0441\u0442\u0430 \u0432\u043f\u0430\u0434\u0435\u043d\u0438\u044f):"
            }
        },
        {
            "type": "Feature",
            "geometry": {
                "type": "Polygon",
                "coordinates": [
                    [
                        [
                            38.59886111111111,
                            55.35466666666667
                        ],
                        [
                            38.58488888888889,
                            55.35208333333333
                        ],
                        [
                            38.581500000000005,
                            55.35641666666667
                        ],
                        [
                            38.569611111111115,
                            55.355694444444445
                        ],
                        [
                            38.57197222222223,
                            55.36408333333333
                        ],
                        [
                            38.572722222222225,
                            55.36397222222222
                        ],
                        [
                            38.58141666666667,
                            55.356972222222225
                        ],
                        [
                            38.59886111111111,
                            55.35466666666667
                        ]
                    ]
                ]
            },
            "properties": {
                "description": "\u0433\u043e\u0440\u043e\u0434\u0441\u043a\u043e\u0439 \u043e\u043a\u0440\u0443\u0433 \u0412\u043e\u0441\u043a\u0440\u0435\u0441\u0435\u043d\u0441\u043a -> \u0441\u0442\u0430\u0440\u0438\u0446\u0430 \u0440\u0435\u043a\u0438 \u041c\u043e\u0441\u043a\u0432\u0430: \u0432 \u0440\u0430\u0439\u043e\u043d\u0435 \u0434\u0435\u0440\u0435\u0432\u043d\u0438 \u041c\u0430\u0440\u0447\u0443\u0433\u0438, \u0433\u043e\u0440\u043e\u0434\u0438\u0449\u0435:"
            }
        },
        {
            "type": "Feature",
            "geometry": {
                "type": "Polygon",
                "coordinates": [
                    [
                        [
                            39.556416666666664,
                            55.58558333333333
                        ],
                        [
                            39.52811111111111,
                            55.596444444444444
                        ],
                        [
                            39.526833333333336,
                            55.619638888888886
                        ],
                        [
                            39.55,
                            55.62997222222222
                        ],
                        [
                            39.56655555555555,
                            55.62127777777778
                        ],
                        [
                            39.57811111111111,
                            55.599222222222224
                        ],
                        [
                            39.556416666666664,
                            55.58558333333333
                        ]
                    ]
                ]
            },
            "properties": {
                "description": "\u0433\u043e\u0440\u043e\u0434\u0441\u043a\u043e\u0439 \u043e\u043a\u0440\u0443\u0433 \u0428\u0430\u0442\u0443\u0440\u0430 -> \u043e\u0437\u0435\u0440\u043e \u0421\u0432\u044f\u0442\u043e\u0435: 10 \u043c \u043e\u0442 \u0443\u0440\u0435\u0437\u0430 \u0432\u043e\u0434\u044b \u0432\u0433\u043b\u0443\u0431\u044c \u0430\u043a\u0432\u0430\u0442\u043e\u0440\u0438\u0438, \u0437\u0430 \u0438\u0441\u043a\u043b\u044e\u0447\u0435\u043d\u0438\u0435\u043c \u0433\u043e\u0440\u043e\u0434\u0441\u043a\u043e\u0433\u043e \u043f\u043b\u044f\u0436\u0430:"
            }
        },
        {
            "type": "Feature",
            "geometry": {
                "type": "Polygon",
                "coordinates": [
                    [
                        [
                            39.56955555555556,
                            55.584944444444446
                        ],
                        [
                            39.59155555555556,
                            55.58402777777778
                        ],
                        [
                            39.599805555555555,
                            55.577000000000005
                        ],
                        [
                            39.58152777777778,
                            55.572472222222224
                        ],
                        [
                            39.56955555555556,
                            55.584944444444446
                        ]
                    ]
                ]
            },
            "properties": {
                "description": "\u0433\u043e\u0440\u043e\u0434\u0441\u043a\u043e\u0439 \u043e\u043a\u0440\u0443\u0433 \u0428\u0430\u0442\u0443\u0440\u0430 -> \u043e\u0437\u0435\u0440\u043e \u041c\u0443\u0440\u043e\u043c\u0441\u043a\u043e\u0435: \u0432\u0441\u044f \u0431\u0435\u0440\u0435\u0433\u043e\u0432\u0430\u044f \u043b\u0438\u043d\u0438\u044f, \u0437\u0430 \u0438\u0441\u043a\u043b\u044e\u0447\u0435\u043d\u0438\u0435\u043c \u043c\u0435\u0441\u0442 \u0443\u0441\u0442\u0430\u043d\u043e\u0432\u043a\u0438 \u0441\u0430\u0434\u043a\u043e\u0432:"
            }
        },
        {
            "type": "Feature",
            "geometry": {
                "type": "Polygon",
                "coordinates": [
                    [
                        [
                            39.58266666666667,
                            55.59
                        ],
                        [
                            39.58775,
                            55.592000000000006
                        ],
                        [
                            39.584722222222226,
                            55.593944444444446
                        ],
                        [
                            39.57919444444445,
                            55.593138888888895
                        ],
                        [
                            39.58266666666667,
                            55.59
                        ]
                    ]
                ]
            },
            "properties": {
                "description": "\u0433\u043e\u0440\u043e\u0434\u0441\u043a\u043e\u0439 \u043e\u043a\u0440\u0443\u0433 \u0428\u0430\u0442\u0443\u0440\u0430 -> \u043e\u0437\u0435\u0440\u043e \u0411\u0435\u043b\u043e\u0435: 10 \u043c \u043e\u0442 \u0443\u0440\u0435\u0437\u0430 \u0432\u043e\u0434\u044b \u0432\u0433\u043b\u0443\u0431\u044c \u0430\u043a\u0432\u0430\u0442\u043e\u0440\u0438\u0438:"
            }
        },
        {
            "type": "Feature",
            "geometry": {
                "type": "Polygon",
                "coordinates": [
                    [
                        [
                            39.7395,
                            55.63161111111111
                        ],
                        [
                            39.735,
                            55.63441666666667
                        ],
                        [
                            39.739472222222226,
                            55.63661111111111
                        ],
                        [
                            39.7445,
                            55.63441666666667
                        ],
                        [
                            39.7395,
                            55.63161111111111
                        ]
                    ]
                ]
            },
            "properties": {
                "description": "\u0433\u043e\u0440\u043e\u0434\u0441\u043a\u043e\u0439 \u043e\u043a\u0440\u0443\u0433 \u0428\u0430\u0442\u0443\u0440\u0430 -> \u043e\u0437\u0435\u0440\u043e \u0411\u0435\u043b\u043e\u0435 \u0411\u043e\u0440\u0434\u0443\u043a\u043e\u0432\u0441\u043a\u043e\u0435: 10 \u043c \u043e\u0442 \u0443\u0440\u0435\u0437\u0430 \u0432\u043e\u0434\u044b \u0432\u0433\u043b\u0443\u0431\u044c \u0430\u043a\u0432\u0430\u0442\u043e\u0440\u0438\u0438:"
            }
        },
        {
            "type": "Feature",
            "geometry": {
                "type": "Polygon",
                "coordinates": [
                    [
                        [
                            39.92688888888889,
                            55.37763888888889
                        ],
                        [
                            39.92188888888889,
                            55.380472222222224
                        ],
                        [
                            39.92258333333333,
                            55.383916666666664
                        ],
                        [
                            39.92575,
                            55.38144444444445
                        ],
                        [
                            39.92688888888889,
                            55.37763888888889
                        ]
                    ]
                ]
            },
            "properties": {
                "description": "\u0433\u043e\u0440\u043e\u0434\u0441\u043a\u043e\u0439 \u043e\u043a\u0440\u0443\u0433 \u0428\u0430\u0442\u0443\u0440\u0430 -> \u043e\u0437\u0435\u0440\u043e \u0424\u0438\u043b\u0438\u043d\u0441\u043a\u043e\u0435: 10 \u043c \u043e\u0442 \u0443\u0440\u0435\u0437\u0430 \u0432\u043e\u0434\u044b \u0432\u0433\u043b\u0443\u0431\u044c \u0430\u043a\u0432\u0430\u0442\u043e\u0440\u0438\u0438:"
            }
        },
        {
            "type": "Feature",
            "geometry": {
                "type": "Polygon",
                "coordinates": [
                    [
                        [
                            39.67916666666667,
                            55.63605555555556
                        ],
                        [
                            39.67133333333333,
                            55.63916666666667
                        ],
                        [
                            39.67433333333333,
                            55.64308333333333
                        ],
                        [
                            39.68066666666667,
                            55.6405
                        ],
                        [
                            39.67916666666667,
                            55.63605555555556
                        ]
                    ]
                ]
            },
            "properties": {
                "description": "\u0433\u043e\u0440\u043e\u0434\u0441\u043a\u043e\u0439 \u043e\u043a\u0440\u0443\u0433 \u0428\u0430\u0442\u0443\u0440\u0430 -> \u043e\u0437\u0435\u0440\u043e \u042f\u0440\u043c\u043e\u043b\u0430: 10 \u043c \u043e\u0442 \u0443\u0440\u0435\u0437\u0430 \u0432\u043e\u0434\u044b \u0432\u0433\u043b\u0443\u0431\u044c \u0430\u043a\u0432\u0430\u0442\u043e\u0440\u0438\u0438:"
            }
        },
        {
            "type": "Feature",
            "geometry": {
                "type": "Polygon",
                "coordinates": [
                    [
                        [
                            39.825027777777784,
                            55.745555555555555
                        ],
                        [
                            39.852583333333335,
                            55.84252777777778
                        ],
                        [
                            39.825027777777784,
                            55.745555555555555
                        ]
                    ]
                ]
            },
            "properties": {
                "description": "\u0433\u043e\u0440\u043e\u0434\u0441\u043a\u043e\u0439 \u043e\u043a\u0440\u0443\u0433 \u0428\u0430\u0442\u0443\u0440\u0430 -> \u0440\u0435\u043a\u0430 \u041f\u043e\u043b\u044f: \u043e\u0442 \u0432\u043f\u0430\u0434\u0435\u043d\u0438\u044f \u0440\u0435\u043a\u0438 \u0412\u043e\u0439\u043c\u0435\u0433\u0430:"
            }
        },
        {
            "type": "Feature",
            "geometry": {
                "type": "Polygon",
                "coordinates": [
                    [
                        [
                            39.82241666666667,
                            55.476111111111116
                        ],
                        [
                            39.817,
                            55.492000000000004
                        ],
                        [
                            39.83408333333333,
                            55.489583333333336
                        ],
                        [
                            39.83383333333334,
                            55.48102777777778
                        ],
                        [
                            39.82241666666667,
                            55.476111111111116
                        ]
                    ]
                ]
            },
            "properties": {
                "description": "\u0433\u043e\u0440\u043e\u0434\u0441\u043a\u043e\u0439 \u043e\u043a\u0440\u0443\u0433 \u0428\u0430\u0442\u0443\u0440\u0430 -> \u043e\u0437\u0435\u0440\u043e \u0412\u0435\u043b\u0438\u043a\u043e\u0435: 10 \u043c \u043e\u0442 \u0443\u0440\u0435\u0437\u0430 \u0432\u043e\u0434\u044b \u0432\u0433\u043b\u0443\u0431\u044c \u0430\u043a\u0432\u0430\u0442\u043e\u0440\u0438\u0438:"
            }
        },
        {
            "type": "Feature",
            "geometry": {
                "type": "Polygon",
                "coordinates": [
                    [
                        [
                            38.968111111111114,
                            55.79622222222222
                        ],
                        [
                            38.962694444444445,
                            55.79472222222222
                        ],
                        [
                            38.96244444444445,
                            55.79566666666666
                        ],
                        [
                            38.968111111111114,
                            55.79622222222222
                        ]
                    ]
                ]
            },
            "properties": {
                "description": "\u041e\u0440\u0435\u0445\u043e\u0432\u043e-\u0417\u0443\u0435\u0432\u0441\u043a\u0438\u0439 \u0433\u043e\u0440\u043e\u0434\u0441\u043a\u043e\u0439 \u043e\u043a\u0440\u0443\u0433 -> \u0440\u0435\u043a\u0430 \u041a\u043b\u044f\u0437\u044c\u043c\u0430: \u0437\u0430\u0432\u043e\u0434\u0438 \u0432 \u0430\u0434\u043c\u0438\u043d\u0438\u0441\u0442\u0440\u0430\u0442\u0438\u0432\u043d\u044b\u0445 \u0433\u0440\u0430\u043d\u0438\u0446\u0430\u0445 \u0433\u043e\u0440\u043e\u0434\u0430 \u041e\u0440\u0435\u0445\u043e\u0432\u043e-\u0417\u0443\u0435\u0432\u043e:"
            }
        },
        {
            "type": "Feature",
            "geometry": {
                "type": "Polygon",
                "coordinates": [
                    [
                        [
                            39.04725,
                            55.83519444444445
                        ],
                        [
                            39.04691666666667,
                            55.83777777777778
                        ],
                        [
                            39.049277777777775,
                            55.84011111111111
                        ],
                        [
                            39.050999999999995,
                            55.83711111111111
                        ],
                        [
                            39.04725,
                            55.83519444444445
                        ]
                    ]
                ]
            },
            "properties": {
                "description": "\u041e\u0440\u0435\u0445\u043e\u0432\u043e-\u0417\u0443\u0435\u0432\u0441\u043a\u0438\u0439 \u0433\u043e\u0440\u043e\u0434\u0441\u043a\u043e\u0439 \u043e\u043a\u0440\u0443\u0433 -> \u0437\u0430\u0432\u043e\u0434\u044c \u0411\u0430\u0439\u043a\u0430\u043b \u043d\u0430 \u0440\u0435\u043a\u0435 \u041a\u043b\u044f\u0437\u044c\u043c\u0430: 10 \u043c \u043e\u0442 \u0443\u0440\u0435\u0437\u0430 \u0432\u043e\u0434\u044b \u0432\u0433\u043b\u0443\u0431\u044c \u0430\u043a\u0432\u0430\u0442\u043e\u0440\u0438\u0438:"
            }
        },
        {
            "type": "Feature",
            "geometry": {
                "type": "Polygon",
                "coordinates": [
                    [
                        [
                            39.63561111111111,
                            55.05438888888889
                        ],
                        [
                            39.6335,
                            55.060694444444444
                        ],
                        [
                            39.63561111111111,
                            55.06636111111111
                        ],
                        [
                            39.64116666666666,
                            55.06133333333333
                        ],
                        [
                            39.63561111111111,
                            55.05438888888889
                        ]
                    ]
                ]
            },
            "properties": {
                "description": "\u0433\u043e\u0440\u043e\u0434\u0441\u043a\u043e\u0439 \u043e\u043a\u0440\u0443\u0433 \u0415\u0433\u043e\u0440\u044c\u0435\u0432\u0441\u043a -> \u043e\u0437\u0435\u0440\u043e \u0429\u0443\u0447\u044c\u0435: 10 \u043c \u043e\u0442 \u0443\u0440\u0435\u0437\u0430 \u0432\u043e\u0434\u044b \u0432\u0433\u043b\u0443\u0431\u044c \u0430\u043a\u0432\u0430\u0442\u043e\u0440\u0438\u0438:"
            }
        },
        {
            "type": "Feature",
            "geometry": {
                "type": "Polygon",
                "coordinates": [
                    [
                        [
                            39.59913888888889,
                            55.082888888888895
                        ],
                        [
                            39.598333333333336,
                            55.07916666666667
                        ],
                        [
                            39.60541666666667,
                            55.07866666666667
                        ],
                        [
                            39.60666666666667,
                            55.08202777777778
                        ],
                        [
                            39.59913888888889,
                            55.082888888888895
                        ]
                    ]
                ]
            },
            "properties": {
                "description": "\u0433\u043e\u0440\u043e\u0434\u0441\u043a\u043e\u0439 \u043e\u043a\u0440\u0443\u0433 \u0415\u0433\u043e\u0440\u044c\u0435\u0432\u0441\u043a -> \u043e\u0437\u0435\u0440\u043e \u0423\u0434\u0435\u043d\u043e\u0435: 10 \u043c \u043e\u0442 \u0443\u0440\u0435\u0437\u0430 \u0432\u043e\u0434\u044b \u0432\u0433\u043b\u0443\u0431\u044c \u0430\u043a\u0432\u0430\u0442\u043e\u0440\u0438\u0438:"
            }
        },
        {
            "type": "Feature",
            "geometry": {
                "type": "Polygon",
                "coordinates": [
                    [
                        [
                            39.081611111111116,
                            55.483555555555554
                        ],
                        [
                            39.082055555555556,
                            55.48616666666667
                        ],
                        [
                            39.08530555555556,
                            55.48708333333333
                        ],
                        [
                            39.09488888888889,
                            55.49369444444444
                        ],
                        [
                            39.08977777777778,
                            55.48741666666667
                        ],
                        [
                            39.08775,
                            55.48452777777778
                        ],
                        [
                            39.081611111111116,
                            55.483555555555554
                        ]
                    ]
                ]
            },
            "properties": {
                "description": "\u0433\u043e\u0440\u043e\u0434\u0441\u043a\u043e\u0439 \u043e\u043a\u0440\u0443\u0433 \u0415\u0433\u043e\u0440\u044c\u0435\u0432\u0441\u043a -> \u0440\u0443\u0441\u043b\u043e\u0432\u043e\u0439 \u043f\u0440\u0443\u0434 \u0428\u0443\u0432\u043e\u0435 \u043d\u0430 \u0440\u0435\u043a\u0435 \u0428\u0443\u0432\u043e\u0439\u043a\u0430: 10 \u043c \u043e\u0442 \u0443\u0440\u0435\u0437\u0430 \u0432\u043e\u0434\u044b \u0432\u0433\u043b\u0443\u0431\u044c \u0430\u043a\u0432\u0430\u0442\u043e\u0440\u0438\u0438, \u0437\u0430 \u0438\u0441\u043a\u043b\u044e\u0447\u0435\u043d\u0438\u0435\u043c \u0434\u0430\u043c\u0431\u044b:"
            }
        },
        {
            "type": "Feature",
            "geometry": {
                "type": "Polygon",
                "coordinates": [
                    [
                        [
                            37.718611111111116,
                            56.04705555555555
                        ],
                        [
                            37.72052777777778,
                            56.041694444444445
                        ],
                        [
                            37.71866666666667,
                            56.035444444444444
                        ],
                        [
                            37.71511111111111,
                            56.03686111111111
                        ],
                        [
                            37.71344444444445,
                            56.04808333333333
                        ],
                        [
                            37.718611111111116,
                            56.04705555555555
                        ]
                    ]
                ]
            },
            "properties": {
                "description": "\u0433\u043e\u0440\u043e\u0434\u0441\u043a\u043e\u0439 \u043e\u043a\u0440\u0443\u0433 \u041c\u044b\u0442\u0438\u0449\u0438 -> \u0423\u0447\u0438\u043d\u0441\u043a\u043e\u0435 \u0432\u043e\u0434\u043e\u0445\u0440\u0430\u043d\u0438\u043b\u0438\u0449\u0435: \u0429\u0443\u0447\u0438\u0439 \u0437\u0430\u043b\u0438\u0432:"
            }
        },
        {
            "type": "Feature",
            "geometry": {
                "type": "Polygon",
                "coordinates": [
                    [
                        [
                            37.58063888888889,
                            56.12566666666667
                        ],
                        [
                            37.584138888888894,
                            56.126777777777775
                        ],
                        [
                            37.57930555555556,
                            56.13005555555556
                        ],
                        [
                            37.575388888888895,
                            56.133944444444445
                        ],
                        [
                            37.573,
                            56.134
                        ],
                        [
                            37.58063888888889,
                            56.12566666666667
                        ]
                    ]
                ]
            },
            "properties": {
                "description": "\u0433\u043e\u0440\u043e\u0434\u0441\u043a\u043e\u0439 \u043e\u043a\u0440\u0443\u0433 \u041c\u044b\u0442\u0438\u0449\u0438 -> \u0418\u043a\u0448\u0430\u043d\u0441\u043a\u043e\u0435 \u0432\u043e\u0434\u043e\u0445\u0440\u0430\u043d\u0438\u043b\u0438\u0449\u0435: \u0432 \u0440\u0430\u0439\u043e\u043d\u0435 \u0434\u0435\u0440\u0435\u0432\u043d\u0438 \u041f\u0440\u043e\u0442\u0430\u0441\u043e\u0432\u043e, 100 \u043c\u0435\u0442\u0440\u043e\u0432 \u043e\u0442 \u0443\u0440\u0435\u0437\u0430 \u0432\u043e\u0434\u044b \u0432\u0433\u043b\u0443\u0431\u044c \u0432\u0441\u0435\u0439 \u0431\u0435\u0440\u0435\u0433\u043e\u0432\u043e\u0439 \u043b\u0438\u043d\u0438\u0438:"
            }
        },
        {
            "type": "Feature",
            "geometry": {
                "type": "Polygon",
                "coordinates": [
                    [
                        [
                            37.64686111111111,
                            56.04658333333333
                        ],
                        [
                            37.652027777777775,
                            56.04758333333333
                        ],
                        [
                            37.647305555555555,
                            56.049388888888885
                        ],
                        [
                            37.6475,
                            56.054361111111106
                        ],
                        [
                            37.644666666666666,
                            56.04955555555556
                        ],
                        [
                            37.64158333333333,
                            56.04747222222222
                        ],
                        [
                            37.64686111111111,
                            56.04658333333333
                        ]
                    ]
                ]
            },
            "properties": {
                "description": "\u0433\u043e\u0440\u043e\u0434\u0441\u043a\u043e\u0439 \u043e\u043a\u0440\u0443\u0433 \u041c\u044b\u0442\u0438\u0449\u0438 -> \u041f\u044f\u043b\u043e\u0432\u0441\u043a\u043e\u0435 \u0432\u043e\u0434\u043e\u0445\u0440\u0430\u043d\u0438\u043b\u0438\u0449\u0435: \u042e\u0440\u044c\u0435\u0432\u0441\u043a\u0438\u0439 \u0437\u0430\u043b\u0438\u0432:"
            }
        },
        {
            "type": "Feature",
            "geometry": {
                "type": "Polygon",
                "coordinates": [
                    [
                        [
                            37.508694444444444,
                            55.95761111111111
                        ],
                        [
                            37.50888888888889,
                            55.95563888888889
                        ],
                        [
                            37.500055555555555,
                            55.95330555555556
                        ],
                        [
                            37.495916666666666,
                            55.95616666666667
                        ],
                        [
                            37.48608333333333,
                            55.95572222222223
                        ],
                        [
                            37.498222222222225,
                            55.95922222222222
                        ],
                        [
                            37.508694444444444,
                            55.95761111111111
                        ]
                    ]
                ]
            },
            "properties": {
                "description": "\u0433\u043e\u0440\u043e\u0434\u0441\u043a\u043e\u0439 \u043e\u043a\u0440\u0443\u0433 \u041c\u044b\u0442\u0438\u0449\u0438 -> \u041a\u043b\u044f\u0437\u044c\u043c\u0438\u043d\u0441\u043a\u043e\u0435 \u0432\u043e\u0434\u043e\u0445\u0440\u0430\u043d\u0438\u043b\u0438\u0449\u0435: \u041a\u043e\u0442\u043e\u0432\u0441\u043a\u0438\u0439 \u0437\u0430\u043b\u0438\u0432:"
            }
        },
        {
            "type": "Feature",
            "geometry": {
                "type": "Polygon",
                "coordinates": [
                    [
                        [
                            37.561749999999996,
                            55.98286111111111
                        ],
                        [
                            37.564138888888884,
                            55.981750000000005
                        ],
                        [
                            37.56097222222222,
                            55.97966666666667
                        ],
                        [
                            37.56375,
                            55.97963888888889
                        ],
                        [
                            37.56505555555555,
                            55.98327777777778
                        ],
                        [
                            37.561749999999996,
                            55.98286111111111
                        ]
                    ]
                ]
            },
            "properties": {
                "description": "\u0433\u043e\u0440\u043e\u0434\u0441\u043a\u043e\u0439 \u043e\u043a\u0440\u0443\u0433 \u041c\u044b\u0442\u0438\u0449\u0438 -> \u041a\u043b\u044f\u0437\u044c\u043c\u0438\u043d\u0441\u043a\u043e\u0435 \u0432\u043e\u0434\u043e\u0445\u0440\u0430\u043d\u0438\u043b\u0438\u0449\u0435: \u041d\u043e\u0432\u043e-\u0410\u043b\u0435\u043a\u0441\u0430\u043d\u0434\u0440\u043e\u0432\u0441\u043a\u0438\u0439 \u0437\u0430\u043b\u0438\u0432:"
            }
        },
        {
            "type": "Feature",
            "geometry": {
                "type": "Polygon",
                "coordinates": [
                    [
                        [
                            37.712944444444446,
                            55.98419444444445
                        ],
                        [
                            37.70741666666667,
                            55.988083333333336
                        ],
                        [
                            37.70986111111112,
                            55.98452777777778
                        ],
                        [
                            37.705194444444444,
                            55.982416666666666
                        ],
                        [
                            37.700250000000004,
                            55.98330555555556
                        ],
                        [
                            37.69047222222222,
                            55.99183333333333
                        ],
                        [
                            37.69680555555555,
                            55.98416666666667
                        ],
                        [
                            37.712944444444446,
                            55.98419444444445
                        ]
                    ]
                ]
            },
            "properties": {
                "description": "\u0433\u043e\u0440\u043e\u0434\u0441\u043a\u043e\u0439 \u043e\u043a\u0440\u0443\u0433 \u041c\u044b\u0442\u0438\u0449\u0438 -> \u041a\u043b\u044f\u0437\u044c\u043c\u0438\u043d\u0441\u043a\u043e\u0435 \u0432\u043e\u0434\u043e\u0445\u0440\u0430\u043d\u0438\u043b\u0438\u0449\u0435: 1-\u0439 \u0438 2-\u0439 \u041f\u0438\u0440\u043e\u0433\u043e\u0432\u0441\u043a\u0438\u0435 \u0437\u0430\u043b\u0438\u0432\u044b:"
            }
        },
        {
            "type": "Feature",
            "geometry": {
                "type": "Polygon",
                "coordinates": [
                    [
                        [
                            37.63466666666667,
                            56.02005555555556
                        ],
                        [
                            37.635416666666664,
                            56.01938888888889
                        ],
                        [
                            37.63894444444444,
                            56.02066666666666
                        ],
                        [
                            37.639583333333334,
                            56.02147222222222
                        ],
                        [
                            37.63466666666667,
                            56.02005555555556
                        ]
                    ]
                ]
            },
            "properties": {
                "description": "\u0433\u043e\u0440\u043e\u0434\u0441\u043a\u043e\u0439 \u043e\u043a\u0440\u0443\u0433 \u041c\u044b\u0442\u0438\u0449\u0438 -> \u041a\u043b\u044f\u0437\u044c\u043c\u0438\u043d\u0441\u043a\u043e\u0435 \u0432\u043e\u0434\u043e\u0445\u0440\u0430\u043d\u0438\u043b\u0438\u0449\u0435: \u0416\u043e\u0441\u0442\u043e\u0432\u0441\u043a\u0438\u0439 \u0437\u0430\u043b\u0438\u0432:"
            }
        },
        {
            "type": "Feature",
            "geometry": {
                "type": "Polygon",
                "coordinates": [
                    [
                        [
                            37.64261111111111,
                            55.99038888888889
                        ],
                        [
                            37.645916666666665,
                            55.989805555555556
                        ],
                        [
                            37.64922222222222,
                            55.991055555555555
                        ],
                        [
                            37.64475,
                            55.99075
                        ],
                        [
                            37.64122222222222,
                            55.99113888888889
                        ],
                        [
                            37.64261111111111,
                            55.99038888888889
                        ]
                    ]
                ]
            },
            "properties": {
                "description": "\u0433\u043e\u0440\u043e\u0434\u0441\u043a\u043e\u0439 \u043e\u043a\u0440\u0443\u0433 \u041c\u044b\u0442\u0438\u0449\u0438 -> \u041a\u043b\u044f\u0437\u044c\u043c\u0438\u043d\u0441\u043a\u043e\u0435 \u0432\u043e\u0434\u043e\u0445\u0440\u0430\u043d\u0438\u043b\u0438\u0449\u0435: \u0411\u0443\u0445\u0442\u0430 \u0440\u0430\u0434\u043e\u0441\u0442\u0438:"
            }
        },
        {
            "type": "Feature",
            "geometry": {
                "type": "Polygon",
                "coordinates": [
                    [
                        [
                            37.58591666666667,
                            55.999722222222225
                        ],
                        [
                            37.551111111111105,
                            55.98883333333333
                        ],
                        [
                            37.54794444444444,
                            55.99369444444444
                        ],
                        [
                            37.54711111111111,
                            55.987972222222226
                        ],
                        [
                            37.58591666666667,
                            55.999722222222225
                        ]
                    ]
                ]
            },
            "properties": {
                "description": "\u0433\u043e\u0440\u043e\u0434\u0441\u043a\u043e\u0439 \u043e\u043a\u0440\u0443\u0433 \u041c\u044b\u0442\u0438\u0449\u0438 -> \u041a\u043b\u044f\u0437\u044c\u043c\u0438\u043d\u0441\u043a\u043e\u0435 \u0432\u043e\u0434\u043e\u0445\u0440\u0430\u043d\u0438\u043b\u0438\u0449\u0435: \u043f\u0440\u0430\u0432\u044b\u0439 \u0431\u0435\u0440\u0435\u0433 \u043e\u0442 \u0434\u0435\u0440\u0435\u0432\u043d\u0438 \u041d\u043e\u0432\u043e\u0441\u0435\u043b\u044c\u0446\u0435\u0432\u043e \u0434\u043e \u0437\u0430\u043b\u0438\u0432\u0430 \u041a\u0440\u0430\u0441\u043d\u0430\u044f \u0413\u043e\u0440\u043a\u0430:"
            }
        },
        {
            "type": "Feature",
            "geometry": {
                "type": "Polygon",
                "coordinates": [
                    [
                        [
                            37.62733333333333,
                            56.042361111111106
                        ],
                        [
                            37.62802777777778,
                            56.03944444444444
                        ],
                        [
                            37.62127777777778,
                            56.03688888888889
                        ],
                        [
                            37.61708333333333,
                            56.03733333333333
                        ],
                        [
                            37.62008333333333,
                            56.03494444444444
                        ],
                        [
                            37.63397222222222,
                            56.04111111111111
                        ],
                        [
                            37.62733333333333,
                            56.042361111111106
                        ]
                    ]
                ]
            },
            "properties": {
                "description": "\u0433\u043e\u0440\u043e\u0434\u0441\u043a\u043e\u0439 \u043e\u043a\u0440\u0443\u0433 \u041c\u044b\u0442\u0438\u0449\u0438 -> \u041f\u044f\u043b\u043e\u0432\u0441\u043a\u043e\u0435 \u0432\u043e\u0434\u043e\u0445\u0440\u0430\u043d\u0438\u043b\u0438\u0449\u0435: \u0410\u043a\u0441\u0430\u043a\u043e\u0432\u0441\u043a\u0438\u0439 \u0437\u0430\u043b\u0438\u0432:"
            }
        },
        {
            "type": "Feature",
            "geometry": {
                "type": "Polygon",
                "coordinates": [
                    [
                        [
                            37.69108333333333,
                            56.02772222222222
                        ],
                        [
                            37.69636111111111,
                            56.02525
                        ],
                        [
                            37.70877777777778,
                            56.02469444444444
                        ],
                        [
                            37.69488888888888,
                            56.031666666666666
                        ],
                        [
                            37.69108333333333,
                            56.02772222222222
                        ]
                    ]
                ]
            },
            "properties": {
                "description": "\u0433\u043e\u0440\u043e\u0434\u0441\u043a\u043e\u0439 \u043e\u043a\u0440\u0443\u0433 \u041c\u044b\u0442\u0438\u0449\u0438 -> \u041f\u044f\u043b\u043e\u0432\u0441\u043a\u043e\u0435 \u0432\u043e\u0434\u043e\u0445\u0440\u0430\u043d\u0438\u043b\u0438\u0449\u0435: \u043e\u0442 \u043b\u0438\u043d\u0438\u0438 \u041b\u042d\u041f \u0434\u043e \u041f\u044f\u043b\u043e\u0432\u0441\u043a\u043e\u0439 \u043f\u043b\u043e\u0442\u0438\u043d\u044b:"
            }
        },
        {
            "type": "Feature",
            "geometry": {
                "type": "Polygon",
                "coordinates": [
                    [
                        [
                            37.74008333333333,
                            56.08477777777778
                        ],
                        [
                            37.74597222222222,
                            56.08441666666667
                        ],
                        [
                            37.74702777777778,
                            56.092444444444446
                        ],
                        [
                            37.746027777777776,
                            56.08538888888889
                        ],
                        [
                            37.74030555555556,
                            56.08616666666667
                        ],
                        [
                            37.74008333333333,
                            56.08477777777778
                        ]
                    ]
                ]
            },
            "properties": {
                "description": "\u041f\u0443\u0448\u043a\u0438\u043d\u0441\u043a\u0438\u0439 \u0433\u043e\u0440\u043e\u0434\u0441\u043a\u043e\u0439 \u043e\u043a\u0440\u0443\u0433 -> \u041f\u0435\u0441\u0442\u043e\u0432\u0441\u043a\u043e\u0435 \u0432\u043e\u0434\u043e\u0445\u0440\u0430\u043d\u0438\u043b\u0438\u0449\u0435: \u0437\u0430\u043b\u0438\u0432 \u0432 \u0443\u0441\u0442\u044c\u0435 \u0440\u0435\u043a\u0438 \u0412\u044f\u0437\u044c:"
            }
        },
        {
            "type": "Feature",
            "geometry": {
                "type": "Polygon",
                "coordinates": [
                    [
                        [
                            37.70411111111111,
                            56.07913888888889
                        ],
                        [
                            37.69463888888889,
                            56.09225
                        ],
                        [
                            37.69455555555555,
                            56.105444444444444
                        ],
                        [
                            37.70619444444445,
                            56.10883333333334
                        ],
                        [
                            37.706722222222226,
                            56.103861111111115
                        ],
                        [
                            37.714194444444445,
                            56.08175000000001
                        ],
                        [
                            37.70411111111111,
                            56.07913888888889
                        ]
                    ]
                ]
            },
            "properties": {
                "description": "\u041f\u0443\u0448\u043a\u0438\u043d\u0441\u043a\u0438\u0439 \u0433\u043e\u0440\u043e\u0434\u0441\u043a\u043e\u0439 \u043e\u043a\u0440\u0443\u0433 -> \u041f\u0435\u0441\u0442\u043e\u0432\u0441\u043a\u043e\u0435 \u0432\u043e\u0434\u043e\u0445\u0440\u0430\u043d\u0438\u043b\u0438\u0449\u0435: \u0437\u0430\u043b\u0438\u0432 \u0432 \u0443\u0441\u0442\u044c\u0435 \u0440\u0435\u043a\u0438 \u041a\u0430\u043a\u043e\u0442\u043a\u0430:"
            }
        },
        {
            "type": "Feature",
            "geometry": {
                "type": "Polygon",
                "coordinates": [
                    [
                        [
                            38.200027777777784,
                            56.527499999999996
                        ],
                        [
                            38.19958333333333,
                            56.528194444444445
                        ],
                        [
                            38.199888888888886,
                            56.528444444444446
                        ],
                        [
                            38.19880555555555,
                            56.528
                        ],
                        [
                            38.200027777777784,
                            56.527499999999996
                        ]
                    ]
                ]
            },
            "properties": {
                "description": "\u0421\u0435\u0440\u0433\u0438\u0435\u0432\u043e-\u041f\u043e\u0441\u0430\u0434\u0441\u043a\u0438\u0439 \u0433\u043e\u0440\u043e\u0434\u0441\u043a\u043e\u0439 \u043e\u043a\u0440\u0443\u0433 -> \u0440\u0435\u043a\u0430 \u041a\u0443\u043d\u044c\u044f: \u0440\u0430\u0439\u043e\u043d \u0443\u0441\u0442\u044c\u044f 100 \u043c \u0432\u0432\u0435\u0440\u0445 \u0438 \u0432\u043d\u0438\u0437 \u043f\u043e \u0442\u0435\u0447\u0435\u043d\u0438\u044e \u043e\u0442 \u043c\u0435\u0441\u0442\u0430 \u0432\u043f\u0430\u0434\u0435\u043d\u0438\u044f:"
            }
        },
        {
            "type": "Feature",
            "geometry": {
                "type": "Polygon",
                "coordinates": [
                    [
                        [
                            38.06147222222222,
                            56.676249999999996
                        ],
                        [
                            38.071583333333336,
                            56.67861111111111
                        ],
                        [
                            38.071583333333336,
                            56.67861111111111
                        ],
                        [
                            38.074250000000006,
                            56.68833333333333
                        ],
                        [
                            38.070861111111114,
                            56.69425
                        ],
                        [
                            38.05327777777777,
                            56.68958333333333
                        ],
                        [
                            38.06147222222222,
                            56.676249999999996
                        ]
                    ]
                ]
            },
            "properties": {
                "description": "\u0421\u0435\u0440\u0433\u0438\u0435\u0432\u043e-\u041f\u043e\u0441\u0430\u0434\u0441\u043a\u0438\u0439 \u0433\u043e\u0440\u043e\u0434\u0441\u043a\u043e\u0439 \u043e\u043a\u0440\u0443\u0433 -> \u043e\u0437\u0435\u0440\u043e \u0417\u0430\u0431\u043e\u043b\u043e\u0442\u0441\u043a\u043e\u0435: 10 \u043c \u043e\u0442 \u0443\u0440\u0435\u0437\u0430 \u0432\u043e\u0434\u044b \u0432\u0433\u043b\u0443\u0431\u044c \u0430\u043a\u0432\u0430\u0442\u043e\u0440\u0438\u0438:"
            }
        },
        {
            "type": "Feature",
            "geometry": {
                "type": "Polygon",
                "coordinates": [
                    [
                        [
                            38.27741666666667,
                            56.31027777777778
                        ],
                        [
                            38.283277777777776,
                            56.31188888888889
                        ],
                        [
                            38.27330555555555,
                            56.321472222222226
                        ],
                        [
                            38.26691666666667,
                            56.331361111111114
                        ],
                        [
                            38.25838888888889,
                            56.33222222222223
                        ],
                        [
                            38.256,
                            56.32916666666667
                        ],
                        [
                            38.271388888888886,
                            56.32027777777778
                        ],
                        [
                            38.27741666666667,
                            56.31027777777778
                        ]
                    ]
                ]
            },
            "properties": {
                "description": "\u0421\u0435\u0440\u0433\u0438\u0435\u0432\u043e-\u041f\u043e\u0441\u0430\u0434\u0441\u043a\u0438\u0439 \u0433\u043e\u0440\u043e\u0434\u0441\u043a\u043e\u0439 \u043e\u043a\u0440\u0443\u0433 -> \u043e\u0437\u0435\u0440\u043e \u0422\u0430\u0440\u0431\u0435\u0435\u0432\u0441\u043a\u043e\u0435: 10 \u043c \u043e\u0442 \u0443\u0440\u0435\u0437\u0430 \u0432\u043e\u0434\u044b \u0432\u0433\u043b\u0443\u0431\u044c \u0430\u043a\u0432\u0430\u0442\u043e\u0440\u0438\u0438:"
            }
        },
        {
            "type": "Feature",
            "geometry": {
                "type": "Polygon",
                "coordinates": [
                    [
                        [
                            37.45580555555556,
                            55.85391666666667
                        ],
                        [
                            37.45238888888889,
                            55.864666666666665
                        ],
                        [
                            37.45580555555556,
                            55.85391666666667
                        ]
                    ]
                ]
            },
            "properties": {
                "description": "\u0421\u0435\u0432\u0435\u0440\u043e-\u0417\u0430\u043f\u0430\u0434\u043d\u044b\u0439 \u0430\u0434\u043c\u0438\u043d\u0438\u0441\u0442\u0440\u0430\u0442\u0438\u0432\u043d\u044b\u0439 \u043e\u043a\u0440\u0443\u0433 -> \u0425\u0438\u043c\u043a\u0438\u043d\u0441\u043a\u043e\u0435 \u0432\u043e\u0434\u043e\u0445\u0440\u0430\u043d\u0438\u043b\u0438\u0449\u0435:"
            }
        },
        {
            "type": "Feature",
            "geometry": {
                "type": "Polygon",
                "coordinates": [
                    [
                        [
                            37.467194444444445,
                            55.84005555555556
                        ],
                        [
                            37.467194444444445,
                            55.84005555555556
                        ]
                    ]
                ]
            },
            "properties": {
                "description": "\u0421\u0435\u0432\u0435\u0440\u043e-\u0417\u0430\u043f\u0430\u0434\u043d\u044b\u0439 \u0430\u0434\u043c\u0438\u043d\u0438\u0441\u0442\u0440\u0430\u0442\u0438\u0432\u043d\u044b\u0439 \u043e\u043a\u0440\u0443\u0433 -> \u0425\u0438\u043c\u043a\u0438\u043d\u0441\u043a\u043e\u0435 \u0432\u043e\u0434\u043e\u0445\u0440\u0430\u043d\u0438\u043b\u0438\u0449\u0435:"
            }
        },
        {
            "type": "Feature",
            "geometry": {
                "type": "Polygon",
                "coordinates": [
                    [
                        [
                            37.39663888888889,
                            55.82694444444445
                        ],
                        [
                            37.40033333333333,
                            55.825944444444445
                        ],
                        [
                            37.39663888888889,
                            55.82694444444445
                        ]
                    ]
                ]
            },
            "properties": {
                "description": "\u0421\u0435\u0432\u0435\u0440\u043e-\u0417\u0430\u043f\u0430\u0434\u043d\u044b\u0439 \u0430\u0434\u043c\u0438\u043d\u0438\u0441\u0442\u0440\u0430\u0442\u0438\u0432\u043d\u044b\u0439 \u043e\u043a\u0440\u0443\u0433 -> \u0440\u0435\u043a\u0430 \u041c\u043e\u0441\u043a\u0432\u0430: \u041a\u0438\u0440\u043e\u0432\u0441\u043a\u0438\u0439 \u0437\u0430\u043b\u0438\u0432:"
            }
        },
        {
            "type": "Feature",
            "geometry": {
                "type": "Polygon",
                "coordinates": [
                    [
                        [
                            37.41147222222222,
                            55.823972222222224
                        ],
                        [
                            37.41280555555556,
                            55.82266666666667
                        ],
                        [
                            37.41147222222222,
                            55.823972222222224
                        ]
                    ]
                ]
            },
            "properties": {
                "description": "\u0421\u0435\u0432\u0435\u0440\u043e-\u0417\u0430\u043f\u0430\u0434\u043d\u044b\u0439 \u0430\u0434\u043c\u0438\u043d\u0438\u0441\u0442\u0440\u0430\u0442\u0438\u0432\u043d\u044b\u0439 \u043e\u043a\u0440\u0443\u0433 -> \u0440\u0435\u043a\u0430 \u041c\u043e\u0441\u043a\u0432\u0430:"
            }
        },
        {
            "type": "Feature",
            "geometry": {
                "type": "Polygon",
                "coordinates": [
                    [
                        [
                            37.44288888888889,
                            55.80913888888889
                        ],
                        [
                            37.443861111111104,
                            55.80872222222222
                        ],
                        [
                            37.44288888888889,
                            55.80913888888889
                        ]
                    ]
                ]
            },
            "properties": {
                "description": "\u0421\u0435\u0432\u0435\u0440\u043e-\u0417\u0430\u043f\u0430\u0434\u043d\u044b\u0439 \u0430\u0434\u043c\u0438\u043d\u0438\u0441\u0442\u0440\u0430\u0442\u0438\u0432\u043d\u044b\u0439 \u043e\u043a\u0440\u0443\u0433 -> \u0440\u0435\u043a\u0430 \u041c\u043e\u0441\u043a\u0432\u0430:"
            }
        },
        {
            "type": "Feature",
            "geometry": {
                "type": "Polygon",
                "coordinates": [
                    [
                        [
                            37.42711111111111,
                            55.78283333333333
                        ],
                        [
                            37.429027777777776,
                            55.78183333333333
                        ],
                        [
                            37.427388888888885,
                            55.78138888888889
                        ],
                        [
                            37.428,
                            55.78186111111111
                        ],
                        [
                            37.42711111111111,
                            55.78283333333333
                        ]
                    ]
                ]
            },
            "properties": {
                "description": "\u0421\u0435\u0432\u0435\u0440\u043e-\u0417\u0430\u043f\u0430\u0434\u043d\u044b\u0439 \u0430\u0434\u043c\u0438\u043d\u0438\u0441\u0442\u0440\u0430\u0442\u0438\u0432\u043d\u044b\u0439 \u043e\u043a\u0440\u0443\u0433 -> \u0440\u0435\u043a\u0430 \u041c\u043e\u0441\u043a\u0432\u0430: \u0437\u0430\u043b\u0438\u0432 \u0421\u0435\u0440\u0435\u0431\u0440\u044f\u043d\u043e\u0433\u043e \u0411\u043e\u0440\u0430:"
            }
        },
        {
            "type": "Feature",
            "geometry": {
                "type": "Polygon",
                "coordinates": [
                    [
                        [
                            37.47416666666667,
                            55.76738888888889
                        ],
                        [
                            37.456250000000004,
                            55.775
                        ],
                        [
                            37.47416666666667,
                            55.76738888888889
                        ]
                    ]
                ]
            },
            "properties": {
                "description": "\u0421\u0435\u0432\u0435\u0440\u043e-\u0417\u0430\u043f\u0430\u0434\u043d\u044b\u0439 \u0430\u0434\u043c\u0438\u043d\u0438\u0441\u0442\u0440\u0430\u0442\u0438\u0432\u043d\u044b\u0439 \u043e\u043a\u0440\u0443\u0433 -> \u0440\u0435\u043a\u0430 \u041c\u043e\u0441\u043a\u0432\u0430:"
            }
        },
        {
            "type": "Feature",
            "geometry": {
                "type": "Polygon",
                "coordinates": [
                    [
                        [
                            37.46080555555556,
                            55.87713888888889
                        ],
                        [
                            37.46069444444445,
                            55.87613888888889
                        ],
                        [
                            37.46636111111111,
                            55.877833333333335
                        ],
                        [
                            37.465722222222226,
                            55.87952777777778
                        ],
                        [
                            37.46080555555556,
                            55.87713888888889
                        ]
                    ]
                ]
            },
            "properties": {
                "description": "\u0421\u0435\u0432\u0435\u0440\u043d\u044b\u0439 \u0430\u0434\u043c\u0438\u043d\u0438\u0441\u0442\u0440\u0430\u0442\u0438\u0432\u043d\u044b\u0439 \u043e\u043a\u0440\u0443\u0433 -> \u041a\u0430\u043d\u0430\u043b \u0438\u043c\u0435\u043d\u0438 \u041c\u043e\u0441\u043a\u0432\u044b:"
            }
        },
        {
            "type": "Feature",
            "geometry": {
                "type": "Polygon",
                "coordinates": [
                    [
                        [
                            37.45019444444445,
                            55.871805555555554
                        ],
                        [
                            37.44938888888888,
                            55.87025
                        ],
                        [
                            37.43888888888888,
                            55.87880555555556
                        ],
                        [
                            37.43772222222222,
                            55.87863888888889
                        ],
                        [
                            37.45019444444445,
                            55.871805555555554
                        ]
                    ]
                ]
            },
            "properties": {
                "description": "\u0421\u0435\u0432\u0435\u0440\u043d\u044b\u0439 \u0430\u0434\u043c\u0438\u043d\u0438\u0441\u0442\u0440\u0430\u0442\u0438\u0432\u043d\u044b\u0439 \u043e\u043a\u0440\u0443\u0433 -> \u0425\u0438\u043c\u043a\u0438\u043d\u0441\u043a\u043e\u0435 \u0432\u043e\u0434\u043e\u0445\u0440\u0430\u043d\u0438\u043b\u0438\u0449\u0435: \u0411\u0443\u0442\u0430\u043a\u043e\u0432\u0441\u043a\u0438\u0439 \u0437\u0430\u043b\u0438\u0432:"
            }
        },
        {
            "type": "Feature",
            "geometry": {
                "type": "Polygon",
                "coordinates": [
                    [
                        [
                            37.50544444444444,
                            55.837833333333336
                        ],
                        [
                            37.51680555555556,
                            55.84330555555556
                        ],
                        [
                            37.51386111111111,
                            55.84655555555556
                        ],
                        [
                            37.5105,
                            55.84516666666667
                        ],
                        [
                            37.514472222222224,
                            55.84308333333333
                        ],
                        [
                            37.50544444444444,
                            55.837833333333336
                        ]
                    ]
                ]
            },
            "properties": {
                "description": "\u0421\u0435\u0432\u0435\u0440\u043d\u044b\u0439 \u0430\u0434\u043c\u0438\u043d\u0438\u0441\u0442\u0440\u0430\u0442\u0438\u0432\u043d\u044b\u0439 \u043e\u043a\u0440\u0443\u0433 -> \u0413\u043e\u043b\u043e\u0432\u0438\u043d\u0441\u043a\u0438\u0435 \u043f\u0440\u0443\u0434\u044b \u043d\u0430 \u0440\u0435\u043a\u0435 \u041b\u0438\u0445\u043e\u0431\u043e\u0440\u043a\u0430:"
            }
        },
        {
            "type": "Feature",
            "geometry": {
                "type": "Polygon",
                "coordinates": [
                    [
                        [
                            37.54336111111111,
                            55.835
                        ],
                        [
                            37.53708333333333,
                            55.82827777777778
                        ],
                        [
                            37.54336111111111,
                            55.835
                        ]
                    ]
                ]
            },
            "properties": {
                "description": "\u0421\u0435\u0432\u0435\u0440\u043d\u044b\u0439 \u0430\u0434\u043c\u0438\u043d\u0438\u0441\u0442\u0440\u0430\u0442\u0438\u0432\u043d\u044b\u0439 \u043e\u043a\u0440\u0443\u0433 -> \u0411\u043e\u043b\u044c\u0448\u043e\u0439 \u0421\u0430\u0434\u043e\u0432\u044b\u0439 \u043f\u0440\u0443\u0434 \u043d\u0430 \u0440\u0435\u043a\u0435 \u0416\u0430\u0431\u0435\u043d\u043a\u0430:"
            }
        },
        {
            "type": "Feature",
            "geometry": {
                "type": "Polygon",
                "coordinates": [
                    [
                        [
                            37.70180555555556,
                            55.890277777777776
                        ],
                        [
                            37.701750000000004,
                            55.89019444444445
                        ],
                        [
                            37.70825,
                            55.88972222222222
                        ],
                        [
                            37.70827777777778,
                            55.88975
                        ],
                        [
                            37.70180555555556,
                            55.890277777777776
                        ]
                    ]
                ]
            },
            "properties": {
                "description": "\u0421\u0435\u0432\u0435\u0440\u043e-\u0412\u043e\u0441\u0442\u043e\u0447\u043d\u044b\u0439 \u0430\u0434\u043c\u0438\u043d\u0438\u0441\u0442\u0440\u0430\u0442\u0438\u0432\u043d\u044b\u0439 \u043e\u043a\u0440\u0443\u0433 -> \u0440\u0435\u043a\u0430 \u0418\u0447\u043a\u0430, \u0414\u0436\u0430\u043c\u0433\u0430\u0440\u043e\u0432\u0441\u043a\u0438\u0439 \u043f\u0440\u0443\u0434:"
            }
        },
        {
            "type": "Feature",
            "geometry": {
                "type": "Polygon",
                "coordinates": [
                    [
                        [
                            37.605222222222224,
                            55.83108333333334
                        ],
                        [
                            37.60927777777778,
                            55.83397222222222
                        ],
                        [
                            37.60963888888889,
                            55.83411111111111
                        ],
                        [
                            37.61280555555556,
                            55.83591666666667
                        ],
                        [
                            37.61816666666667,
                            55.83855555555556
                        ],
                        [
                            37.61877777777778,
                            55.83861111111111
                        ],
                        [
                            37.624972222222226,
                            55.83975
                        ],
                        [
                            37.62733333333333,
                            55.83830555555556
                        ],
                        [
                            37.628750000000004,
                            55.83927777777778
                        ],
                        [
                            37.63002777777778,
                            55.83991666666667
                        ],
                        [
                            37.63163888888889,
                            55.83927777777778
                        ],
                        [
                            37.63225,
                            55.84055555555556
                        ],
                        [
                            37.605222222222224,
                            55.83108333333334
                        ]
                    ]
                ]
            },
            "properties": {
                "description": "\u0421\u0435\u0432\u0435\u0440\u043e-\u0412\u043e\u0441\u0442\u043e\u0447\u043d\u044b\u0439 \u0430\u0434\u043c\u0438\u043d\u0438\u0441\u0442\u0440\u0430\u0442\u0438\u0432\u043d\u044b\u0439 \u043e\u043a\u0440\u0443\u0433 -> \u0448\u0435\u0441\u0442\u044c \u0440\u0443\u0441\u043b\u043e\u0432\u044b\u0445 \u043f\u0440\u0443\u0434\u043e\u0432 \u043d\u0430 \u0440\u0435\u043a\u0435 \u041a\u0430\u043c\u0435\u043d\u043a\u0430:"
            }
        },
        {
            "type": "Feature",
            "geometry": {
                "type": "Polygon",
                "coordinates": [
                    [
                        [
                            37.54333333333333,
                            55.72716666666667
                        ],
                        [
                            37.54511111111111,
                            55.727916666666665
                        ],
                        [
                            37.54333333333333,
                            55.72716666666667
                        ]
                    ]
                ]
            },
            "properties": {
                "description": "\u0417\u0430\u043f\u0430\u0434\u043d\u044b\u0439 \u0430\u0434\u043c\u0438\u043d\u0438\u0441\u0442\u0440\u0430\u0442\u0438\u0432\u043d\u044b\u0439 \u043e\u043a\u0440\u0443\u0433 -> \u0440\u0435\u043a\u0430 \u041c\u043e\u0441\u043a\u0432\u0430:"
            }
        },
        {
            "type": "Feature",
            "geometry": {
                "type": "Polygon",
                "coordinates": [
                    [
                        [
                            37.60944444444445,
                            55.73891666666667
                        ],
                        [
                            37.61797222222222,
                            55.74444444444445
                        ],
                        [
                            37.61522222222222,
                            55.742444444444445
                        ],
                        [
                            37.61080555555556,
                            55.73913888888889
                        ],
                        [
                            37.60944444444445,
                            55.73891666666667
                        ]
                    ]
                ]
            },
            "properties": {
                "description": "\u0426\u0435\u043d\u0442\u0440\u0430\u043b\u044c\u043d\u044b\u0439 \u0430\u0434\u043c\u0438\u043d\u0438\u0441\u0442\u0440\u0430\u0442\u0438\u0432\u043d\u044b\u0439 \u043e\u043a\u0440\u0443\u0433 -> \u0440\u0435\u043a\u0430 \u041c\u043e\u0441\u043a\u0432\u0430:"
            }
        },
        {
            "type": "Feature",
            "geometry": {
                "type": "Polygon",
                "coordinates": [
                    [
                        [
                            37.63611111111111,
                            55.68369444444444
                        ],
                        [
                            37.67338888888889,
                            55.68677777777778
                        ],
                        [
                            37.63611111111111,
                            55.68369444444444
                        ]
                    ]
                ]
            },
            "properties": {
                "description": "\u042e\u0436\u043d\u044b\u0439 \u0430\u0434\u043c\u0438\u043d\u0438\u0441\u0442\u0440\u0430\u0442\u0438\u0432\u043d\u044b\u0439 \u043e\u043a\u0440\u0443\u0433 -> \u0440\u0435\u043a\u0430 \u041c\u043e\u0441\u043a\u0432\u0430: \u041d\u043e\u0432\u0438\u043d\u043a\u043e\u0432\u0441\u043a\u0438\u0439 \u0440\u0443\u043a\u0430\u0432:"
            }
        },
        {
            "type": "Feature",
            "geometry": {
                "type": "Polygon",
                "coordinates": [
                    [
                        [
                            37.68241666666666,
                            55.696416666666664
                        ],
                        [
                            37.68394444444444,
                            55.69844444444444
                        ],
                        [
                            37.66866666666667,
                            55.70183333333333
                        ],
                        [
                            37.66844444444444,
                            55.699749999999995
                        ],
                        [
                            37.68241666666666,
                            55.696416666666664
                        ]
                    ]
                ]
            },
            "properties": {
                "description": "\u042e\u0436\u043d\u044b\u0439 \u0430\u0434\u043c\u0438\u043d\u0438\u0441\u0442\u0440\u0430\u0442\u0438\u0432\u043d\u044b\u0439 \u043e\u043a\u0440\u0443\u0433 -> \u0440\u0435\u043a\u0430 \u041c\u043e\u0441\u043a\u0432\u0430:"
            }
        },
        {
            "type": "Feature",
            "geometry": {
                "type": "Polygon",
                "coordinates": [
                    [
                        [
                            37.689138888888884,
                            55.693777777777775
                        ],
                        [
                            37.689138888888884,
                            55.690999999999995
                        ],
                        [
                            37.70733333333334,
                            55.69230555555555
                        ],
                        [
                            37.70547222222223,
                            55.68830555555555
                        ],
                        [
                            37.689138888888884,
                            55.693777777777775
                        ]
                    ]
                ]
            },
            "properties": {
                "description": "\u042e\u0436\u043d\u044b\u0439 \u0430\u0434\u043c\u0438\u043d\u0438\u0441\u0442\u0440\u0430\u0442\u0438\u0432\u043d\u044b\u0439 \u043e\u043a\u0440\u0443\u0433 -> \u0440\u0435\u043a\u0430 \u041c\u043e\u0441\u043a\u0432\u0430:"
            }
        },
        {
            "type": "Feature",
            "geometry": {
                "type": "Polygon",
                "coordinates": [
                    [
                        [
                            37.76938888888889,
                            55.64511111111111
                        ],
                        [
                            37.768,
                            55.647083333333335
                        ],
                        [
                            37.77038888888889,
                            55.64761111111111
                        ],
                        [
                            37.77202777777778,
                            55.64586111111111
                        ],
                        [
                            37.76938888888889,
                            55.64511111111111
                        ]
                    ]
                ]
            },
            "properties": {
                "description": "\u042e\u0436\u043d\u044b\u0439 \u0430\u0434\u043c\u0438\u043d\u0438\u0441\u0442\u0440\u0430\u0442\u0438\u0432\u043d\u044b\u0439 \u043e\u043a\u0440\u0443\u0433 -> \u0440\u0435\u043a\u0430 \u041c\u043e\u0441\u043a\u0432\u0430:"
            }
        },
        {
            "type": "Feature",
            "geometry": {
                "type": "Polygon",
                "coordinates": [
                    [
                        [
                            37.79141666666666,
                            55.62302777777778
                        ],
                        [
                            37.784416666666665,
                            55.630611111111115
                        ],
                        [
                            37.79141666666666,
                            55.62302777777778
                        ]
                    ]
                ]
            },
            "properties": {
                "description": "\u042e\u0436\u043d\u044b\u0439 \u0430\u0434\u043c\u0438\u043d\u0438\u0441\u0442\u0440\u0430\u0442\u0438\u0432\u043d\u044b\u0439 \u043e\u043a\u0440\u0443\u0433 -> \u0440\u0435\u043a\u0430 \u041c\u043e\u0441\u043a\u0432\u0430:"
            }
        },
        {
            "type": "Feature",
            "geometry": {
                "type": "Polygon",
                "coordinates": [
                    [
                        [
                            37.728972222222225,
                            55.632666666666665
                        ],
                        [
                            37.69316666666666,
                            55.62861111111111
                        ],
                        [
                            37.714083333333335,
                            55.63419444444445
                        ],
                        [
                            37.728972222222225,
                            55.632666666666665
                        ]
                    ]
                ]
            },
            "properties": {
                "description": "\u042e\u0436\u043d\u044b\u0439 \u0430\u0434\u043c\u0438\u043d\u0438\u0441\u0442\u0440\u0430\u0442\u0438\u0432\u043d\u044b\u0439 \u043e\u043a\u0440\u0443\u0433 -> \u0411\u043e\u0440\u0438\u0441\u043e\u0432\u0441\u043a\u0438\u0439 \u043f\u0440\u0443\u0434 \u043d\u0430 \u0440\u0435\u043a\u0435 \u0413\u043e\u0440\u043e\u0434\u043d\u044f: 20 - 30 \u043c \u0432\u0433\u043b\u0443\u0431\u044c \u0430\u043a\u0432\u0430\u0442\u043e\u0440\u0438\u0438 \u0432\u0434\u043e\u043b\u044c \u0432\u0441\u0435\u0439 \u0431\u0435\u0440\u0435\u0433\u043e\u0432\u043e\u0439 \u043b\u0438\u043d\u0438\u0438, \u0437\u0430 \u0438\u0441\u043a\u043b\u044e\u0447\u0435\u043d\u0438\u0435\u043c \u0437\u043e\u043d \u0434\u0430\u043c\u0431 \u0438 \u0434\u043e\u0440\u043e\u0433, \u041e\u0440\u0435\u0445\u043e\u0432\u043e-\u0411\u043e\u0440\u0438\u0441\u043e\u0432\u043e \u0421\u0435\u0432\u0435\u0440\u043d\u043e\u0435:"
            }
        },
        {
            "type": "Feature",
            "geometry": {
                "type": "Polygon",
                "coordinates": [
                    [
                        [
                            37.730694444444445,
                            55.63113888888889
                        ],
                        [
                            37.749722222222225,
                            55.63088888888889
                        ],
                        [
                            37.730694444444445,
                            55.63113888888889
                        ]
                    ]
                ]
            },
            "properties": {
                "description": "\u042e\u0436\u043d\u044b\u0439 \u0430\u0434\u043c\u0438\u043d\u0438\u0441\u0442\u0440\u0430\u0442\u0438\u0432\u043d\u044b\u0439 \u043e\u043a\u0440\u0443\u0433 -> \u0440\u0435\u043a\u0430 \u0413\u043e\u0440\u043e\u0434\u043d\u044f:"
            }
        },
        {
            "type": "Feature",
            "geometry": {
                "type": "Polygon",
                "coordinates": [
                    [
                        [
                            37.70086111111112,
                            55.68586111111111
                        ],
                        [
                            37.69891666666666,
                            55.683277777777775
                        ],
                        [
                            37.701,
                            55.68286111111111
                        ],
                        [
                            37.70341666666667,
                            55.68516666666666
                        ],
                        [
                            37.70086111111112,
                            55.68586111111111
                        ]
                    ]
                ]
            },
            "properties": {
                "description": "\u042e\u0436\u043d\u044b\u0439 \u0430\u0434\u043c\u0438\u043d\u0438\u0441\u0442\u0440\u0430\u0442\u0438\u0432\u043d\u044b\u0439 \u043e\u043a\u0440\u0443\u0433 -> \u0440\u0435\u043a\u0430 \u041c\u043e\u0441\u043a\u0432\u0430:"
            }
        },
        {
            "type": "Feature",
            "geometry": {
                "type": "Polygon",
                "coordinates": [
                    [
                        [
                            37.69011111111111,
                            55.67341666666666
                        ],
                        [
                            37.69144444444444,
                            55.67027777777778
                        ],
                        [
                            37.71130555555556,
                            55.66602777777778
                        ],
                        [
                            37.71413888888889,
                            55.679249999999996
                        ],
                        [
                            37.70758333333334,
                            55.67997222222222
                        ],
                        [
                            37.69011111111111,
                            55.67341666666666
                        ]
                    ]
                ]
            },
            "properties": {
                "description": "\u042e\u0433\u043e-\u0412\u043e\u0441\u0442\u043e\u0447\u043d\u044b\u0439 \u0430\u0434\u043c\u0438\u043d\u0438\u0441\u0442\u0440\u0430\u0442\u0438\u0432\u043d\u044b\u0439 \u043e\u043a\u0440\u0443\u0433 -> \u0440\u0435\u043a\u0430 \u041c\u043e\u0441\u043a\u0432\u0430:"
            }
        },
        {
            "type": "Feature",
            "geometry": {
                "type": "Polygon",
                "coordinates": [
                    [
                        [
                            37.712944444444446,
                            55.64044444444444
                        ],
                        [
                            37.713,
                            55.63863888888889
                        ],
                        [
                            37.76936111111111,
                            55.64511111111111
                        ],
                        [
                            37.76808333333333,
                            55.647083333333335
                        ],
                        [
                            37.712944444444446,
                            55.64044444444444
                        ]
                    ]
                ]
            },
            "properties": {
                "description": "\u042e\u0433\u043e-\u0412\u043e\u0441\u0442\u043e\u0447\u043d\u044b\u0439 \u0430\u0434\u043c\u0438\u043d\u0438\u0441\u0442\u0440\u0430\u0442\u0438\u0432\u043d\u044b\u0439 \u043e\u043a\u0440\u0443\u0433 -> \u0440\u0435\u043a\u0430 \u041c\u043e\u0441\u043a\u0432\u0430:"
            }
        },
        {
            "type": "Feature",
            "geometry": {
                "type": "Polygon",
                "coordinates": [
                    [
                        [
                            37.75502777777778,
                            55.79233333333333
                        ],
                        [
                            37.76105555555556,
                            55.789833333333334
                        ],
                        [
                            37.76811111111111,
                            55.7925
                        ],
                        [
                            37.76175,
                            55.793638888888886
                        ],
                        [
                            37.75502777777778,
                            55.79233333333333
                        ]
                    ]
                ]
            },
            "properties": {
                "description": "\u0412\u043e\u0441\u0442\u043e\u0447\u043d\u044b\u0439 \u0430\u0434\u043c\u0438\u043d\u0438\u0441\u0442\u0440\u0430\u0442\u0438\u0432\u043d\u044b\u0439 \u043e\u043a\u0440\u0443\u0433 -> \u043f\u0440\u0443\u0434 \u0421\u0435\u0440\u0435\u0431\u0440\u044f\u043d\u043e-\u0412\u0438\u043d\u043e\u0433\u0440\u0430\u0434\u043d\u044b\u0439 \u043d\u0430 \u0440\u0435\u043a\u0435 \u0421\u0435\u0440\u0435\u0431\u0440\u044f\u043d\u043a\u0430: \u043e\u0441\u0442\u0440\u043e\u0432, \u043a\u0440\u043e\u043c\u0435 \u0443\u0447\u0430\u0441\u0442\u043a\u0430 \u0441 \u0441\u0435\u0432\u0435\u0440\u043d\u043e\u0439 \u0441\u0442\u043e\u0440\u043e\u043d\u044b, \u043f\u043e\u043a\u0440\u044b\u0442\u043e\u0433\u043e \u0431\u0435\u0442\u043e\u043d\u043d\u044b\u043c\u0438 \u043f\u043b\u0438\u0442\u0430\u043c\u0438, \u0418\u0437\u043c\u0430\u0439\u043b\u043e\u0432\u043e, \u0433\u043e\u0440\u043e\u0434\u043e\u043a \u0438\u043c\u0435\u043d\u0438 \u0411\u0430\u0443\u043c\u0430\u043d\u0430:"
            }
        },
        {
            "type": "Feature",
            "geometry": {
                "type": "Polygon",
                "coordinates": [
                    [
                        [
                            37.754583333333336,
                            55.7915
                        ],
                        [
                            37.752805555555554,
                            55.79197222222222
                        ],
                        [
                            37.76708333333333,
                            55.79083333333333
                        ],
                        [
                            37.76775,
                            55.79080555555555
                        ],
                        [
                            37.754583333333336,
                            55.7915
                        ]
                    ]
                ]
            },
            "properties": {
                "description": "\u0412\u043e\u0441\u0442\u043e\u0447\u043d\u044b\u0439 \u0430\u0434\u043c\u0438\u043d\u0438\u0441\u0442\u0440\u0430\u0442\u0438\u0432\u043d\u044b\u0439 \u043e\u043a\u0440\u0443\u0433 -> \u043f\u0440\u0443\u0434 \u041b\u0435\u0431\u0435\u0434\u044f\u043d\u0441\u043a\u0438\u0439 \u043d\u0430 \u0440\u0435\u043a\u0435 \u0421\u0435\u0440\u0435\u0431\u0440\u044f\u043d\u043a\u0430:"
            }
        },
        {
            "type": "Feature",
            "geometry": {
                "type": "Polygon",
                "coordinates": [
                    [
                        [
                            37.488527777777776,
                            55.82461111111112
                        ],
                        [
                            37.48938888888889,
                            55.82447222222223
                        ],
                        [
                            37.488305555555556,
                            55.82330555555556
                        ],
                        [
                            37.486666666666665,
                            55.821333333333335
                        ],
                        [
                            37.487027777777776,
                            55.821250000000006
                        ],
                        [
                            37.48561111111111,
                            55.82025
                        ],
                        [
                            37.484944444444444,
                            55.82047222222223
                        ],
                        [
                            37.48491666666667,
                            55.819861111111116
                        ],
                        [
                            37.482305555555556,
                            55.819500000000005
                        ],
                        [
                            37.48188888888889,
                            55.82013888888889
                        ],
                        [
                            37.48188888888889,
                            55.81927777777778
                        ],
                        [
                            37.47997222222222,
                            55.81802777777778
                        ],
                        [
                            37.47844444444445,
                            55.81777777777778
                        ],
                        [
                            37.479111111111116,
                            55.81769444444445
                        ],
                        [
                            37.48252777777778,
                            55.81622222222222
                        ],
                        [
                            37.47752777777778,
                            55.815999999999995
                        ],
                        [
                            37.488527777777776,
                            55.82461111111112
                        ]
                    ]
                ]
            },
            "properties": {
                "description": "\u0412\u043e\u0441\u0442\u043e\u0447\u043d\u044b\u0439 \u0430\u0434\u043c\u0438\u043d\u0438\u0441\u0442\u0440\u0430\u0442\u0438\u0432\u043d\u044b\u0439 \u043e\u043a\u0440\u0443\u0433 -> \u041f\u043e\u043a\u0440\u043e\u0432\u0441\u043a\u043e-\u0421\u0442\u0440\u0435\u0448\u043d\u0435\u0432\u044b\u0435 \u043f\u0440\u0443\u0434\u044b \u043d\u0430 \u0440\u0435\u043a\u0435 \u0427\u0435\u0440\u043d\u0443\u0448\u043a\u0430 (\u0427\u0435\u0440\u043d\u0430\u044f):"
            }
        },
        {
            "type": "Feature",
            "geometry": {
                "type": "Polygon",
                "coordinates": [
                    [
                        [
                            37.66186111111111,
                            55.81158333333333
                        ],
                        [
                            37.66122222222222,
                            55.81052777777777
                        ],
                        [
                            37.665388888888884,
                            55.810694444444444
                        ],
                        [
                            37.66475,
                            55.81166666666666
                        ],
                        [
                            37.66747222222222,
                            55.81133333333333
                        ],
                        [
                            37.66755555555555,
                            55.811166666666665
                        ],
                        [
                            37.67538888888889,
                            55.817750000000004
                        ],
                        [
                            37.67641666666666,
                            55.817527777777784
                        ],
                        [
                            37.66186111111111,
                            55.81158333333333
                        ]
                    ]
                ]
            },
            "properties": {
                "description": "\u0412\u043e\u0441\u0442\u043e\u0447\u043d\u044b\u0439 \u0430\u0434\u043c\u0438\u043d\u0438\u0441\u0442\u0440\u0430\u0442\u0438\u0432\u043d\u044b\u0439 \u043e\u043a\u0440\u0443\u0433 -> \u041f\u0443\u0442\u044f\u0435\u0432\u0441\u043a\u0438\u0435 \u043f\u0440\u0443\u0434\u044b \u043d\u0430 \u0440\u0443\u0447\u044c\u0435 \u041f\u0443\u0442\u044f\u0435\u0432\u0441\u043a\u0438\u0439:"
            }
        },
        {
            "type": "Feature",
            "geometry": {
                "type": "Polygon",
                "coordinates": [
                    [
                        [
                            37.15380555555556,
                            55.5335
                        ],
                        [
                            37.15380555555556,
                            55.53344444444444
                        ],
                        [
                            37.28408333333333,
                            55.50705555555555
                        ],
                        [
                            37.28402777777777,
                            55.50691666666667
                        ],
                        [
                            37.15380555555556,
                            55.5335
                        ]
                    ]
                ]
            },
            "properties": {
                "description": "\u0422\u0440\u043e\u0438\u0446\u043a\u0438\u0439 \u0430\u0434\u043c\u0438\u043d\u0438\u0441\u0442\u0440\u0430\u0442\u0438\u0432\u043d\u044b\u0439 \u043e\u043a\u0440\u0443\u0433 -> \u0440\u0435\u043a\u0430 \u0414\u0435\u0441\u043d\u0430: \u043e\u0442 \u043f\u043e\u0441\u0451\u043b\u043a\u0430 \u041f\u0435\u0440\u0432\u043e\u043c\u0430\u0439\u0441\u043a\u043e\u0435 \u0434\u043e \u0434\u0435\u0440\u0435\u0432\u043d\u0438 \u0416\u0443\u043a\u043e\u0432\u043a\u0430:"
            }
        },
        {
            "type": "Feature",
            "geometry": {
                "type": "Polygon",
                "coordinates": [
                    [
                        [
                            36.89202777777778,
                            55.47230555555556
                        ],
                        [
                            36.93947222222222,
                            55.46202777777778
                        ],
                        [
                            36.98158333333333,
                            55.44547222222222
                        ],
                        [
                            37.04108333333333,
                            55.433749999999996
                        ],
                        [
                            37.041444444444444,
                            55.43380555555555
                        ],
                        [
                            37.15333333333333,
                            55.42361111111111
                        ],
                        [
                            36.89202777777778,
                            55.47230555555556
                        ]
                    ]
                ]
            },
            "properties": {
                "description": "\u0422\u0440\u043e\u0438\u0446\u043a\u0438\u0439 \u0430\u0434\u043c\u0438\u043d\u0438\u0441\u0442\u0440\u0430\u0442\u0438\u0432\u043d\u044b\u0439 \u043e\u043a\u0440\u0443\u0433 -> \u0440\u0435\u043a\u0430 \u041f\u0430\u0445\u0440\u0430: \u043e\u0442 \u0434\u0435\u0440\u0435\u0432\u043d\u0438 \u041f\u0430\u0445\u043e\u0440\u043a\u0430 \u0434\u043e \u0434\u0435\u0440\u0435\u0432\u043d\u0438 \u041a\u0443\u0437\u043d\u0435\u0446\u043e\u0432\u043e: \u043e\u0442 \u0434\u0435\u0440\u0435\u0432\u043d\u0438 \u0414\u043e\u043b\u0433\u0438\u043d\u043e \u0434\u043e \u0434\u0435\u0440\u0435\u0432\u043d\u0438 \u0418\u0433\u043d\u0430\u0442\u043e\u0432\u043e \u043e\u0442 \u0434\u0435\u0440\u0435\u0432\u043d\u0438 \u0418\u0433\u043d\u0430\u0442\u043e\u0432\u043e \u0434\u043e \u0434\u0435\u0440\u0435\u0432\u043d\u0438 \u0421\u0435\u043a\u0435\u0440\u0438\u043d\u043e"
            }
        },
        {
            "type": "Feature",
            "geometry": {
                "type": "Polygon",
                "coordinates": [
                    [
                        [
                            54.189166666666665,
                            56.74861111111111
                        ],
                        [
                            54.18833333333333,
                            56.76444444444444
                        ],
                        [
                            54.25972222222222,
                            56.736111111111114
                        ],
                        [
                            54.189166666666665,
                            56.74861111111111
                        ]
                    ]
                ]
            },
            "properties": {
                "description": "\u0422\u0440\u043e\u0438\u0446\u043a\u0438\u0439 \u0430\u0434\u043c\u0438\u043d\u0438\u0441\u0442\u0440\u0430\u0442\u0438\u0432\u043d\u044b\u0439 \u043e\u043a\u0440\u0443\u0433 -> \u0412\u043e\u0442\u043a\u0438\u043d\u0441\u043a\u043e\u0435 \u0432\u043e\u0434\u043e\u0445\u0440\u0430\u043d\u0438\u043b\u0438\u0449\u0435: \u0421\u0430\u0439\u0433\u0430\u0442\u0441\u043a\u0438\u0439 \u0437\u0430\u043b\u0438\u0432:"
            }
        }
    ]
}
