{
    "type": "FeatureCollection",
    "features": [
        {
            "type": "Feature",
            "geometry": {
                "type": "Polygon",
                "coordinates": [
                    [
                        [
                            37.161405555555554,
                            58.828363888888894
                        ],
                        [
                            37.170855555555555,
                            58.828919444444445
                        ],
                        [
                            37.18075555555556,
                            58.82683055555556
                        ],
                        [
                            37.185338888888886,
                            58.8243
                        ],
                        [
                            37.188177777777774,
                            58.82060555555556
                        ],
                        [
                            37.191488888888884,
                            58.81688055555556
                        ],
                        [
                            37.19473333333333,
                            58.81180277777778
                        ],
                        [
                            37.19342777777778,
                            58.80168333333333
                        ],
                        [
                            37.19083055555555,
                            58.79650833333333
                        ],
                        [
                            37.16968055555555,
                            58.799994444444444
                        ],
                        [
                            37.165375,
                            58.811280555555555
                        ],
                        [
                            37.165375,
                            58.811280555555555
                        ],
                        [
                            37.19083055555555,
                            58.79650833333333
                        ],
                        [
                            37.17869444444444,
                            58.78391388888889
                        ],
                        [
                            37.13066111111111,
                            58.79247222222222
                        ],
                        [
                            37.14120555555556,
                            58.82449722222223
                        ],
                        [
                            37.13066111111111,
                            58.79247222222222
                        ],
                        [
                            37.13782777777778,
                            58.792427777777775
                        ],
                        [
                            37.15504166666666,
                            58.773649999999996
                        ],
                        [
                            37.14926944444444,
                            58.76033888888889
                        ],
                        [
                            37.141574999999996,
                            58.759658333333334
                        ],
                        [
                            37.12977222222222,
                            58.77456111111111
                        ],
                        [
                            37.13066111111111,
                            58.79247222222222
                        ],
                        [
                            37.17936666666667,
                            58.73054166666667
                        ],
                        [
                            37.17892777777777,
                            58.72228055555556
                        ],
                        [
                            37.17126666666667,
                            58.72287777777778
                        ],
                        [
                            37.17936666666667,
                            58.73054166666667
                        ],
                        [
                            37.21598055555556,
                            58.71129444444445
                        ],
                        [
                            37.21183611111111,
                            58.69889166666666
                        ],
                        [
                            37.19878333333333,
                            58.69630833333333
                        ],
                        [
                            37.20489166666667,
                            58.70954444444445
                        ],
                        [
                            37.21598055555556,
                            58.71129444444445
                        ],
                        [
                            37.161405555555554,
                            58.828363888888894
                        ]
                    ]
                ]
            },
            "properties": {
                "description": "\u0422\u0432\u0435\u0440\u0441\u043a\u0430\u044f \u043e\u0431\u043b\u0430\u0441\u0442\u044c -> \u0420\u044b\u0431\u0438\u043d\u0441\u043a\u043e\u0435 \u0432\u043e\u0434\u043e\u0445\u0440\u0430\u043d\u0438\u043b\u0438\u0449\u0435 (\u0412\u0435\u0441\u044c\u0435\u0433\u043e\u043d\u0441\u043a\u0438\u0439 \u0440\u0430\u0439\u043e\u043d):"
            }
        },
        {
            "type": "Feature",
            "geometry": {
                "type": "Polygon",
                "coordinates": [
                    [
                        [
                            37.222855555555554,
                            58.705508333333334
                        ],
                        [
                            37.2719,
                            58.688002777777776
                        ],
                        [
                            37.28018055555555,
                            58.67139722222222
                        ],
                        [
                            37.283175,
                            58.64601111111111
                        ],
                        [
                            37.27943055555556,
                            58.644980555555556
                        ],
                        [
                            37.25217222222222,
                            58.67878611111111
                        ],
                        [
                            37.178911111111105,
                            58.67661666666667
                        ],
                        [
                            37.222855555555554,
                            58.705508333333334
                        ],
                        [
                            37.222855555555554,
                            58.705508333333334
                        ]
                    ]
                ]
            },
            "properties": {
                "description": "\u0422\u0432\u0435\u0440\u0441\u043a\u0430\u044f \u043e\u0431\u043b\u0430\u0441\u0442\u044c -> \u0420\u044b\u0431\u0438\u043d\u0441\u043a\u043e\u0435 \u0432\u043e\u0434\u043e\u0445\u0440\u0430\u043d\u0438\u043b\u0438\u0449\u0435 (\u0412\u0435\u0441\u044c\u0435\u0433\u043e\u043d\u0441\u043a\u0438\u0439 \u0440\u0430\u0439\u043e\u043d):"
            }
        },
        {
            "type": "Feature",
            "geometry": {
                "type": "Polygon",
                "coordinates": [
                    [
                        [
                            37.33266666666667,
                            58.65042777777778
                        ],
                        [
                            37.347275,
                            58.65133333333333
                        ],
                        [
                            37.36152777777778,
                            58.646052777777776
                        ],
                        [
                            37.368522222222225,
                            58.634572222222225
                        ],
                        [
                            37.33759444444445,
                            58.64427777777778
                        ],
                        [
                            37.30855833333333,
                            58.64596944444445
                        ],
                        [
                            37.31533611111111,
                            58.64930833333333
                        ],
                        [
                            37.33266666666667,
                            58.65042777777778
                        ]
                    ]
                ]
            },
            "properties": {
                "description": "\u0422\u0432\u0435\u0440\u0441\u043a\u0430\u044f \u043e\u0431\u043b\u0430\u0441\u0442\u044c -> \u0420\u044b\u0431\u0438\u043d\u0441\u043a\u043e\u0435 \u0432\u043e\u0434\u043e\u0445\u0440\u0430\u043d\u0438\u043b\u0438\u0449\u0435 (\u0412\u0435\u0441\u044c\u0435\u0433\u043e\u043d\u0441\u043a\u0438\u0439 \u0440\u0430\u0439\u043e\u043d):"
            }
        },
        {
            "type": "Feature",
            "geometry": {
                "type": "Polygon",
                "coordinates": [
                    [
                        [
                            37.33759444444445,
                            58.64427777777778
                        ],
                        [
                            37.368522222222225,
                            58.634572222222225
                        ],
                        [
                            37.39095833333333,
                            58.60308888888889
                        ],
                        [
                            37.41099166666667,
                            58.58198333333333
                        ],
                        [
                            37.43852222222222,
                            58.57242777777778
                        ],
                        [
                            37.48928055555556,
                            58.554383333333334
                        ],
                        [
                            37.51345555555555,
                            58.54980555555555
                        ],
                        [
                            37.522825,
                            58.53963888888889
                        ],
                        [
                            37.47858611111111,
                            58.528591666666664
                        ],
                        [
                            37.48022777777778,
                            58.521
                        ],
                        [
                            37.535263888888885,
                            58.513416666666664
                        ],
                        [
                            37.55342777777778,
                            58.507102777777774
                        ],
                        [
                            37.57183888888889,
                            58.49433055555556
                        ],
                        [
                            37.58556111111111,
                            58.47546944444445
                        ],
                        [
                            37.6106,
                            58.45682777777778
                        ],
                        [
                            37.624522222222225,
                            58.45326111111111
                        ],
                        [
                            37.631680555555555,
                            58.449777777777776
                        ],
                        [
                            37.631930555555556,
                            58.447941666666665
                        ],
                        [
                            37.624097222222225,
                            58.45217777777778
                        ],
                        [
                            37.6,
                            58.45467777777778
                        ],
                        [
                            37.58161666666667,
                            58.47132222222223
                        ],
                        [
                            37.576905555555555,
                            58.48430555555556
                        ],
                        [
                            37.55803333333333,
                            58.50246666666666
                        ],
                        [
                            37.53554722222222,
                            58.51195555555555
                        ],
                        [
                            37.52461666666667,
                            58.5107
                        ],
                        [
                            37.50083611111111,
                            58.516286111111114
                        ],
                        [
                            37.476461111111114,
                            58.52093333333333
                        ],
                        [
                            37.466638888888895,
                            58.52858055555556
                        ],
                        [
                            37.460794444444446,
                            58.53699722222222
                        ],
                        [
                            37.467533333333336,
                            58.56015555555555
                        ],
                        [
                            37.403663888888886,
                            58.5839
                        ],
                        [
                            37.38818333333333,
                            58.602558333333334
                        ],
                        [
                            37.3495,
                            58.636544444444446
                        ],
                        [
                            37.329144444444445,
                            58.6396
                        ],
                        [
                            37.33759444444445,
                            58.64427777777778
                        ],
                        [
                            37.33759444444445,
                            58.64427777777778
                        ]
                    ]
                ]
            },
            "properties": {
                "description": "\u0422\u0432\u0435\u0440\u0441\u043a\u0430\u044f \u043e\u0431\u043b\u0430\u0441\u0442\u044c -> \u0420\u044b\u0431\u0438\u043d\u0441\u043a\u043e\u0435 \u0432\u043e\u0434\u043e\u0445\u0440\u0430\u043d\u0438\u043b\u0438\u0449\u0435 (\u0412\u0435\u0441\u044c\u0435\u0433\u043e\u043d\u0441\u043a\u0438\u0439 \u0440\u0430\u0439\u043e\u043d):"
            }
        },
        {
            "type": "Feature",
            "geometry": {
                "type": "Polygon",
                "coordinates": [
                    [
                        [
                            37.631188888888886,
                            58.456072222222225
                        ],
                        [
                            37.635552777777775,
                            58.461444444444446
                        ],
                        [
                            37.64907777777778,
                            58.46443611111111
                        ],
                        [
                            37.65218611111111,
                            58.455975
                        ],
                        [
                            37.631188888888886,
                            58.456072222222225
                        ],
                        [
                            37.631188888888886,
                            58.456072222222225
                        ]
                    ]
                ]
            },
            "properties": {
                "description": "\u0422\u0432\u0435\u0440\u0441\u043a\u0430\u044f \u043e\u0431\u043b\u0430\u0441\u0442\u044c -> \u0420\u044b\u0431\u0438\u043d\u0441\u043a\u043e\u0435 \u0432\u043e\u0434\u043e\u0445\u0440\u0430\u043d\u0438\u043b\u0438\u0449\u0435 (\u0412\u0435\u0441\u044c\u0435\u0433\u043e\u043d\u0441\u043a\u0438\u0439 \u0440\u0430\u0439\u043e\u043d):"
            }
        },
        {
            "type": "Feature",
            "geometry": {
                "type": "Polygon",
                "coordinates": [
                    [
                        [
                            36.81543055555555,
                            58.57421111111111
                        ],
                        [
                            37.037194444444445,
                            58.68071388888889
                        ],
                        [
                            37.19370277777777,
                            58.691263888888884
                        ],
                        [
                            36.81543055555555,
                            58.57421111111111
                        ]
                    ]
                ]
            },
            "properties": {
                "description": "\u0422\u0432\u0435\u0440\u0441\u043a\u0430\u044f \u043e\u0431\u043b\u0430\u0441\u0442\u044c -> \u0440\u0435\u043a\u0430 \u0420\u0435\u043d\u044f (\u0412\u0435\u0441\u044c\u0435\u0433\u043e\u043d\u0441\u043a\u0438\u0439 \u0440\u0430\u0439\u043e\u043d): \u043f\u043e\u043b\u0438\u0432\u044b \u043d\u0430 \u0432\u0441\u0435\u043c \u043f\u0440\u043e\u0442\u044f\u0436\u0435\u043d\u0438\u0438 \u0432 \u043f\u0440\u0435\u0434\u0435\u043b\u0430\u0445 \u0440\u0430\u0439\u043e\u043d\u0430:"
            }
        },
        {
            "type": "Feature",
            "geometry": {
                "type": "Polygon",
                "coordinates": [
                    [
                        [
                            37.06001944444444,
                            58.39635555555555
                        ],
                        [
                            37.094550000000005,
                            58.54721111111111
                        ],
                        [
                            37.329144444444445,
                            58.6396
                        ],
                        [
                            37.06001944444444,
                            58.39635555555555
                        ]
                    ]
                ]
            },
            "properties": {
                "description": "\u0422\u0432\u0435\u0440\u0441\u043a\u0430\u044f \u043e\u0431\u043b\u0430\u0441\u0442\u044c -> \u0440\u0435\u043a\u0430 \u041a\u0435\u0441\u044c\u043c\u0430 (\u0412\u0435\u0441\u044c\u0435\u0433\u043e\u043d\u0441\u043a\u0438\u0439 \u0440\u0430\u0439\u043e\u043d):"
            }
        },
        {
            "type": "Feature",
            "geometry": {
                "type": "Polygon",
                "coordinates": [
                    [
                        [
                            37.46169166666667,
                            58.44176944444444
                        ],
                        [
                            37.480250000000005,
                            58.47575833333334
                        ],
                        [
                            37.55803333333333,
                            58.50246666666666
                        ],
                        [
                            37.46169166666667,
                            58.44176944444444
                        ]
                    ]
                ]
            },
            "properties": {
                "description": "\u0422\u0432\u0435\u0440\u0441\u043a\u0430\u044f \u043e\u0431\u043b\u0430\u0441\u0442\u044c -> \u0440\u0435\u043a\u0430 \u041b\u0430\u043c\u044c (\u0412\u0435\u0441\u044c\u0435\u0433\u043e\u043d\u0441\u043a\u0438\u0439 \u0440\u0430\u0439\u043e\u043d):"
            }
        },
        {
            "type": "Feature",
            "geometry": {
                "type": "Polygon",
                "coordinates": [
                    [
                        [
                            37.55996944444444,
                            58.462872222222224
                        ],
                        [
                            37.58161666666667,
                            58.47132222222223
                        ],
                        [
                            37.54676666666666,
                            58.41726388888889
                        ],
                        [
                            37.57653888888889,
                            58.44085
                        ],
                        [
                            37.59240833333334,
                            58.438022222222216
                        ],
                        [
                            37.589925,
                            58.45685
                        ],
                        [
                            37.631680555555555,
                            58.449777777777776
                        ],
                        [
                            37.55996944444444,
                            58.462872222222224
                        ]
                    ]
                ]
            },
            "properties": {
                "description": "\u0422\u0432\u0435\u0440\u0441\u043a\u0430\u044f \u043e\u0431\u043b\u0430\u0441\u0442\u044c -> \u0440\u0443\u0447\u0435\u0439 \u041c\u043e\u0449\u0435\u043d\u0438\u043a (\u0412\u0435\u0441\u044c\u0435\u0433\u043e\u043d\u0441\u043a\u0438\u0439 \u0440\u0430\u0439\u043e\u043d):"
            }
        },
        {
            "type": "Feature",
            "geometry": {
                "type": "Polygon",
                "coordinates": [
                    [
                        [
                            37.54676666666666,
                            58.41726388888889
                        ],
                        [
                            37.57653888888889,
                            58.44085
                        ],
                        [
                            37.59240833333334,
                            58.438022222222216
                        ],
                        [
                            37.589925,
                            58.45685
                        ],
                        [
                            37.631680555555555,
                            58.449777777777776
                        ],
                        [
                            37.54676666666666,
                            58.41726388888889
                        ]
                    ]
                ]
            },
            "properties": {
                "description": "\u0422\u0432\u0435\u0440\u0441\u043a\u0430\u044f \u043e\u0431\u043b\u0430\u0441\u0442\u044c -> \u0440\u0435\u043a\u0430 \u0421\u0435\u0431\u043b\u0430 (\u0412\u0435\u0441\u044c\u0435\u0433\u043e\u043d\u0441\u043a\u0438\u0439 \u0440\u0430\u0439\u043e\u043d):"
            }
        },
        {
            "type": "Feature",
            "geometry": {
                "type": "Polygon",
                "coordinates": [
                    [
                        [
                            37.119075,
                            58.80288611111111
                        ],
                        [
                            37.12927777777778,
                            58.810488888888884
                        ],
                        [
                            37.13642222222222,
                            58.80155277777777
                        ],
                        [
                            37.119075,
                            58.80288611111111
                        ]
                    ]
                ]
            },
            "properties": {
                "description": "\u0422\u0432\u0435\u0440\u0441\u043a\u0430\u044f \u043e\u0431\u043b\u0430\u0441\u0442\u044c -> \u0440\u0435\u043a\u0430 \u041b\u0435\u043a\u043e\u043c\u043a\u0430 (\u0412\u0435\u0441\u044c\u0435\u0433\u043e\u043d\u0441\u043a\u0438\u0439 \u0440\u0430\u0439\u043e\u043d):"
            }
        },
        {
            "type": "Feature",
            "geometry": {
                "type": "Polygon",
                "coordinates": [
                    [
                        [
                            37.42509444444444,
                            58.521677777777775
                        ],
                        [
                            37.46830555555556,
                            58.52688611111111
                        ],
                        [
                            37.42509444444444,
                            58.521677777777775
                        ]
                    ]
                ]
            },
            "properties": {
                "description": "\u0422\u0432\u0435\u0440\u0441\u043a\u0430\u044f \u043e\u0431\u043b\u0430\u0441\u0442\u044c -> \u0440\u0435\u043a\u0430 \u0427\u0435\u0440\u043d\u0430\u044f (\u0412\u0435\u0441\u044c\u0435\u0433\u043e\u043d\u0441\u043a\u0438\u0439 \u0440\u0430\u0439\u043e\u043d):"
            }
        },
        {
            "type": "Feature",
            "geometry": {
                "type": "Polygon",
                "coordinates": [
                    [
                        [
                            37.460661111111115,
                            58.49928333333333
                        ],
                        [
                            37.48022777777778,
                            58.521
                        ],
                        [
                            37.460661111111115,
                            58.49928333333333
                        ]
                    ]
                ]
            },
            "properties": {
                "description": "\u0422\u0432\u0435\u0440\u0441\u043a\u0430\u044f \u043e\u0431\u043b\u0430\u0441\u0442\u044c -> \u0440\u0435\u043a\u0430 \u0421\u044b\u0440\u043e\u0432\u0435\u0440\u043a\u0430 (\u0412\u0435\u0441\u044c\u0435\u0433\u043e\u043d\u0441\u043a\u0438\u0439 \u0440\u0430\u0439\u043e\u043d):"
            }
        },
        {
            "type": "Feature",
            "geometry": {
                "type": "Polygon",
                "coordinates": [
                    [
                        [
                            37.36940833333333,
                            58.596044444444445
                        ],
                        [
                            37.39443333333333,
                            58.59651388888889
                        ],
                        [
                            37.38028333333333,
                            58.57871666666667
                        ],
                        [
                            37.40795,
                            58.58381666666667
                        ],
                        [
                            37.40473611111111,
                            58.564097222222216
                        ],
                        [
                            37.43364444444444,
                            58.57414166666667
                        ],
                        [
                            37.36940833333333,
                            58.596044444444445
                        ]
                    ]
                ]
            },
            "properties": {
                "description": "\u0422\u0432\u0435\u0440\u0441\u043a\u0430\u044f \u043e\u0431\u043b\u0430\u0441\u0442\u044c -> 1, 2, 3 \u041c\u0430\u043b\u0438\u043d\u043e\u0432\u0441\u043a\u0438\u0435 \u0440\u0443\u0447\u044c\u0438 (\u0412\u0435\u0441\u044c\u0435\u0433\u043e\u043d\u0441\u043a\u0438\u0439 \u0440\u0430\u0439\u043e\u043d):"
            }
        },
        {
            "type": "Feature",
            "geometry": {
                "type": "Polygon",
                "coordinates": [
                    [
                        [
                            36.827672222222226,
                            58.74616944444445
                        ],
                        [
                            37.037194444444445,
                            58.68071388888889
                        ],
                        [
                            36.827672222222226,
                            58.74616944444445
                        ]
                    ]
                ]
            },
            "properties": {
                "description": "\u0422\u0432\u0435\u0440\u0441\u043a\u0430\u044f \u043e\u0431\u043b\u0430\u0441\u0442\u044c -> \u0440\u0435\u043a\u0430 \u0417\u0432\u0430\u043d\u0430 (\u0412\u0435\u0441\u044c\u0435\u0433\u043e\u043d\u0441\u043a\u0438\u0439 \u0440\u0430\u0439\u043e\u043d):"
            }
        },
        {
            "type": "Feature",
            "geometry": {
                "type": "Polygon",
                "coordinates": [
                    [
                        [
                            37.01538055555555,
                            58.73571666666667
                        ],
                        [
                            37.142294444444445,
                            58.684219444444444
                        ],
                        [
                            37.01538055555555,
                            58.73571666666667
                        ]
                    ]
                ]
            },
            "properties": {
                "description": "\u0422\u0432\u0435\u0440\u0441\u043a\u0430\u044f \u043e\u0431\u043b\u0430\u0441\u0442\u044c -> \u0440\u0435\u043a\u0430 \u0428\u0430\u0440\u0438\u0446\u0430 (\u0412\u0435\u0441\u044c\u0435\u0433\u043e\u043d\u0441\u043a\u0438\u0439 \u0440\u0430\u0439\u043e\u043d):"
            }
        },
        {
            "type": "Feature",
            "geometry": {
                "type": "Polygon",
                "coordinates": [
                    [
                        [
                            35.66349722222222,
                            56.84505
                        ],
                        [
                            35.66345833333333,
                            56.84646388888889
                        ],
                        [
                            35.6654,
                            56.846586111111115
                        ],
                        [
                            35.665680555555554,
                            56.845125
                        ],
                        [
                            35.66349722222222,
                            56.84505
                        ]
                    ]
                ]
            },
            "properties": {
                "description": "\u0422\u0432\u0435\u0440\u0441\u043a\u0430\u044f \u043e\u0431\u043b\u0430\u0441\u0442\u044c -> \u0440\u0435\u043a\u0430 \u0412\u043e\u043b\u0433\u0430 (\u041a\u0430\u043b\u0438\u043d\u0438\u043d\u0441\u043a\u0438\u0439 \u0440\u0430\u0439\u043e\u043d):"
            }
        },
        {
            "type": "Feature",
            "geometry": {
                "type": "Polygon",
                "coordinates": [
                    [
                        [
                            35.583333333333336,
                            56.79756944444444
                        ],
                        [
                            35.5852,
                            56.798091666666664
                        ],
                        [
                            35.58504444444445,
                            56.79917222222222
                        ],
                        [
                            35.58329722222223,
                            56.79959722222222
                        ],
                        [
                            35.58264166666667,
                            56.80051944444444
                        ],
                        [
                            35.58457222222223,
                            56.80244722222222
                        ],
                        [
                            35.587138888888894,
                            56.80311111111111
                        ],
                        [
                            35.58838611111111,
                            56.80309166666667
                        ],
                        [
                            35.58952222222222,
                            56.80361388888888
                        ],
                        [
                            35.58933888888889,
                            56.80234722222222
                        ],
                        [
                            35.58765277777778,
                            56.801744444444445
                        ],
                        [
                            35.58739722222222,
                            56.799813888888885
                        ],
                        [
                            35.583333333333336,
                            56.79756944444444
                        ]
                    ]
                ]
            },
            "properties": {
                "description": "\u0422\u0432\u0435\u0440\u0441\u043a\u0430\u044f \u043e\u0431\u043b\u0430\u0441\u0442\u044c -> \u0440\u0435\u043a\u0430 \u0412\u043e\u043b\u0433\u0430 (\u041a\u0430\u043b\u0438\u043d\u0438\u043d\u0441\u043a\u0438\u0439 \u0440\u0430\u0439\u043e\u043d):"
            }
        },
        {
            "type": "Feature",
            "geometry": {
                "type": "Polygon",
                "coordinates": [
                    [
                        [
                            36.143522222222224,
                            56.779555555555554
                        ],
                        [
                            36.14469166666667,
                            56.78165555555555
                        ],
                        [
                            36.14425277777778,
                            56.78298611111111
                        ],
                        [
                            36.145136111111114,
                            56.78435833333333
                        ],
                        [
                            36.14712222222222,
                            56.78456111111111
                        ],
                        [
                            36.15242222222222,
                            56.78282222222222
                        ],
                        [
                            36.15338055555556,
                            56.78354722222222
                        ],
                        [
                            36.158677777777775,
                            56.78322222222222
                        ],
                        [
                            36.163311111111106,
                            56.782575
                        ],
                        [
                            36.16330833333333,
                            56.78180833333333
                        ],
                        [
                            36.15962777777778,
                            56.78124444444445
                        ],
                        [
                            36.15646666666667,
                            56.781124999999996
                        ],
                        [
                            36.15190555555555,
                            56.780202777777774
                        ],
                        [
                            36.14572222222222,
                            56.77967777777778
                        ],
                        [
                            36.143522222222224,
                            56.779555555555554
                        ]
                    ]
                ]
            },
            "properties": {
                "description": "\u0422\u0432\u0435\u0440\u0441\u043a\u0430\u044f \u043e\u0431\u043b\u0430\u0441\u0442\u044c -> \u0440\u0435\u043a\u0430 \u0412\u043e\u043b\u0433\u0430 (\u041a\u0430\u043b\u0438\u043d\u0438\u043d\u0441\u043a\u0438\u0439 \u0440\u0430\u0439\u043e\u043d):"
            }
        },
        {
            "type": "Feature",
            "geometry": {
                "type": "Polygon",
                "coordinates": [
                    [
                        [
                            36.18516111111111,
                            56.79488055555555
                        ],
                        [
                            36.18535555555555,
                            56.79523333333333
                        ],
                        [
                            36.19418888888889,
                            56.79442777777778
                        ],
                        [
                            36.194125,
                            56.794127777777774
                        ],
                        [
                            36.18516111111111,
                            56.79488055555555
                        ]
                    ]
                ]
            },
            "properties": {
                "description": "\u0422\u0432\u0435\u0440\u0441\u043a\u0430\u044f \u043e\u0431\u043b\u0430\u0441\u0442\u044c -> \u0440\u0435\u043a\u0430 \u0412\u043e\u043b\u0433\u0430 (\u041a\u0430\u043b\u0438\u043d\u0438\u043d\u0441\u043a\u0438\u0439 \u0440\u0430\u0439\u043e\u043d):"
            }
        },
        {
            "type": "Feature",
            "geometry": {
                "type": "Polygon",
                "coordinates": [
                    [
                        [
                            36.23413611111111,
                            56.790683333333334
                        ],
                        [
                            36.23277222222222,
                            56.791866666666664
                        ],
                        [
                            36.233491666666666,
                            56.79203333333333
                        ],
                        [
                            36.23455277777778,
                            56.790749999999996
                        ],
                        [
                            36.23413611111111,
                            56.790683333333334
                        ]
                    ]
                ]
            },
            "properties": {
                "description": "\u0422\u0432\u0435\u0440\u0441\u043a\u0430\u044f \u043e\u0431\u043b\u0430\u0441\u0442\u044c -> \u0440\u0435\u043a\u0430 \u0412\u043e\u043b\u0433\u0430 (\u041a\u0430\u043b\u0438\u043d\u0438\u043d\u0441\u043a\u0438\u0439 \u0440\u0430\u0439\u043e\u043d):"
            }
        },
        {
            "type": "Feature",
            "geometry": {
                "type": "Polygon",
                "coordinates": [
                    [
                        [
                            36.243575,
                            56.77871111111111
                        ],
                        [
                            36.24231944444445,
                            56.779088888888886
                        ],
                        [
                            36.24234444444445,
                            56.779716666666666
                        ],
                        [
                            36.243883333333336,
                            56.77921111111111
                        ],
                        [
                            36.243575,
                            56.77871111111111
                        ]
                    ]
                ]
            },
            "properties": {
                "description": "\u0422\u0432\u0435\u0440\u0441\u043a\u0430\u044f \u043e\u0431\u043b\u0430\u0441\u0442\u044c -> \u0440\u0435\u043a\u0430 \u0412\u043e\u043b\u0433\u0430 (\u041a\u0430\u043b\u0438\u043d\u0438\u043d\u0441\u043a\u0438\u0439 \u0440\u0430\u0439\u043e\u043d):"
            }
        },
        {
            "type": "Feature",
            "geometry": {
                "type": "Polygon",
                "coordinates": [
                    [
                        [
                            36.36218888888889,
                            56.76075
                        ],
                        [
                            36.36262777777778,
                            56.76133611111111
                        ],
                        [
                            36.36336388888889,
                            56.761275
                        ],
                        [
                            36.36314166666667,
                            56.760266666666666
                        ],
                        [
                            36.36218888888889,
                            56.76075
                        ]
                    ]
                ]
            },
            "properties": {
                "description": "\u0422\u0432\u0435\u0440\u0441\u043a\u0430\u044f \u043e\u0431\u043b\u0430\u0441\u0442\u044c -> \u0440\u0435\u043a\u0430 \u0412\u043e\u043b\u0433\u0430 (\u041a\u0430\u043b\u0438\u043d\u0438\u043d\u0441\u043a\u0438\u0439 \u0440\u0430\u0439\u043e\u043d):"
            }
        },
        {
            "type": "Feature",
            "geometry": {
                "type": "Polygon",
                "coordinates": [
                    [
                        [
                            36.184886111111105,
                            56.79526111111111
                        ],
                        [
                            36.18160555555556,
                            56.803397222222216
                        ],
                        [
                            36.184886111111105,
                            56.79526111111111
                        ]
                    ]
                ]
            },
            "properties": {
                "description": "\u0422\u0432\u0435\u0440\u0441\u043a\u0430\u044f \u043e\u0431\u043b\u0430\u0441\u0442\u044c -> \u0440\u0435\u043a\u0430 \u041e\u0440\u0448\u0430 (\u041a\u0430\u043b\u0438\u043d\u0438\u043d\u0441\u043a\u0438\u0439 \u0440\u0430\u0439\u043e\u043d):"
            }
        },
        {
            "type": "Feature",
            "geometry": {
                "type": "Polygon",
                "coordinates": [
                    [
                        [
                            35.26538611111111,
                            56.90276111111111
                        ],
                        [
                            35.265188888888886,
                            56.90297777777778
                        ],
                        [
                            35.26898611111111,
                            56.903194444444445
                        ],
                        [
                            35.26871111111111,
                            56.903
                        ],
                        [
                            35.26538611111111,
                            56.90276111111111
                        ]
                    ]
                ]
            },
            "properties": {
                "description": "\u0422\u0432\u0435\u0440\u0441\u043a\u0430\u044f \u043e\u0431\u043b\u0430\u0441\u0442\u044c -> \u0440\u0435\u043a\u0430 \u0422\u0432\u0435\u0440\u0446\u0430 (\u041a\u0430\u043b\u0438\u043d\u0438\u043d\u0441\u043a\u0438\u0439 \u0440\u0430\u0439\u043e\u043d):"
            }
        },
        {
            "type": "Feature",
            "geometry": {
                "type": "Polygon",
                "coordinates": [
                    [
                        [
                            35.488,
                            56.936391666666665
                        ],
                        [
                            35.48821944444445,
                            56.93615
                        ],
                        [
                            35.485286111111115,
                            56.93446944444444
                        ],
                        [
                            35.488,
                            56.936391666666665
                        ]
                    ]
                ]
            },
            "properties": {
                "description": "\u0422\u0432\u0435\u0440\u0441\u043a\u0430\u044f \u043e\u0431\u043b\u0430\u0441\u0442\u044c -> \u0440\u0435\u043a\u0430 \u0422\u0432\u0435\u0440\u0446\u0430 (\u041a\u0430\u043b\u0438\u043d\u0438\u043d\u0441\u043a\u0438\u0439 \u0440\u0430\u0439\u043e\u043d):"
            }
        },
        {
            "type": "Feature",
            "geometry": {
                "type": "Polygon",
                "coordinates": [
                    [
                        [
                            35.57821666666667,
                            56.965275000000005
                        ],
                        [
                            35.57576944444445,
                            56.966211111111114
                        ],
                        [
                            35.579322222222224,
                            56.96521666666667
                        ],
                        [
                            35.57821666666667,
                            56.965275000000005
                        ]
                    ]
                ]
            },
            "properties": {
                "description": "\u0422\u0432\u0435\u0440\u0441\u043a\u0430\u044f \u043e\u0431\u043b\u0430\u0441\u0442\u044c -> \u0440\u0435\u043a\u0430 \u0422\u0432\u0435\u0440\u0446\u0430 (\u041a\u0430\u043b\u0438\u043d\u0438\u043d\u0441\u043a\u0438\u0439 \u0440\u0430\u0439\u043e\u043d):"
            }
        },
        {
            "type": "Feature",
            "geometry": {
                "type": "Polygon",
                "coordinates": [
                    [
                        [
                            35.87748611111111,
                            56.94296388888888
                        ],
                        [
                            35.877338888888886,
                            56.94324444444444
                        ],
                        [
                            35.880497222222225,
                            56.943324999999994
                        ],
                        [
                            35.88024166666667,
                            56.94308611111111
                        ],
                        [
                            35.87748611111111,
                            56.94296388888888
                        ]
                    ]
                ]
            },
            "properties": {
                "description": "\u0422\u0432\u0435\u0440\u0441\u043a\u0430\u044f \u043e\u0431\u043b\u0430\u0441\u0442\u044c -> \u0440\u0435\u043a\u0430 \u0422\u0432\u0435\u0440\u0446\u0430 (\u041a\u0430\u043b\u0438\u043d\u0438\u043d\u0441\u043a\u0438\u0439 \u0440\u0430\u0439\u043e\u043d):"
            }
        },
        {
            "type": "Feature",
            "geometry": {
                "type": "Polygon",
                "coordinates": [
                    [
                        [
                            35.921425,
                            56.896547222222225
                        ],
                        [
                            35.92303611111111,
                            56.89966388888889
                        ],
                        [
                            35.923402777777774,
                            56.89966388888889
                        ],
                        [
                            35.92171944444444,
                            56.89650833333333
                        ],
                        [
                            35.921425,
                            56.896547222222225
                        ]
                    ]
                ]
            },
            "properties": {
                "description": "\u0422\u0432\u0435\u0440\u0441\u043a\u0430\u044f \u043e\u0431\u043b\u0430\u0441\u0442\u044c -> \u0440\u0435\u043a\u0430 \u0422\u0432\u0435\u0440\u0446\u0430 (\u041a\u0430\u043b\u0438\u043d\u0438\u043d\u0441\u043a\u0438\u0439 \u0440\u0430\u0439\u043e\u043d):"
            }
        },
        {
            "type": "Feature",
            "geometry": {
                "type": "Polygon",
                "coordinates": [
                    [
                        [
                            35.75492222222222,
                            56.93976111111111
                        ],
                        [
                            35.756147222222225,
                            56.93987222222222
                        ],
                        [
                            35.756616666666666,
                            56.94018611111111
                        ],
                        [
                            35.7565,
                            56.93980555555555
                        ],
                        [
                            35.75793888888889,
                            56.93943611111111
                        ],
                        [
                            35.75492222222222,
                            56.93976111111111
                        ]
                    ]
                ]
            },
            "properties": {
                "description": "\u0422\u0432\u0435\u0440\u0441\u043a\u0430\u044f \u043e\u0431\u043b\u0430\u0441\u0442\u044c -> \u0440\u0435\u043a\u0430 \u0422\u0432\u0435\u0440\u0446\u0430 (\u041a\u0430\u043b\u0438\u043d\u0438\u043d\u0441\u043a\u0438\u0439 \u0440\u0430\u0439\u043e\u043d):"
            }
        },
        {
            "type": "Feature",
            "geometry": {
                "type": "Polygon",
                "coordinates": [
                    [
                        [
                            35.561949999999996,
                            56.86958055555556
                        ],
                        [
                            35.557180555555554,
                            56.871769444444446
                        ],
                        [
                            35.55231944444444,
                            56.871583333333334
                        ],
                        [
                            35.55426388888888,
                            56.871919444444444
                        ],
                        [
                            35.55726111111111,
                            56.872
                        ],
                        [
                            35.562530555555554,
                            56.86989444444445
                        ],
                        [
                            35.561949999999996,
                            56.86958055555556
                        ]
                    ]
                ]
            },
            "properties": {
                "description": "\u0422\u0432\u0435\u0440\u0441\u043a\u0430\u044f \u043e\u0431\u043b\u0430\u0441\u0442\u044c -> \u0440\u0435\u043a\u0430 \u0422\u044c\u043c\u0430 (\u041a\u0430\u043b\u0438\u043d\u0438\u043d\u0441\u043a\u0438\u0439 \u0440\u0430\u0439\u043e\u043d):"
            }
        },
        {
            "type": "Feature",
            "geometry": {
                "type": "Polygon",
                "coordinates": [
                    [
                        [
                            35.662869444444446,
                            56.84728888888889
                        ],
                        [
                            35.65978333333333,
                            56.847947222222224
                        ],
                        [
                            35.660075,
                            56.84813611111112
                        ],
                        [
                            35.663644444444444,
                            56.84738055555556
                        ],
                        [
                            35.662869444444446,
                            56.84728888888889
                        ]
                    ]
                ]
            },
            "properties": {
                "description": "\u0422\u0432\u0435\u0440\u0441\u043a\u0430\u044f \u043e\u0431\u043b\u0430\u0441\u0442\u044c -> \u0440\u0435\u043a\u0430 \u0422\u044c\u043c\u0430 (\u041a\u0430\u043b\u0438\u043d\u0438\u043d\u0441\u043a\u0438\u0439 \u0440\u0430\u0439\u043e\u043d):"
            }
        },
        {
            "type": "Feature",
            "geometry": {
                "type": "Polygon",
                "coordinates": [
                    [
                        [
                            35.41084444444444,
                            56.876275
                        ],
                        [
                            35.411024999999995,
                            56.877852777777775
                        ],
                        [
                            35.41165,
                            56.878236111111114
                        ],
                        [
                            35.411175,
                            56.87629444444445
                        ],
                        [
                            35.41084444444444,
                            56.876275
                        ]
                    ]
                ]
            },
            "properties": {
                "description": "\u0422\u0432\u0435\u0440\u0441\u043a\u0430\u044f \u043e\u0431\u043b\u0430\u0441\u0442\u044c -> \u0440\u0435\u043a\u0430 \u0422\u044c\u043c\u0430 (\u041a\u0430\u043b\u0438\u043d\u0438\u043d\u0441\u043a\u0438\u0439 \u0440\u0430\u0439\u043e\u043d):"
            }
        },
        {
            "type": "Feature",
            "geometry": {
                "type": "Polygon",
                "coordinates": [
                    [
                        [
                            35.81915277777778,
                            56.82155277777778
                        ],
                        [
                            35.77491944444444,
                            56.81015
                        ],
                        [
                            35.81915277777778,
                            56.82155277777778
                        ]
                    ]
                ]
            },
            "properties": {
                "description": "\u0422\u0432\u0435\u0440\u0441\u043a\u0430\u044f \u043e\u0431\u043b\u0430\u0441\u0442\u044c -> \u0440\u0435\u043a\u0430 \u0422\u044c\u043c\u0430\u043a\u0430 (\u041a\u0430\u043b\u0438\u043d\u0438\u043d\u0441\u043a\u0438\u0439 \u0440\u0430\u0439\u043e\u043d):"
            }
        },
        {
            "type": "Feature",
            "geometry": {
                "type": "Polygon",
                "coordinates": [
                    [
                        [
                            35.78046388888889,
                            56.789677777777776
                        ],
                        [
                            35.7793,
                            56.790791666666664
                        ],
                        [
                            35.78060555555555,
                            56.79002222222222
                        ],
                        [
                            35.78046388888889,
                            56.789677777777776
                        ]
                    ]
                ]
            },
            "properties": {
                "description": "\u0422\u0432\u0435\u0440\u0441\u043a\u0430\u044f \u043e\u0431\u043b\u0430\u0441\u0442\u044c -> \u0440\u0435\u043a\u0430 \u0422\u044c\u043c\u0430\u043a\u0430 (\u041a\u0430\u043b\u0438\u043d\u0438\u043d\u0441\u043a\u0438\u0439 \u0440\u0430\u0439\u043e\u043d):"
            }
        },
        {
            "type": "Feature",
            "geometry": {
                "type": "Polygon",
                "coordinates": [
                    [
                        [
                            35.68035555555555,
                            56.72895277777778
                        ],
                        [
                            35.68043333333333,
                            56.72958055555556
                        ],
                        [
                            35.68094722222222,
                            56.729886111111114
                        ],
                        [
                            35.68035555555555,
                            56.72895277777778
                        ]
                    ]
                ]
            },
            "properties": {
                "description": "\u0422\u0432\u0435\u0440\u0441\u043a\u0430\u044f \u043e\u0431\u043b\u0430\u0441\u0442\u044c -> \u0440\u0435\u043a\u0430 \u0422\u044c\u043c\u0430\u043a\u0430 (\u041a\u0430\u043b\u0438\u043d\u0438\u043d\u0441\u043a\u0438\u0439 \u0440\u0430\u0439\u043e\u043d):"
            }
        },
        {
            "type": "Feature",
            "geometry": {
                "type": "Polygon",
                "coordinates": [
                    [
                        [
                            35.632133333333336,
                            56.717866666666666
                        ],
                        [
                            35.633227777777776,
                            56.71919166666667
                        ],
                        [
                            35.63313055555555,
                            56.7188
                        ],
                        [
                            35.63236944444444,
                            56.71778333333334
                        ],
                        [
                            35.632133333333336,
                            56.717866666666666
                        ]
                    ]
                ]
            },
            "properties": {
                "description": "\u0422\u0432\u0435\u0440\u0441\u043a\u0430\u044f \u043e\u0431\u043b\u0430\u0441\u0442\u044c -> \u0440\u0435\u043a\u0430 \u0422\u044c\u043c\u0430\u043a\u0430 (\u041a\u0430\u043b\u0438\u043d\u0438\u043d\u0441\u043a\u0438\u0439 \u0440\u0430\u0439\u043e\u043d):"
            }
        },
        {
            "type": "Feature",
            "geometry": {
                "type": "Polygon",
                "coordinates": [
                    [
                        [
                            35.71735,
                            56.637344444444444
                        ],
                        [
                            35.719208333333334,
                            56.638355555555556
                        ],
                        [
                            35.72069166666667,
                            56.63764166666667
                        ],
                        [
                            35.71938611111111,
                            56.63708611111111
                        ],
                        [
                            35.71735,
                            56.637344444444444
                        ]
                    ]
                ]
            },
            "properties": {
                "description": "\u0422\u0432\u0435\u0440\u0441\u043a\u0430\u044f \u043e\u0431\u043b\u0430\u0441\u0442\u044c -> \u043e\u0437\u0435\u0440\u043e \u0428\u0435\u0439\u043d\u043e (\u041a\u0430\u043b\u0438\u043d\u0438\u043d\u0441\u043a\u0438\u0439 \u0440\u0430\u0439\u043e\u043d):"
            }
        },
        {
            "type": "Feature",
            "geometry": {
                "type": "Polygon",
                "coordinates": [
                    [
                        [
                            35.87542777777778,
                            56.760330555555555
                        ],
                        [
                            35.84473333333334,
                            56.76134166666667
                        ],
                        [
                            35.87542777777778,
                            56.760330555555555
                        ]
                    ]
                ]
            },
            "properties": {
                "description": "\u0422\u0432\u0435\u0440\u0441\u043a\u0430\u044f \u043e\u0431\u043b\u0430\u0441\u0442\u044c -> \u0440\u0435\u043a\u0430 \u041a\u0440\u0430\u043f\u0438\u0432\u043d\u044f (\u041a\u0430\u043b\u0438\u043d\u0438\u043d\u0441\u043a\u0438\u0439 \u0440\u0430\u0439\u043e\u043d):"
            }
        },
        {
            "type": "Feature",
            "geometry": {
                "type": "Polygon",
                "coordinates": [
                    [
                        [
                            35.91779444444444,
                            56.761247222222224
                        ],
                        [
                            35.88662222222222,
                            56.759908333333335
                        ],
                        [
                            35.91779444444444,
                            56.761247222222224
                        ]
                    ]
                ]
            },
            "properties": {
                "description": "\u0422\u0432\u0435\u0440\u0441\u043a\u0430\u044f \u043e\u0431\u043b\u0430\u0441\u0442\u044c -> \u0440\u0435\u043a\u0430 \u041a\u0440\u0430\u043f\u0438\u0432\u043d\u044f (\u041a\u0430\u043b\u0438\u043d\u0438\u043d\u0441\u043a\u0438\u0439 \u0440\u0430\u0439\u043e\u043d):"
            }
        },
        {
            "type": "Feature",
            "geometry": {
                "type": "Polygon",
                "coordinates": [
                    [
                        [
                            35.78063888888889,
                            56.79002222222222
                        ],
                        [
                            35.79506666666666,
                            56.785266666666665
                        ],
                        [
                            35.78063888888889,
                            56.79002222222222
                        ]
                    ]
                ]
            },
            "properties": {
                "description": "\u0422\u0432\u0435\u0440\u0441\u043a\u0430\u044f \u043e\u0431\u043b\u0430\u0441\u0442\u044c -> \u0440\u0435\u043a\u0430 \u041a\u0440\u0430\u043f\u0438\u0432\u043d\u044f (\u041a\u0430\u043b\u0438\u043d\u0438\u043d\u0441\u043a\u0438\u0439 \u0440\u0430\u0439\u043e\u043d):"
            }
        },
        {
            "type": "Feature",
            "geometry": {
                "type": "Polygon",
                "coordinates": [
                    [
                        [
                            36.07323055555556,
                            56.678999999999995
                        ],
                        [
                            36.06881666666667,
                            56.674905555555554
                        ],
                        [
                            36.07323055555556,
                            56.678999999999995
                        ]
                    ]
                ]
            },
            "properties": {
                "description": "\u0422\u0432\u0435\u0440\u0441\u043a\u0430\u044f \u043e\u0431\u043b\u0430\u0441\u0442\u044c -> \u0440\u0435\u043a\u0430 \u0418\u043d\u044e\u0445\u0430 (\u041a\u0430\u043b\u0438\u043d\u0438\u043d\u0441\u043a\u0438\u0439 \u0440\u0430\u0439\u043e\u043d):"
            }
        },
        {
            "type": "Feature",
            "geometry": {
                "type": "Polygon",
                "coordinates": [
                    [
                        [
                            37.630833333333335,
                            57.14944444444444
                        ],
                        [
                            37.644999999999996,
                            57.14388888888889
                        ],
                        [
                            37.63916666666667,
                            57.13305555555556
                        ],
                        [
                            37.617222222222225,
                            57.12222222222222
                        ],
                        [
                            35.585,
                            57.12027777777778
                        ],
                        [
                            37.630833333333335,
                            57.14944444444444
                        ]
                    ]
                ]
            },
            "properties": {
                "description": "\u0422\u0432\u0435\u0440\u0441\u043a\u0430\u044f \u043e\u0431\u043b\u0430\u0441\u0442\u044c -> \u0423\u0433\u043b\u0438\u0447\u0441\u043a\u043e\u0435 \u0432\u043e\u0434\u043e\u0445\u0440\u0430\u043d\u0438\u043b\u0438\u0449\u0435 (\u041a\u0430\u0448\u0438\u043d\u0441\u043a\u0438\u0439 \u0440\u0430\u0439\u043e\u043d):"
            }
        },
        {
            "type": "Feature",
            "geometry": {
                "type": "Polygon",
                "coordinates": [
                    [
                        [
                            37.625277777777775,
                            57.16083333333333
                        ],
                        [
                            37.635555555555555,
                            57.159166666666664
                        ],
                        [
                            37.626111111111115,
                            57.14416666666666
                        ],
                        [
                            37.59777777777778,
                            57.14055555555556
                        ],
                        [
                            37.6,
                            57.14833333333333
                        ],
                        [
                            37.606944444444444,
                            57.15694444444444
                        ],
                        [
                            37.625277777777775,
                            57.16083333333333
                        ]
                    ]
                ]
            },
            "properties": {
                "description": "\u0422\u0432\u0435\u0440\u0441\u043a\u0430\u044f \u043e\u0431\u043b\u0430\u0441\u0442\u044c -> \u0423\u0433\u043b\u0438\u0447\u0441\u043a\u043e\u0435 \u0432\u043e\u0434\u043e\u0445\u0440\u0430\u043d\u0438\u043b\u0438\u0449\u0435 (\u041a\u0430\u0448\u0438\u043d\u0441\u043a\u0438\u0439 \u0440\u0430\u0439\u043e\u043d):"
            }
        },
        {
            "type": "Feature",
            "geometry": {
                "type": "Polygon",
                "coordinates": [
                    [
                        [
                            37.711666666666666,
                            57.23861111111111
                        ],
                        [
                            37.724722222222226,
                            57.23111111111111
                        ],
                        [
                            37.72527777777778,
                            57.22638888888889
                        ],
                        [
                            37.71666666666667,
                            57.220555555555556
                        ],
                        [
                            37.711666666666666,
                            57.230000000000004
                        ],
                        [
                            37.711666666666666,
                            57.23861111111111
                        ]
                    ]
                ]
            },
            "properties": {
                "description": "\u0422\u0432\u0435\u0440\u0441\u043a\u0430\u044f \u043e\u0431\u043b\u0430\u0441\u0442\u044c -> \u0423\u0433\u043b\u0438\u0447\u0441\u043a\u043e\u0435 \u0432\u043e\u0434\u043e\u0445\u0440\u0430\u043d\u0438\u043b\u0438\u0449\u0435 (\u041a\u0430\u0448\u0438\u043d\u0441\u043a\u0438\u0439 \u0440\u0430\u0439\u043e\u043d):"
            }
        },
        {
            "type": "Feature",
            "geometry": {
                "type": "Polygon",
                "coordinates": [
                    [
                        [
                            38.00666666666667,
                            57.33972222222222
                        ],
                        [
                            38.0025,
                            57.33361111111111
                        ],
                        [
                            38.00083333333333,
                            57.335
                        ],
                        [
                            38.003055555555555,
                            57.33722222222222
                        ],
                        [
                            38.00666666666667,
                            57.33972222222222
                        ]
                    ]
                ]
            },
            "properties": {
                "description": "\u0422\u0432\u0435\u0440\u0441\u043a\u0430\u044f \u043e\u0431\u043b\u0430\u0441\u0442\u044c -> \u0423\u0433\u043b\u0438\u0447\u0441\u043a\u043e\u0435 \u0432\u043e\u0434\u043e\u0445\u0440\u0430\u043d\u0438\u043b\u0438\u0449\u0435 (\u041a\u0430\u0448\u0438\u043d\u0441\u043a\u0438\u0439 \u0440\u0430\u0439\u043e\u043d):"
            }
        },
        {
            "type": "Feature",
            "geometry": {
                "type": "Polygon",
                "coordinates": [
                    [
                        [
                            37.94,
                            57.30277777777778
                        ],
                        [
                            37.9475,
                            57.30333333333333
                        ],
                        [
                            37.92333333333333,
                            57.31944444444445
                        ],
                        [
                            37.924166666666665,
                            57.31944444444445
                        ],
                        [
                            37.94,
                            57.30277777777778
                        ]
                    ]
                ]
            },
            "properties": {
                "description": "\u0422\u0432\u0435\u0440\u0441\u043a\u0430\u044f \u043e\u0431\u043b\u0430\u0441\u0442\u044c -> \u0440\u0435\u043a\u0430 \u041d\u0435\u0440\u0435\u0445\u0442\u0430 (\u041a\u0430\u0448\u0438\u043d\u0441\u043a\u0438\u0439 \u0440\u0430\u0439\u043e\u043d):"
            }
        },
        {
            "type": "Feature",
            "geometry": {
                "type": "Polygon",
                "coordinates": [
                    [
                        [
                            38.00666666666667,
                            57.33972222222222
                        ],
                        [
                            38.00972222222222,
                            57.34055555555556
                        ],
                        [
                            37.99583333333334,
                            57.343333333333334
                        ],
                        [
                            37.99638888888889,
                            57.51027777777778
                        ],
                        [
                            38.00666666666667,
                            57.33972222222222
                        ]
                    ]
                ]
            },
            "properties": {
                "description": "\u0422\u0432\u0435\u0440\u0441\u043a\u0430\u044f \u043e\u0431\u043b\u0430\u0441\u0442\u044c -> \u0440\u0435\u043a\u0430 \u041e\u0441\u0435\u043d\u0435\u0432\u0441\u043a\u0430\u044f (\u041a\u0430\u0448\u0438\u043d\u0441\u043a\u0438\u0439 \u0440\u0430\u0439\u043e\u043d):"
            }
        },
        {
            "type": "Feature",
            "geometry": {
                "type": "Polygon",
                "coordinates": [
                    [
                        [
                            37.722500000000004,
                            57.26583333333333
                        ],
                        [
                            37.72416666666667,
                            57.272777777777776
                        ],
                        [
                            37.6725,
                            57.30333333333333
                        ],
                        [
                            37.67444444444444,
                            57.30472222222222
                        ],
                        [
                            37.722500000000004,
                            57.26583333333333
                        ]
                    ]
                ]
            },
            "properties": {
                "description": "\u0422\u0432\u0435\u0440\u0441\u043a\u0430\u044f \u043e\u0431\u043b\u0430\u0441\u0442\u044c -> \u0440\u0435\u043a\u0430 \u041a\u0430\u0448\u0438\u043d\u043a\u0430 (\u041a\u0430\u0448\u0438\u043d\u0441\u043a\u0438\u0439 \u0440\u0430\u0439\u043e\u043d):"
            }
        },
        {
            "type": "Feature",
            "geometry": {
                "type": "Polygon",
                "coordinates": [
                    [
                        [
                            37.511944444444445,
                            57.06861111111112
                        ],
                        [
                            37.516666666666666,
                            57.07472222222223
                        ],
                        [
                            37.43138888888889,
                            57.22805555555556
                        ],
                        [
                            37.43333333333333,
                            57.22694444444445
                        ],
                        [
                            37.511944444444445,
                            57.06861111111112
                        ]
                    ]
                ]
            },
            "properties": {
                "description": "\u0422\u0432\u0435\u0440\u0441\u043a\u0430\u044f \u043e\u0431\u043b\u0430\u0441\u0442\u044c -> \u0440\u0435\u043a\u0430 \u041c\u0435\u0434\u0432\u0435\u0434\u0438\u0446\u0430 \u0441 \u0437\u0430\u043b\u0438\u0432\u0430\u043c\u0438 (\u041a\u0430\u0448\u0438\u043d\u0441\u043a\u0438\u0439 \u0438 \u041a\u0438\u043c\u0440\u0441\u043a\u0438\u0439 \u0440\u0430\u0439\u043e\u043d\u044b):"
            }
        },
        {
            "type": "Feature",
            "geometry": {
                "type": "Polygon",
                "coordinates": [
                    [
                        [
                            37.676944444444445,
                            57.15472222222222
                        ],
                        [
                            37.67805555555555,
                            57.15694444444444
                        ],
                        [
                            37.69,
                            57.154444444444444
                        ],
                        [
                            37.689722222222215,
                            57.15222222222222
                        ],
                        [
                            37.676944444444445,
                            57.15472222222222
                        ]
                    ]
                ]
            },
            "properties": {
                "description": "\u0422\u0432\u0435\u0440\u0441\u043a\u0430\u044f \u043e\u0431\u043b\u0430\u0441\u0442\u044c -> \u0423\u0433\u043b\u0438\u0447\u0441\u043a\u043e\u0435 \u0432\u043e\u0434\u043e\u0445\u0440\u0430\u043d\u0438\u043b\u0438\u0449\u0435 (\u041a\u0430\u043b\u044f\u0437\u0438\u043d\u0441\u043a\u0438\u0439 \u0440\u0430\u0439\u043e\u043d):"
            }
        },
        {
            "type": "Feature",
            "geometry": {
                "type": "Polygon",
                "coordinates": [
                    [
                        [
                            37.67444444444444,
                            57.144999999999996
                        ],
                        [
                            37.672777777777775,
                            57.14194444444444
                        ],
                        [
                            37.683055555555555,
                            57.13861111111111
                        ],
                        [
                            37.689166666666665,
                            57.14138888888889
                        ],
                        [
                            37.67444444444444,
                            57.144999999999996
                        ]
                    ]
                ]
            },
            "properties": {
                "description": "\u0422\u0432\u0435\u0440\u0441\u043a\u0430\u044f \u043e\u0431\u043b\u0430\u0441\u0442\u044c -> \u0423\u0433\u043b\u0438\u0447\u0441\u043a\u043e\u0435 \u0432\u043e\u0434\u043e\u0445\u0440\u0430\u043d\u0438\u043b\u0438\u0449\u0435 (\u041a\u0430\u043b\u044f\u0437\u0438\u043d\u0441\u043a\u0438\u0439 \u0440\u0430\u0439\u043e\u043d):"
            }
        },
        {
            "type": "Feature",
            "geometry": {
                "type": "Polygon",
                "coordinates": [
                    [
                        [
                            37.738055555555555,
                            57.221944444444446
                        ],
                        [
                            37.73722222222222,
                            57.221944444444446
                        ],
                        [
                            37.740833333333335,
                            57.218333333333334
                        ],
                        [
                            37.755833333333335,
                            57.219166666666666
                        ],
                        [
                            37.738055555555555,
                            57.221944444444446
                        ]
                    ]
                ]
            },
            "properties": {
                "description": "\u0422\u0432\u0435\u0440\u0441\u043a\u0430\u044f \u043e\u0431\u043b\u0430\u0441\u0442\u044c -> \u0423\u0433\u043b\u0438\u0447\u0441\u043a\u043e\u0435 \u0432\u043e\u0434\u043e\u0445\u0440\u0430\u043d\u0438\u043b\u0438\u0449\u0435 (\u041a\u0430\u043b\u044f\u0437\u0438\u043d\u0441\u043a\u0438\u0439 \u0440\u0430\u0439\u043e\u043d):"
            }
        },
        {
            "type": "Feature",
            "geometry": {
                "type": "Polygon",
                "coordinates": [
                    [
                        [
                            37.92222222222222,
                            57.284166666666664
                        ],
                        [
                            37.92638888888889,
                            57.28472222222222
                        ],
                        [
                            37.92666666666666,
                            57.279444444444444
                        ],
                        [
                            37.9175,
                            57.275555555555556
                        ],
                        [
                            37.92472222222222,
                            57.280277777777776
                        ],
                        [
                            37.92222222222222,
                            57.284166666666664
                        ]
                    ]
                ]
            },
            "properties": {
                "description": "\u0422\u0432\u0435\u0440\u0441\u043a\u0430\u044f \u043e\u0431\u043b\u0430\u0441\u0442\u044c -> \u0423\u0433\u043b\u0438\u0447\u0441\u043a\u043e\u0435 \u0432\u043e\u0434\u043e\u0445\u0440\u0430\u043d\u0438\u043b\u0438\u0449\u0435 (\u041a\u0430\u043b\u044f\u0437\u0438\u043d\u0441\u043a\u0438\u0439 \u0440\u0430\u0439\u043e\u043d):"
            }
        },
        {
            "type": "Feature",
            "geometry": {
                "type": "Polygon",
                "coordinates": [
                    [
                        [
                            37.99444444444445,
                            57.29388888888889
                        ],
                        [
                            37.99638888888889,
                            57.29222222222222
                        ],
                        [
                            37.99194444444444,
                            57.286944444444444
                        ],
                        [
                            38.005833333333335,
                            57.28111111111111
                        ],
                        [
                            38.01583333333333,
                            57.27611111111111
                        ],
                        [
                            38.00361111111111,
                            57.26861111111111
                        ],
                        [
                            38.98722222222222,
                            57.275277777777774
                        ],
                        [
                            37.9925,
                            57.28333333333333
                        ],
                        [
                            37.986666666666665,
                            57.28111111111111
                        ],
                        [
                            37.98638888888889,
                            57.28527777777778
                        ],
                        [
                            37.984722222222224,
                            57.288333333333334
                        ],
                        [
                            37.98694444444445,
                            57.29361111111111
                        ],
                        [
                            37.99444444444445,
                            57.29388888888889
                        ]
                    ]
                ]
            },
            "properties": {
                "description": "\u0422\u0432\u0435\u0440\u0441\u043a\u0430\u044f \u043e\u0431\u043b\u0430\u0441\u0442\u044c -> \u0423\u0433\u043b\u0438\u0447\u0441\u043a\u043e\u0435 \u0432\u043e\u0434\u043e\u0445\u0440\u0430\u043d\u0438\u043b\u0438\u0449\u0435 (\u041a\u0430\u043b\u044f\u0437\u0438\u043d\u0441\u043a\u0438\u0439 \u0440\u0430\u0439\u043e\u043d):"
            }
        },
        {
            "type": "Feature",
            "geometry": {
                "type": "Polygon",
                "coordinates": [
                    [
                        [
                            38.01916666666666,
                            57.31027777777778
                        ],
                        [
                            38.02444444444444,
                            57.31055555555555
                        ],
                        [
                            38.02444444444444,
                            57.305277777777775
                        ],
                        [
                            38.0225,
                            57.309999999999995
                        ],
                        [
                            38.019444444444446,
                            57.31027777777778
                        ],
                        [
                            38.01916666666666,
                            57.31027777777778
                        ]
                    ]
                ]
            },
            "properties": {
                "description": "\u0422\u0432\u0435\u0440\u0441\u043a\u0430\u044f \u043e\u0431\u043b\u0430\u0441\u0442\u044c -> \u0423\u0433\u043b\u0438\u0447\u0441\u043a\u043e\u0435 \u0432\u043e\u0434\u043e\u0445\u0440\u0430\u043d\u0438\u043b\u0438\u0449\u0435 (\u041a\u0430\u043b\u044f\u0437\u0438\u043d\u0441\u043a\u0438\u0439 \u0440\u0430\u0439\u043e\u043d):"
            }
        },
        {
            "type": "Feature",
            "geometry": {
                "type": "Polygon",
                "coordinates": [
                    [
                        [
                            38.03111111111111,
                            57.33416666666667
                        ],
                        [
                            38.03861111111111,
                            57.334722222222226
                        ],
                        [
                            38.04138888888889,
                            57.33305555555556
                        ],
                        [
                            38.04805555555556,
                            57.330000000000005
                        ],
                        [
                            38.04888888888889,
                            57.32694444444445
                        ],
                        [
                            38.035555555555554,
                            57.33222222222223
                        ],
                        [
                            38.03722222222222,
                            57.32694444444445
                        ],
                        [
                            38.03055555555555,
                            57.331388888888895
                        ],
                        [
                            38.03111111111111,
                            57.33416666666667
                        ]
                    ]
                ]
            },
            "properties": {
                "description": "\u0422\u0432\u0435\u0440\u0441\u043a\u0430\u044f \u043e\u0431\u043b\u0430\u0441\u0442\u044c -> \u0423\u0433\u043b\u0438\u0447\u0441\u043a\u043e\u0435 \u0432\u043e\u0434\u043e\u0445\u0440\u0430\u043d\u0438\u043b\u0438\u0449\u0435 (\u041a\u0430\u043b\u044f\u0437\u0438\u043d\u0441\u043a\u0438\u0439 \u0440\u0430\u0439\u043e\u043d):"
            }
        },
        {
            "type": "Feature",
            "geometry": {
                "type": "Polygon",
                "coordinates": [
                    [
                        [
                            38.0625,
                            57.338055555555556
                        ],
                        [
                            38.066111111111105,
                            57.33777777777778
                        ],
                        [
                            38.06888888888889,
                            57.333333333333336
                        ],
                        [
                            38.066111111111105,
                            57.33166666666667
                        ],
                        [
                            38.058055555555555,
                            57.33583333333333
                        ],
                        [
                            38.0625,
                            57.338055555555556
                        ]
                    ]
                ]
            },
            "properties": {
                "description": "\u0422\u0432\u0435\u0440\u0441\u043a\u0430\u044f \u043e\u0431\u043b\u0430\u0441\u0442\u044c -> \u0423\u0433\u043b\u0438\u0447\u0441\u043a\u043e\u0435 \u0432\u043e\u0434\u043e\u0445\u0440\u0430\u043d\u0438\u043b\u0438\u0449\u0435 (\u041a\u0430\u043b\u044f\u0437\u0438\u043d\u0441\u043a\u0438\u0439 \u0440\u0430\u0439\u043e\u043d):"
            }
        },
        {
            "type": "Feature",
            "geometry": {
                "type": "Polygon",
                "coordinates": [
                    [
                        [
                            38.04944444444444,
                            57.345555555555556
                        ],
                        [
                            38.04111111111111,
                            57.34055555555556
                        ],
                        [
                            38.04694444444444,
                            57.34111111111111
                        ],
                        [
                            38.04944444444444,
                            57.345555555555556
                        ]
                    ]
                ]
            },
            "properties": {
                "description": "\u0422\u0432\u0435\u0440\u0441\u043a\u0430\u044f \u043e\u0431\u043b\u0430\u0441\u0442\u044c -> \u0423\u0433\u043b\u0438\u0447\u0441\u043a\u043e\u0435 \u0432\u043e\u0434\u043e\u0445\u0440\u0430\u043d\u0438\u043b\u0438\u0449\u0435 (\u041a\u0430\u043b\u044f\u0437\u0438\u043d\u0441\u043a\u0438\u0439 \u0440\u0430\u0439\u043e\u043d):"
            }
        },
        {
            "type": "Feature",
            "geometry": {
                "type": "Polygon",
                "coordinates": [
                    [
                        [
                            38.09861111111111,
                            57.33277777777778
                        ],
                        [
                            38.10805555555556,
                            57.33361111111111
                        ],
                        [
                            38.10638888888889,
                            57.331388888888895
                        ],
                        [
                            38.09777777777778,
                            57.32472222222223
                        ],
                        [
                            38.09583333333334,
                            57.32277777777778
                        ],
                        [
                            38.09861111111111,
                            57.33277777777778
                        ]
                    ]
                ]
            },
            "properties": {
                "description": "\u0422\u0432\u0435\u0440\u0441\u043a\u0430\u044f \u043e\u0431\u043b\u0430\u0441\u0442\u044c -> \u0423\u0433\u043b\u0438\u0447\u0441\u043a\u043e\u0435 \u0432\u043e\u0434\u043e\u0445\u0440\u0430\u043d\u0438\u043b\u0438\u0449\u0435 (\u041a\u0430\u043b\u044f\u0437\u0438\u043d\u0441\u043a\u0438\u0439 \u0440\u0430\u0439\u043e\u043d):"
            }
        },
        {
            "type": "Feature",
            "geometry": {
                "type": "Polygon",
                "coordinates": [
                    [
                        [
                            37.81444444444444,
                            57.259166666666665
                        ],
                        [
                            37.81944444444445,
                            57.25611111111111
                        ],
                        [
                            37.785,
                            57.256388888888885
                        ],
                        [
                            37.759166666666665,
                            57.2525
                        ],
                        [
                            37.76972222222222,
                            57.25666666666667
                        ],
                        [
                            37.782777777777774,
                            57.25861111111111
                        ],
                        [
                            37.81444444444444,
                            57.259166666666665
                        ]
                    ]
                ]
            },
            "properties": {
                "description": "\u0422\u0432\u0435\u0440\u0441\u043a\u0430\u044f \u043e\u0431\u043b\u0430\u0441\u0442\u044c -> \u0423\u0433\u043b\u0438\u0447\u0441\u043a\u043e\u0435 \u0432\u043e\u0434\u043e\u0445\u0440\u0430\u043d\u0438\u043b\u0438\u0449\u0435 (\u041a\u0430\u043b\u044f\u0437\u0438\u043d\u0441\u043a\u0438\u0439 \u0440\u0430\u0439\u043e\u043d):"
            }
        },
        {
            "type": "Feature",
            "geometry": {
                "type": "Polygon",
                "coordinates": [
                    [
                        [
                            37.76888888888889,
                            57.263333333333335
                        ],
                        [
                            37.76972222222222,
                            57.26694444444444
                        ],
                        [
                            37.74,
                            57.26916666666666
                        ],
                        [
                            37.74166666666667,
                            57.27472222222222
                        ],
                        [
                            37.74944444444444,
                            57.280277777777776
                        ],
                        [
                            37.76916666666666,
                            57.28333333333333
                        ],
                        [
                            37.7925,
                            57.272777777777776
                        ],
                        [
                            37.79083333333333,
                            57.26361111111111
                        ],
                        [
                            37.76888888888889,
                            57.263333333333335
                        ]
                    ]
                ]
            },
            "properties": {
                "description": "\u0422\u0432\u0435\u0440\u0441\u043a\u0430\u044f \u043e\u0431\u043b\u0430\u0441\u0442\u044c -> \u0423\u0433\u043b\u0438\u0447\u0441\u043a\u043e\u0435 \u0432\u043e\u0434\u043e\u0445\u0440\u0430\u043d\u0438\u043b\u0438\u0449\u0435 (\u041a\u0430\u043b\u044f\u0437\u0438\u043d\u0441\u043a\u0438\u0439 \u0440\u0430\u0439\u043e\u043d):"
            }
        },
        {
            "type": "Feature",
            "geometry": {
                "type": "Polygon",
                "coordinates": [
                    [
                        [
                            37.671388888888885,
                            57.17472222222222
                        ],
                        [
                            37.67444444444444,
                            57.15694444444444
                        ],
                        [
                            37.65888888888889,
                            57.15083333333333
                        ],
                        [
                            37.655833333333334,
                            57.165
                        ],
                        [
                            37.671388888888885,
                            57.17472222222222
                        ]
                    ]
                ]
            },
            "properties": {
                "description": "\u0422\u0432\u0435\u0440\u0441\u043a\u0430\u044f \u043e\u0431\u043b\u0430\u0441\u0442\u044c -> \u0423\u0433\u043b\u0438\u0447\u0441\u043a\u043e\u0435 \u0432\u043e\u0434\u043e\u0445\u0440\u0430\u043d\u0438\u043b\u0438\u0449\u0435 (\u041a\u0430\u043b\u044f\u0437\u0438\u043d\u0441\u043a\u0438\u0439 \u0440\u0430\u0439\u043e\u043d): 3 . 57\u00b008'42\" \u0441.\u0448. 37\u00b040'11\" \u0432.\u0434."
            }
        },
        {
            "type": "Feature",
            "geometry": {
                "type": "Polygon",
                "coordinates": [
                    [
                        [
                            37.87416666666667,
                            57.221111111111114
                        ],
                        [
                            37.88027777777778,
                            57.22
                        ],
                        [
                            37.9975,
                            57.17305555555555
                        ],
                        [
                            37.9975,
                            57.17388888888889
                        ],
                        [
                            37.87416666666667,
                            57.221111111111114
                        ]
                    ]
                ]
            },
            "properties": {
                "description": "\u0422\u0432\u0435\u0440\u0441\u043a\u0430\u044f \u043e\u0431\u043b\u0430\u0441\u0442\u044c -> \u0440\u0435\u043a\u0430 \u0416\u0430\u0431\u043d\u044f (\u041a\u0430\u043b\u044f\u0437\u0438\u043d\u0441\u043a\u0438\u0439 \u0440\u0430\u0439\u043e\u043d):"
            }
        },
        {
            "type": "Feature",
            "geometry": {
                "type": "Polygon",
                "coordinates": [
                    [
                        [
                            37.61611111111111,
                            57.11222222222222
                        ],
                        [
                            37.62111111111111,
                            57.11194444444445
                        ],
                        [
                            37.57166666666667,
                            57.04555555555555
                        ],
                        [
                            37.56111111111111,
                            57.062777777777775
                        ],
                        [
                            37.61611111111111,
                            57.11222222222222
                        ]
                    ]
                ]
            },
            "properties": {
                "description": "\u0422\u0432\u0435\u0440\u0441\u043a\u0430\u044f \u043e\u0431\u043b\u0430\u0441\u0442\u044c -> \u0440\u0435\u043a\u0430 \u041f\u0435\u0447\u0443\u0445\u043d\u044f (\u041a\u0430\u043b\u044f\u0437\u0438\u043d\u0441\u043a\u0438\u0439 \u0440\u0430\u0439\u043e\u043d, \u041a\u0438\u043c\u0440\u0441\u043a\u0438\u0439 \u0440\u0430\u0439\u043e\u043d):"
            }
        },
        {
            "type": "Feature",
            "geometry": {
                "type": "Polygon",
                "coordinates": [
                    [
                        [
                            37.65138888888889,
                            57.135555555555555
                        ],
                        [
                            37.64722222222222,
                            57.12833333333333
                        ],
                        [
                            37.86361111111111,
                            57.10805555555556
                        ],
                        [
                            37.86027777777778,
                            57.105555555555554
                        ],
                        [
                            37.65138888888889,
                            57.135555555555555
                        ]
                    ]
                ]
            },
            "properties": {
                "description": "\u0422\u0432\u0435\u0440\u0441\u043a\u0430\u044f \u043e\u0431\u043b\u0430\u0441\u0442\u044c -> \u0440\u0435\u043a\u0430 \u041d\u0435\u0440\u043b\u044c (\u041a\u0430\u043b\u044f\u0437\u0438\u043d\u0441\u043a\u0438\u0439 \u0440\u0430\u0439\u043e\u043d):"
            }
        },
        {
            "type": "Feature",
            "geometry": {
                "type": "Polygon",
                "coordinates": [
                    [
                        [
                            37.66916666666666,
                            57.10444444444445
                        ],
                        [
                            37.655277777777776,
                            57.103611111111114
                        ],
                        [
                            37.764722222222225,
                            57.05638888888888
                        ],
                        [
                            37.75805555555556,
                            57.052499999999995
                        ],
                        [
                            37.66916666666666,
                            57.10444444444445
                        ]
                    ]
                ]
            },
            "properties": {
                "description": "\u0422\u0432\u0435\u0440\u0441\u043a\u0430\u044f \u043e\u0431\u043b\u0430\u0441\u0442\u044c -> \u0440\u0435\u043a\u0430 \u0412\u043e\u043b\u043d\u0443\u0448\u043a\u0430 (\u041a\u0430\u043b\u044f\u0437\u0438\u043d\u0441\u043a\u0438\u0439 \u0440\u0430\u0439\u043e\u043d):"
            }
        },
        {
            "type": "Feature",
            "geometry": {
                "type": "Polygon",
                "coordinates": [
                    [
                        [
                            37.73861111111111,
                            57.220555555555556
                        ],
                        [
                            37.74055555555556,
                            57.21888888888889
                        ],
                        [
                            37.770833333333336,
                            57.20888888888889
                        ],
                        [
                            37.76972222222222,
                            57.2075
                        ],
                        [
                            37.73861111111111,
                            57.220555555555556
                        ]
                    ]
                ]
            },
            "properties": {
                "description": "\u0422\u0432\u0435\u0440\u0441\u043a\u0430\u044f \u043e\u0431\u043b\u0430\u0441\u0442\u044c -> \u0440\u0435\u043a\u0430 \u042d\u0440\u0430 (\u041a\u0430\u043b\u044f\u0437\u0438\u043d\u0441\u043a\u0438\u0439 \u0440\u0430\u0439\u043e\u043d):"
            }
        },
        {
            "type": "Feature",
            "geometry": {
                "type": "Polygon",
                "coordinates": [
                    [
                        [
                            38.19833333333333,
                            57.001666666666665
                        ],
                        [
                            38.19777777777777,
                            57.00138888888889
                        ],
                        [
                            38.05305555555555,
                            57.02472222222222
                        ],
                        [
                            38.05222222222222,
                            57.02472222222222
                        ],
                        [
                            38.19833333333333,
                            57.001666666666665
                        ]
                    ]
                ]
            },
            "properties": {
                "description": "\u0422\u0432\u0435\u0440\u0441\u043a\u0430\u044f \u043e\u0431\u043b\u0430\u0441\u0442\u044c -> \u0440\u0435\u043a\u0430 \u0421\u0430\u0431\u043b\u044f (\u041a\u0430\u043b\u044f\u0437\u0438\u043d\u0441\u043a\u0438\u0439 \u0440\u0430\u0439\u043e\u043d):"
            }
        },
        {
            "type": "Feature",
            "geometry": {
                "type": "Polygon",
                "coordinates": [
                    [
                        [
                            38.19833333333333,
                            57.001666666666665
                        ],
                        [
                            38.19777777777777,
                            57.00138888888889
                        ],
                        [
                            38.01166666666666,
                            56.96222222222222
                        ],
                        [
                            38.011944444444445,
                            56.96222222222222
                        ],
                        [
                            38.05305555555555,
                            57.02472222222222
                        ],
                        [
                            38.05222222222222,
                            57.02472222222222
                        ],
                        [
                            37.99888888888889,
                            57.04527777777778
                        ],
                        [
                            37.99777777777778,
                            57.044999999999995
                        ],
                        [
                            38.19833333333333,
                            57.001666666666665
                        ]
                    ]
                ]
            },
            "properties": {
                "description": "\u0422\u0432\u0435\u0440\u0441\u043a\u0430\u044f \u043e\u0431\u043b\u0430\u0441\u0442\u044c -> \u0440\u0435\u043a\u0430 \u0412\u044c\u044e\u043b\u043a\u0430 (\u041a\u0430\u043b\u044f\u0437\u0438\u043d\u0441\u043a\u0438\u0439 \u0440\u0430\u0439\u043e\u043d):"
            }
        },
        {
            "type": "Feature",
            "geometry": {
                "type": "Polygon",
                "coordinates": [
                    [
                        [
                            37.89333333333333,
                            56.93888888888888
                        ],
                        [
                            37.904444444444444,
                            56.91777777777777
                        ],
                        [
                            37.906388888888884,
                            56.930277777777775
                        ],
                        [
                            37.903888888888886,
                            56.92666666666666
                        ],
                        [
                            37.89805555555556,
                            56.92583333333333
                        ],
                        [
                            37.89194444444444,
                            56.92666666666666
                        ],
                        [
                            37.88583333333333,
                            56.93083333333333
                        ],
                        [
                            37.885,
                            56.93444444444444
                        ],
                        [
                            37.88916666666667,
                            56.93805555555555
                        ],
                        [
                            37.89333333333333,
                            56.93888888888888
                        ]
                    ]
                ]
            },
            "properties": {
                "description": "\u0422\u0432\u0435\u0440\u0441\u043a\u0430\u044f \u043e\u0431\u043b\u0430\u0441\u0442\u044c -> \u043e\u0437\u0435\u0440\u043e \u041a\u043b\u0435\u0442\u0438\u043d\u0441\u043a\u043e\u0435 (\u041a\u0430\u043b\u044f\u0437\u0438\u043d\u0441\u043a\u0438\u0439 \u0440\u0430\u0439\u043e\u043d):"
            }
        },
        {
            "type": "Feature",
            "geometry": {
                "type": "Polygon",
                "coordinates": [
                    [
                        [
                            37.426944444444445,
                            56.87972222222222
                        ],
                        [
                            37.43194444444444,
                            56.87388888888889
                        ],
                        [
                            37.43416666666666,
                            56.87694444444445
                        ],
                        [
                            37.40611111111111,
                            56.87416666666667
                        ],
                        [
                            37.402499999999996,
                            56.880833333333335
                        ],
                        [
                            37.426944444444445,
                            56.87972222222222
                        ]
                    ]
                ]
            },
            "properties": {
                "description": "\u0422\u0432\u0435\u0440\u0441\u043a\u0430\u044f \u043e\u0431\u043b\u0430\u0441\u0442\u044c -> \u0423\u0433\u043b\u0438\u0447\u0441\u043a\u043e\u0435 \u0432\u043e\u0434\u043e\u0445\u0440\u0430\u043d\u0438\u043b\u0438\u0449\u0435 (\u041a\u0438\u043c\u0440\u0441\u043a\u0438\u0439 \u0440\u0430\u0439\u043e\u043d):"
            }
        },
        {
            "type": "Feature",
            "geometry": {
                "type": "Polygon",
                "coordinates": [
                    [
                        [
                            37.477222222222224,
                            57.08527777777778
                        ],
                        [
                            37.485,
                            57.08722222222222
                        ],
                        [
                            37.47944444444445,
                            57.103611111111114
                        ],
                        [
                            37.46416666666667,
                            57.103611111111114
                        ],
                        [
                            37.467777777777776,
                            57.09527777777778
                        ],
                        [
                            37.477222222222224,
                            57.08527777777778
                        ]
                    ]
                ]
            },
            "properties": {
                "description": "\u0422\u0432\u0435\u0440\u0441\u043a\u0430\u044f \u043e\u0431\u043b\u0430\u0441\u0442\u044c -> \u0423\u0433\u043b\u0438\u0447\u0441\u043a\u043e\u0435 \u0432\u043e\u0434\u043e\u0445\u0440\u0430\u043d\u0438\u043b\u0438\u0449\u0435 (\u041a\u0438\u043c\u0440\u0441\u043a\u0438\u0439 \u0440\u0430\u0439\u043e\u043d):"
            }
        },
        {
            "type": "Feature",
            "geometry": {
                "type": "Polygon",
                "coordinates": [
                    [
                        [
                            37.480555555555554,
                            56.93111111111111
                        ],
                        [
                            37.47888888888889,
                            56.93222222222222
                        ],
                        [
                            37.472500000000004,
                            56.921388888888885
                        ],
                        [
                            37.47805555555556,
                            56.919999999999995
                        ],
                        [
                            37.480555555555554,
                            56.93111111111111
                        ]
                    ]
                ]
            },
            "properties": {
                "description": "\u0422\u0432\u0435\u0440\u0441\u043a\u0430\u044f \u043e\u0431\u043b\u0430\u0441\u0442\u044c -> \u0423\u0433\u043b\u0438\u0447\u0441\u043a\u043e\u0435 \u0432\u043e\u0434\u043e\u0445\u0440\u0430\u043d\u0438\u043b\u0438\u0449\u0435 (\u041a\u0438\u043c\u0440\u0441\u043a\u0438\u0439 \u0440\u0430\u0439\u043e\u043d):"
            }
        },
        {
            "type": "Feature",
            "geometry": {
                "type": "Polygon",
                "coordinates": [
                    [
                        [
                            37.472500000000004,
                            56.921388888888885
                        ],
                        [
                            37.47805555555556,
                            56.919999999999995
                        ],
                        [
                            37.469166666666666,
                            56.91861111111111
                        ],
                        [
                            37.46388888888889,
                            56.907777777777774
                        ],
                        [
                            37.468611111111116,
                            56.9075
                        ],
                        [
                            37.472500000000004,
                            56.921388888888885
                        ]
                    ]
                ]
            },
            "properties": {
                "description": "\u0422\u0432\u0435\u0440\u0441\u043a\u0430\u044f \u043e\u0431\u043b\u0430\u0441\u0442\u044c -> \u0423\u0433\u043b\u0438\u0447\u0441\u043a\u043e\u0435 \u0432\u043e\u0434\u043e\u0445\u0440\u0430\u043d\u0438\u043b\u0438\u0449\u0435 (\u041a\u0438\u043c\u0440\u0441\u043a\u0438\u0439 \u0440\u0430\u0439\u043e\u043d):"
            }
        },
        {
            "type": "Feature",
            "geometry": {
                "type": "Polygon",
                "coordinates": [
                    [
                        [
                            37.47916666666667,
                            56.97833333333333
                        ],
                        [
                            37.47972222222222,
                            56.98416666666667
                        ],
                        [
                            37.47083333333334,
                            56.989444444444445
                        ],
                        [
                            37.45388888888889,
                            56.99527777777778
                        ],
                        [
                            37.45111111111111,
                            56.99611111111111
                        ],
                        [
                            37.447222222222216,
                            56.99305555555556
                        ],
                        [
                            37.46055555555556,
                            56.98027777777778
                        ],
                        [
                            37.47916666666667,
                            56.97833333333333
                        ]
                    ]
                ]
            },
            "properties": {
                "description": "\u0422\u0432\u0435\u0440\u0441\u043a\u0430\u044f \u043e\u0431\u043b\u0430\u0441\u0442\u044c -> \u0423\u0433\u043b\u0438\u0447\u0441\u043a\u043e\u0435 \u0432\u043e\u0434\u043e\u0445\u0440\u0430\u043d\u0438\u043b\u0438\u0449\u0435 (\u041a\u0438\u043c\u0440\u0441\u043a\u0438\u0439 \u0440\u0430\u0439\u043e\u043d):"
            }
        },
        {
            "type": "Feature",
            "geometry": {
                "type": "Polygon",
                "coordinates": [
                    [
                        [
                            37.41416666666667,
                            56.990833333333335
                        ],
                        [
                            37.43555555555555,
                            56.988055555555555
                        ],
                        [
                            37.424166666666665,
                            56.98083333333334
                        ],
                        [
                            37.408055555555556,
                            56.973055555555554
                        ],
                        [
                            37.394999999999996,
                            56.973333333333336
                        ],
                        [
                            37.41416666666667,
                            56.990833333333335
                        ]
                    ]
                ]
            },
            "properties": {
                "description": "\u0422\u0432\u0435\u0440\u0441\u043a\u0430\u044f \u043e\u0431\u043b\u0430\u0441\u0442\u044c -> \u0423\u0433\u043b\u0438\u0447\u0441\u043a\u043e\u0435 \u0432\u043e\u0434\u043e\u0445\u0440\u0430\u043d\u0438\u043b\u0438\u0449\u0435 (\u041a\u0438\u043c\u0440\u0441\u043a\u0438\u0439 \u0440\u0430\u0439\u043e\u043d):"
            }
        },
        {
            "type": "Feature",
            "geometry": {
                "type": "Polygon",
                "coordinates": [
                    [
                        [
                            37.433055555555555,
                            57.005833333333335
                        ],
                        [
                            37.42583333333333,
                            57.0075
                        ],
                        [
                            37.42527777777777,
                            57.00611111111111
                        ],
                        [
                            37.43222222222222,
                            57.005
                        ],
                        [
                            37.433055555555555,
                            57.005833333333335
                        ]
                    ]
                ]
            },
            "properties": {
                "description": "\u0422\u0432\u0435\u0440\u0441\u043a\u0430\u044f \u043e\u0431\u043b\u0430\u0441\u0442\u044c -> \u0423\u0433\u043b\u0438\u0447\u0441\u043a\u043e\u0435 \u0432\u043e\u0434\u043e\u0445\u0440\u0430\u043d\u0438\u043b\u0438\u0449\u0435 (\u041a\u0438\u043c\u0440\u0441\u043a\u0438\u0439 \u0440\u0430\u0439\u043e\u043d):"
            }
        },
        {
            "type": "Feature",
            "geometry": {
                "type": "Polygon",
                "coordinates": [
                    [
                        [
                            37.462500000000006,
                            57.022777777777776
                        ],
                        [
                            37.45722222222223,
                            57.01888888888889
                        ],
                        [
                            37.45333333333333,
                            57.015277777777776
                        ],
                        [
                            37.456944444444446,
                            57.011944444444445
                        ],
                        [
                            37.473333333333336,
                            57.02055555555555
                        ],
                        [
                            37.47027777777778,
                            57.02444444444444
                        ],
                        [
                            37.462500000000006,
                            57.022777777777776
                        ]
                    ]
                ]
            },
            "properties": {
                "description": "\u0422\u0432\u0435\u0440\u0441\u043a\u0430\u044f \u043e\u0431\u043b\u0430\u0441\u0442\u044c -> \u0423\u0433\u043b\u0438\u0447\u0441\u043a\u043e\u0435 \u0432\u043e\u0434\u043e\u0445\u0440\u0430\u043d\u0438\u043b\u0438\u0449\u0435 (\u041a\u0438\u043c\u0440\u0441\u043a\u0438\u0439 \u0440\u0430\u0439\u043e\u043d):"
            }
        },
        {
            "type": "Feature",
            "geometry": {
                "type": "Polygon",
                "coordinates": [
                    [
                        [
                            37.49527777777778,
                            57.03777777777778
                        ],
                        [
                            37.48916666666667,
                            57.038888888888884
                        ],
                        [
                            37.533055555555556,
                            57.06027777777778
                        ],
                        [
                            37.49527777777778,
                            57.03777777777778
                        ]
                    ]
                ]
            },
            "properties": {
                "description": "\u0422\u0432\u0435\u0440\u0441\u043a\u0430\u044f \u043e\u0431\u043b\u0430\u0441\u0442\u044c -> \u0423\u0433\u043b\u0438\u0447\u0441\u043a\u043e\u0435 \u0432\u043e\u0434\u043e\u0445\u0440\u0430\u043d\u0438\u043b\u0438\u0449\u0435 (\u041a\u0438\u043c\u0440\u0441\u043a\u0438\u0439 \u0440\u0430\u0439\u043e\u043d):"
            }
        },
        {
            "type": "Feature",
            "geometry": {
                "type": "Polygon",
                "coordinates": [
                    [
                        [
                            37.58916666666667,
                            57.113055555555555
                        ],
                        [
                            37.61222222222222,
                            57.11138888888889
                        ],
                        [
                            37.57361111111111,
                            57.10416666666667
                        ],
                        [
                            37.558055555555555,
                            57.095
                        ],
                        [
                            37.55361111111111,
                            57.097500000000004
                        ],
                        [
                            37.56055555555555,
                            57.103611111111114
                        ],
                        [
                            37.58916666666667,
                            57.113055555555555
                        ]
                    ]
                ]
            },
            "properties": {
                "description": "\u0422\u0432\u0435\u0440\u0441\u043a\u0430\u044f \u043e\u0431\u043b\u0430\u0441\u0442\u044c -> \u0423\u0433\u043b\u0438\u0447\u0441\u043a\u043e\u0435 \u0432\u043e\u0434\u043e\u0445\u0440\u0430\u043d\u0438\u043b\u0438\u0449\u0435 (\u041a\u0438\u043c\u0440\u0441\u043a\u0438\u0439 \u0440\u0430\u0439\u043e\u043d):"
            }
        },
        {
            "type": "Feature",
            "geometry": {
                "type": "Polygon",
                "coordinates": [
                    [
                        [
                            37.493611111111115,
                            56.945277777777775
                        ],
                        [
                            37.49055555555556,
                            56.924166666666665
                        ],
                        [
                            37.48861111111111,
                            56.93388888888889
                        ],
                        [
                            37.49027777777778,
                            56.94444444444444
                        ],
                        [
                            37.493611111111115,
                            56.945277777777775
                        ]
                    ]
                ]
            },
            "properties": {
                "description": "\u0422\u0432\u0435\u0440\u0441\u043a\u0430\u044f \u043e\u0431\u043b\u0430\u0441\u0442\u044c -> \u0423\u0433\u043b\u0438\u0447\u0441\u043a\u043e\u0435 \u0432\u043e\u0434\u043e\u0445\u0440\u0430\u043d\u0438\u043b\u0438\u0449\u0435 (\u041a\u0438\u043c\u0440\u0441\u043a\u0438\u0439 \u0440\u0430\u0439\u043e\u043d):"
            }
        },
        {
            "type": "Feature",
            "geometry": {
                "type": "Polygon",
                "coordinates": [
                    [
                        [
                            37.24638888888889,
                            56.776944444444446
                        ],
                        [
                            37.2525,
                            56.78444444444444
                        ],
                        [
                            37.25944444444445,
                            56.78666666666666
                        ],
                        [
                            37.263333333333335,
                            56.79361111111111
                        ],
                        [
                            37.265,
                            56.79416666666666
                        ],
                        [
                            37.26083333333333,
                            56.78583333333333
                        ],
                        [
                            37.25694444444444,
                            56.78111111111111
                        ],
                        [
                            37.25111111111111,
                            56.77777777777778
                        ],
                        [
                            37.24638888888889,
                            56.776944444444446
                        ]
                    ]
                ]
            },
            "properties": {
                "description": "\u0422\u0432\u0435\u0440\u0441\u043a\u0430\u044f \u043e\u0431\u043b\u0430\u0441\u0442\u044c -> \u0423\u0433\u043b\u0438\u0447\u0441\u043a\u043e\u0435 \u0432\u043e\u0434\u043e\u0445\u0440\u0430\u043d\u0438\u043b\u0438\u0449\u0435 (\u041a\u0438\u043c\u0440\u0441\u043a\u0438\u0439 \u0440\u0430\u0439\u043e\u043d):"
            }
        },
        {
            "type": "Feature",
            "geometry": {
                "type": "Polygon",
                "coordinates": [
                    [
                        [
                            37.35805555555556,
                            56.85861111111111
                        ],
                        [
                            37.35638888888889,
                            56.84583333333334
                        ],
                        [
                            37.35527777777778,
                            56.852222222222224
                        ],
                        [
                            37.35166666666667,
                            56.847500000000004
                        ],
                        [
                            37.35111111111111,
                            56.85055555555556
                        ],
                        [
                            37.52361111111111,
                            56.86083333333333
                        ],
                        [
                            37.35805555555556,
                            56.85861111111111
                        ]
                    ]
                ]
            },
            "properties": {
                "description": "\u0422\u0432\u0435\u0440\u0441\u043a\u0430\u044f \u043e\u0431\u043b\u0430\u0441\u0442\u044c -> \u0423\u0433\u043b\u0438\u0447\u0441\u043a\u043e\u0435 \u0432\u043e\u0434\u043e\u0445\u0440\u0430\u043d\u0438\u043b\u0438\u0449\u0435 (\u041a\u0438\u043c\u0440\u0441\u043a\u0438\u0439 \u0440\u0430\u0439\u043e\u043d):"
            }
        },
        {
            "type": "Feature",
            "geometry": {
                "type": "Polygon",
                "coordinates": [
                    [
                        [
                            37.47777777777778,
                            57.03
                        ],
                        [
                            37.48722222222222,
                            57.030833333333334
                        ],
                        [
                            37.49527777777778,
                            57.03777777777778
                        ],
                        [
                            37.48916666666667,
                            57.038888888888884
                        ],
                        [
                            37.47777777777778,
                            57.03
                        ]
                    ]
                ]
            },
            "properties": {
                "description": "\u0422\u0432\u0435\u0440\u0441\u043a\u0430\u044f \u043e\u0431\u043b\u0430\u0441\u0442\u044c -> \u0423\u0433\u043b\u0438\u0447\u0441\u043a\u043e\u0435 \u0432\u043e\u0434\u043e\u0445\u0440\u0430\u043d\u0438\u043b\u0438\u0449\u0435 (\u041a\u0438\u043c\u0440\u0441\u043a\u0438\u0439 \u0440\u0430\u0439\u043e\u043d):"
            }
        },
        {
            "type": "Feature",
            "geometry": {
                "type": "Polygon",
                "coordinates": [
                    [
                        [
                            37.356944444444444,
                            56.861111111111114
                        ],
                        [
                            37.358333333333334,
                            56.85861111111111
                        ],
                        [
                            37.35666666666667,
                            56.847500000000004
                        ],
                        [
                            37.355000000000004,
                            56.8525
                        ],
                        [
                            37.35138888888889,
                            56.84861111111111
                        ],
                        [
                            37.356944444444444,
                            56.861111111111114
                        ]
                    ]
                ]
            },
            "properties": {
                "description": "\u0422\u0432\u0435\u0440\u0441\u043a\u0430\u044f \u043e\u0431\u043b\u0430\u0441\u0442\u044c -> \u0440\u0435\u043a\u0430 \u041c\u0435\u0434\u0432\u0435\u0434\u0438\u0446\u0430 (\u041a\u0438\u043c\u0440\u0441\u043a\u0438\u0439 \u0440\u0430\u0439\u043e\u043d):"
            }
        },
        {
            "type": "Feature",
            "geometry": {
                "type": "Polygon",
                "coordinates": [
                    [
                        [
                            37.250277777777775,
                            56.87583333333333
                        ],
                        [
                            37.250277777777775,
                            56.87555555555556
                        ],
                        [
                            37.36027777777778,
                            56.87083333333334
                        ],
                        [
                            37.52583333333333,
                            56.86833333333333
                        ],
                        [
                            37.250277777777775,
                            56.87583333333333
                        ]
                    ]
                ]
            },
            "properties": {
                "description": "\u0422\u0432\u0435\u0440\u0441\u043a\u0430\u044f \u043e\u0431\u043b\u0430\u0441\u0442\u044c -> \u0440\u0435\u043a\u0430 \u041a\u0438\u043c\u0440\u043a\u0430 (\u041a\u0438\u043c\u0440\u0441\u043a\u0438\u0439 \u0440\u0430\u0439\u043e\u043d):"
            }
        },
        {
            "type": "Feature",
            "geometry": {
                "type": "Polygon",
                "coordinates": [
                    [
                        [
                            37.49916666666667,
                            56.97944444444445
                        ],
                        [
                            37.49805555555556,
                            56.970555555555556
                        ],
                        [
                            37.58916666666667,
                            56.92777777777778
                        ],
                        [
                            37.587500000000006,
                            56.92777777777778
                        ],
                        [
                            37.49916666666667,
                            56.97944444444445
                        ]
                    ]
                ]
            },
            "properties": {
                "description": "\u0422\u0432\u0435\u0440\u0441\u043a\u0430\u044f \u043e\u0431\u043b\u0430\u0441\u0442\u044c -> \u0440\u0435\u043a\u0430 \u0425\u043e\u0442\u0447\u0430 (\u041a\u0438\u043c\u0440\u0441\u043a\u0438\u0439 \u0440\u0430\u0439\u043e\u043d):"
            }
        },
        {
            "type": "Feature",
            "geometry": {
                "type": "Polygon",
                "coordinates": [
                    [
                        [
                            37.27833333333333,
                            57.03611111111111
                        ],
                        [
                            37.4775,
                            57.08527777777778
                        ],
                        [
                            37.478611111111114,
                            57.08305555555556
                        ],
                        [
                            37.27833333333333,
                            57.03611111111111
                        ]
                    ]
                ]
            },
            "properties": {
                "description": "\u0422\u0432\u0435\u0440\u0441\u043a\u0430\u044f \u043e\u0431\u043b\u0430\u0441\u0442\u044c -> \u0440\u0435\u043a\u0430 \u0411\u043e\u043b\u044c\u0448\u0430\u044f \u041f\u0443\u0434\u0438\u0446\u0430 (\u041a\u0438\u043c\u0440\u0441\u043a\u0438\u0439 \u0440\u0430\u0439\u043e\u043d):"
            }
        },
        {
            "type": "Feature",
            "geometry": {
                "type": "Polygon",
                "coordinates": [
                    [
                        [
                            37.14194444444444,
                            57.94583333333333
                        ],
                        [
                            37.155833333333334,
                            57.94444444444444
                        ],
                        [
                            37.16083333333333,
                            56.93833333333333
                        ],
                        [
                            37.147777777777776,
                            56.925
                        ],
                        [
                            37.13583333333333,
                            56.92194444444444
                        ],
                        [
                            37.13527777777778,
                            56.92583333333333
                        ],
                        [
                            37.14722222222222,
                            56.939166666666665
                        ],
                        [
                            37.134166666666665,
                            56.93805555555555
                        ],
                        [
                            37.14194444444444,
                            57.94583333333333
                        ]
                    ]
                ]
            },
            "properties": {
                "description": "\u0422\u0432\u0435\u0440\u0441\u043a\u0430\u044f \u043e\u0431\u043b\u0430\u0441\u0442\u044c -> \u0440\u0435\u043a\u0430 \u041c\u0430\u043b\u0430\u044f \u041f\u0443\u0434\u0438\u0446\u0430 (\u041a\u0438\u043c\u0440\u0441\u043a\u0438\u0439 \u0440\u0430\u0439\u043e\u043d): \u043e\u0442 \u0443\u0441\u0442\u044c\u044f \u0432\u0432\u0435\u0440\u0445 \u043d\u0430 \u043f\u0440\u043e\u0442\u044f\u0436\u0435\u043d\u0438\u0438 10\u00a0\u043a\u043c \u0432 \u0440\u0430\u0439\u043e\u043d\u0435:"
            }
        },
        {
            "type": "Feature",
            "geometry": {
                "type": "Polygon",
                "coordinates": [
                    [
                        [
                            37.14194444444444,
                            56.94583333333333
                        ],
                        [
                            37.155833333333334,
                            56.94444444444444
                        ],
                        [
                            37.16083333333333,
                            56.93833333333333
                        ],
                        [
                            37.147777777777776,
                            56.925
                        ],
                        [
                            37.13583333333333,
                            56.92194444444444
                        ],
                        [
                            37.13527777777778,
                            56.92583333333333
                        ],
                        [
                            37.14194444444444,
                            56.94583333333333
                        ]
                    ]
                ]
            },
            "properties": {
                "description": "\u0422\u0432\u0435\u0440\u0441\u043a\u0430\u044f \u043e\u0431\u043b\u0430\u0441\u0442\u044c -> \u043e\u0437\u0435\u0440\u043e \u0423\u0441\u0430\u0434 (\u041a\u0438\u043c\u0440\u0441\u043a\u0438\u0439 \u0440\u0430\u0439\u043e\u043d):"
            }
        },
        {
            "type": "Feature",
            "geometry": {
                "type": "Polygon",
                "coordinates": [
                    [
                        [
                            37.100833333333334,
                            57.04361111111111
                        ],
                        [
                            37.103611111111114,
                            57.04555555555555
                        ],
                        [
                            37.10583333333334,
                            57.045833333333334
                        ],
                        [
                            37.11,
                            57.043055555555554
                        ],
                        [
                            37.11027777777778,
                            57.04083333333333
                        ],
                        [
                            37.1075,
                            57.040277777777774
                        ],
                        [
                            37.1025,
                            57.04361111111111
                        ],
                        [
                            37.100833333333334,
                            57.04361111111111
                        ]
                    ]
                ]
            },
            "properties": {
                "description": "\u0422\u0432\u0435\u0440\u0441\u043a\u0430\u044f \u043e\u0431\u043b\u0430\u0441\u0442\u044c -> \u043e\u0437\u0435\u0440\u043e \u041f\u043e\u043a\u0440\u043e\u0432\u0441\u043a\u043e\u0435 (\u041a\u0438\u043c\u0440\u0441\u043a\u0438\u0439 \u0440\u0430\u0439\u043e\u043d):"
            }
        },
        {
            "type": "Feature",
            "geometry": {
                "type": "Polygon",
                "coordinates": [
                    [
                        [
                            37.175555555555555,
                            56.96666666666667
                        ],
                        [
                            37.17861111111111,
                            56.96555555555556
                        ],
                        [
                            37.17916666666667,
                            56.96388888888889
                        ],
                        [
                            37.17222222222222,
                            56.96083333333333
                        ],
                        [
                            37.16888888888889,
                            56.96194444444445
                        ],
                        [
                            37.17027777777778,
                            56.96527777777778
                        ],
                        [
                            37.175555555555555,
                            56.96666666666667
                        ]
                    ]
                ]
            },
            "properties": {
                "description": "\u0422\u0432\u0435\u0440\u0441\u043a\u0430\u044f \u043e\u0431\u043b\u0430\u0441\u0442\u044c -> \u043e\u0437\u0435\u0440\u043e \u0418\u043b\u044c\u0438\u043d\u0441\u043a\u043e\u0435 (\u041a\u0438\u043c\u0440\u0441\u043a\u0438\u0439 \u0440\u0430\u0439\u043e\u043d):"
            }
        },
        {
            "type": "Feature",
            "geometry": {
                "type": "Polygon",
                "coordinates": [
                    [
                        [
                            37.118611111111115,
                            57.43444444444444
                        ],
                        [
                            37.11805555555556,
                            57.43888888888888
                        ],
                        [
                            37.132777777777775,
                            57.44833333333333
                        ],
                        [
                            37.156666666666666,
                            57.45166666666667
                        ],
                        [
                            37.159444444444446,
                            57.448611111111106
                        ],
                        [
                            37.151111111111106,
                            57.439722222222215
                        ],
                        [
                            37.13,
                            57.433055555555555
                        ],
                        [
                            37.118611111111115,
                            57.43444444444444
                        ]
                    ]
                ]
            },
            "properties": {
                "description": "\u0422\u0432\u0435\u0440\u0441\u043a\u0430\u044f \u043e\u0431\u043b\u0430\u0441\u0442\u044c -> \u043e\u0437\u0435\u0440\u043e \u0421\u043a\u043e\u0440\u0431\u0435\u0436 (\u041a\u0435\u0441\u043e\u0432\u043e\u0433\u043e\u0440\u0441\u043a\u0438\u0439 \u0440\u0430\u0439\u043e\u043d):"
            }
        },
        {
            "type": "Feature",
            "geometry": {
                "type": "Polygon",
                "coordinates": [
                    [
                        [
                            37.15694444444444,
                            57.450833333333335
                        ],
                        [
                            37.157777777777774,
                            57.45055555555556
                        ],
                        [
                            37.367222222222225,
                            57.269999999999996
                        ],
                        [
                            37.36666666666667,
                            57.26972222222222
                        ],
                        [
                            37.15694444444444,
                            57.450833333333335
                        ]
                    ]
                ]
            },
            "properties": {
                "description": "\u0422\u0432\u0435\u0440\u0441\u043a\u0430\u044f \u043e\u0431\u043b\u0430\u0441\u0442\u044c -> \u0440\u0435\u043a\u0430 \u042f\u0445\u0440\u043e\u043c\u0430 (\u041a\u0435\u0441\u043e\u0432\u043e\u0433\u043e\u0440\u0441\u043a\u0438\u0439 \u0438 \u041a\u0430\u0448\u0438\u043d\u0441\u043a\u0438\u0439 \u0440\u0430\u0439\u043e\u043d\u044b):"
            }
        },
        {
            "type": "Feature",
            "geometry": {
                "type": "Polygon",
                "coordinates": [
                    [
                        [
                            36.55777777777777,
                            56.64555555555555
                        ],
                        [
                            36.56111111111111,
                            56.645833333333336
                        ],
                        [
                            36.555,
                            56.62916666666667
                        ],
                        [
                            36.55638888888888,
                            56.62305555555555
                        ],
                        [
                            36.5575,
                            56.62361111111111
                        ],
                        [
                            36.58444444444444,
                            56.621944444444445
                        ],
                        [
                            36.586111111111116,
                            56.62111111111111
                        ],
                        [
                            36.55777777777777,
                            56.64555555555555
                        ]
                    ]
                ]
            },
            "properties": {
                "description": "\u0422\u0432\u0435\u0440\u0441\u043a\u0430\u044f \u043e\u0431\u043b\u0430\u0441\u0442\u044c -> \u0418\u0432\u0430\u043d\u044c\u043a\u043e\u0432\u0441\u043a\u043e\u0435 \u0432\u043e\u0434\u043e\u0445\u0440\u0430\u043d\u0438\u043b\u0438\u0449\u0435 (\u041a\u043e\u043d\u0430\u043a\u043e\u0432\u0441\u043a\u0438\u0439 \u0440\u0430\u0439\u043e\u043d): \u043d\u0430\u043f\u0440\u043e\u0442\u0438\u0432 \u0434\u0435\u0440\u0435\u0432\u043d\u0438 \u0413\u043e\u0440\u043e\u0434\u0438\u0449\u0438, \u0432\u0434\u043e\u043b\u044c \u0431\u0435\u0440\u0435\u0433\u043e\u0432\u043e\u0439 \u043b\u0438\u043d\u0438\u0438:"
            }
        },
        {
            "type": "Feature",
            "geometry": {
                "type": "Polygon",
                "coordinates": [
                    [
                        [
                            36.73426111111111,
                            56.705738888888895
                        ],
                        [
                            36.72318888888889,
                            56.70615
                        ],
                        [
                            36.72473611111111,
                            56.709811111111115
                        ],
                        [
                            36.73647777777778,
                            56.71338333333333
                        ],
                        [
                            36.74968055555556,
                            56.713972222222225
                        ],
                        [
                            36.73426111111111,
                            56.705738888888895
                        ]
                    ]
                ]
            },
            "properties": {
                "description": "\u0422\u0432\u0435\u0440\u0441\u043a\u0430\u044f \u043e\u0431\u043b\u0430\u0441\u0442\u044c -> \u0418\u0432\u0430\u043d\u044c\u043a\u043e\u0432\u0441\u043a\u043e\u0435 \u0432\u043e\u0434\u043e\u0445\u0440\u0430\u043d\u0438\u043b\u0438\u0449\u0435 (\u041a\u043e\u043d\u0430\u043a\u043e\u0432\u0441\u043a\u0438\u0439 \u0440\u0430\u0439\u043e\u043d):"
            }
        },
        {
            "type": "Feature",
            "geometry": {
                "type": "Polygon",
                "coordinates": [
                    [
                        [
                            36.730555555555554,
                            56.71416666666667
                        ],
                        [
                            36.73166666666667,
                            56.71361111111111
                        ],
                        [
                            36.73305555555556,
                            56.71416666666667
                        ],
                        [
                            36.731944444444444,
                            56.715
                        ],
                        [
                            36.730555555555554,
                            56.71416666666667
                        ]
                    ]
                ]
            },
            "properties": {
                "description": "\u0422\u0432\u0435\u0440\u0441\u043a\u0430\u044f \u043e\u0431\u043b\u0430\u0441\u0442\u044c -> \u0418\u0432\u0430\u043d\u044c\u043a\u043e\u0432\u0441\u043a\u043e\u0435 \u0432\u043e\u0434\u043e\u0445\u0440\u0430\u043d\u0438\u043b\u0438\u0449\u0435 (\u041a\u043e\u043d\u0430\u043a\u043e\u0432\u0441\u043a\u0438\u0439 \u0440\u0430\u0439\u043e\u043d): \u0421\u0443\u0445\u0430\u0440\u0438\u043d\u0441\u043a\u0438\u0439 \u0437\u0430\u043b\u0438\u0432:"
            }
        },
        {
            "type": "Feature",
            "geometry": {
                "type": "Polygon",
                "coordinates": [
                    [
                        [
                            36.98916666666667,
                            56.777499999999996
                        ],
                        [
                            36.995,
                            56.77722222222222
                        ],
                        [
                            36.993611111111115,
                            56.776666666666664
                        ],
                        [
                            36.99388888888889,
                            56.776944444444446
                        ],
                        [
                            36.97833333333333,
                            56.77305555555555
                        ],
                        [
                            36.815,
                            56.77222222222222
                        ],
                        [
                            36.981944444444444,
                            56.77222222222222
                        ],
                        [
                            36.978611111111114,
                            56.77333333333333
                        ],
                        [
                            36.98916666666667,
                            56.777499999999996
                        ]
                    ]
                ]
            },
            "properties": {
                "description": "\u0422\u0432\u0435\u0440\u0441\u043a\u0430\u044f \u043e\u0431\u043b\u0430\u0441\u0442\u044c -> \u0418\u0432\u0430\u043d\u044c\u043a\u043e\u0432\u0441\u043a\u043e\u0435 \u0432\u043e\u0434\u043e\u0445\u0440\u0430\u043d\u0438\u043b\u0438\u0449\u0435 (\u041a\u043e\u043d\u0430\u043a\u043e\u0432\u0441\u043a\u0438\u0439 \u0440\u0430\u0439\u043e\u043d): \u0437\u0430\u043b\u0438\u0432 \u0424\u0435\u0434\u043e\u0440\u043e\u0432\u0441\u043a\u0438\u0439:"
            }
        },
        {
            "type": "Feature",
            "geometry": {
                "type": "Polygon",
                "coordinates": [
                    [
                        [
                            36.84444444444445,
                            56.76916666666666
                        ],
                        [
                            36.850833333333334,
                            56.788333333333334
                        ],
                        [
                            36.85055555555556,
                            56.78861111111111
                        ],
                        [
                            36.84444444444445,
                            56.76916666666666
                        ]
                    ]
                ]
            },
            "properties": {
                "description": "\u0422\u0432\u0435\u0440\u0441\u043a\u0430\u044f \u043e\u0431\u043b\u0430\u0441\u0442\u044c -> \u0418\u0432\u0430\u043d\u044c\u043a\u043e\u0432\u0441\u043a\u043e\u0435 \u0432\u043e\u0434\u043e\u0445\u0440\u0430\u043d\u0438\u043b\u0438\u0449\u0435 (\u041a\u043e\u043d\u0430\u043a\u043e\u0432\u0441\u043a\u0438\u0439 \u0440\u0430\u0439\u043e\u043d): \u0437\u0430\u043b\u0438\u0432 \u041a\u043e\u0440\u0447\u0435\u0432\u0441\u043a\u0438\u0439:"
            }
        },
        {
            "type": "Feature",
            "geometry": {
                "type": "Polygon",
                "coordinates": [
                    [
                        [
                            36.776944444444446,
                            56.77055555555555
                        ],
                        [
                            36.795833333333334,
                            56.769999999999996
                        ],
                        [
                            36.79888888888889,
                            56.77166666666667
                        ],
                        [
                            36.79805555555556,
                            56.77194444444444
                        ],
                        [
                            36.776944444444446,
                            56.77055555555555
                        ]
                    ]
                ]
            },
            "properties": {
                "description": "\u0422\u0432\u0435\u0440\u0441\u043a\u0430\u044f \u043e\u0431\u043b\u0430\u0441\u0442\u044c -> \u0418\u0432\u0430\u043d\u044c\u043a\u043e\u0432\u0441\u043a\u043e\u0435 \u0432\u043e\u0434\u043e\u0445\u0440\u0430\u043d\u0438\u043b\u0438\u0449\u0435 (\u041a\u043e\u043d\u0430\u043a\u043e\u0432\u0441\u043a\u0438\u0439 \u0440\u0430\u0439\u043e\u043d): \u0437\u0430\u043b\u0438\u0432 \u041c\u043e\u0448\u043a\u043e\u0432\u0438\u0447\u0441\u043a\u0438\u0439:"
            }
        },
        {
            "type": "Feature",
            "geometry": {
                "type": "Polygon",
                "coordinates": [
                    [
                        [
                            36.908055555555556,
                            56.774166666666666
                        ],
                        [
                            36.90861111111111,
                            56.77388888888889
                        ],
                        [
                            36.91027777777778,
                            56.77583333333333
                        ],
                        [
                            36.90888888888889,
                            56.77611111111111
                        ],
                        [
                            36.908055555555556,
                            56.774166666666666
                        ]
                    ]
                ]
            },
            "properties": {
                "description": "\u0422\u0432\u0435\u0440\u0441\u043a\u0430\u044f \u043e\u0431\u043b\u0430\u0441\u0442\u044c -> \u0418\u0432\u0430\u043d\u044c\u043a\u043e\u0432\u0441\u043a\u043e\u0435 \u0432\u043e\u0434\u043e\u0445\u0440\u0430\u043d\u0438\u043b\u0438\u0449\u0435 (\u041a\u043e\u043d\u0430\u043a\u043e\u0432\u0441\u043a\u0438\u0439 \u0440\u0430\u0439\u043e\u043d): \u0437\u0430\u043b\u0438\u0432 \u041d\u043e\u0432\u043e\u0441\u0435\u043b\u044c\u0441\u043a\u0438\u0439:"
            }
        },
        {
            "type": "Feature",
            "geometry": {
                "type": "Polygon",
                "coordinates": [
                    [
                        [
                            36.99916666666667,
                            56.83888888888889
                        ],
                        [
                            37.0025,
                            56.838055555555556
                        ],
                        [
                            37.00222222222222,
                            56.83777777777778
                        ],
                        [
                            36.99861111111111,
                            56.83833333333334
                        ],
                        [
                            36.974444444444444,
                            56.837500000000006
                        ],
                        [
                            36.975,
                            56.836111111111116
                        ],
                        [
                            36.973888888888894,
                            56.83722222222222
                        ],
                        [
                            36.99916666666667,
                            56.83888888888889
                        ]
                    ]
                ]
            },
            "properties": {
                "description": "\u0422\u0432\u0435\u0440\u0441\u043a\u0430\u044f \u043e\u0431\u043b\u0430\u0441\u0442\u044c -> \u0418\u0432\u0430\u043d\u044c\u043a\u043e\u0432\u0441\u043a\u043e\u0435 \u0432\u043e\u0434\u043e\u0445\u0440\u0430\u043d\u0438\u043b\u0438\u0449\u0435 (\u041a\u043e\u043d\u0430\u043a\u043e\u0432\u0441\u043a\u0438\u0439 \u0440\u0430\u0439\u043e\u043d): \u0437\u0430\u043b\u0438\u0432\u044b 1 \u0438 2 \u0411\u0440\u0435\u0432\u043d\u043e\u0432\u0441\u043a\u0438\u0439:"
            }
        },
        {
            "type": "Feature",
            "geometry": {
                "type": "Polygon",
                "coordinates": [
                    [
                        [
                            36.785,
                            56.79472222222222
                        ],
                        [
                            36.78666666666666,
                            56.79361111111111
                        ],
                        [
                            36.785555555555554,
                            56.79333333333333
                        ],
                        [
                            36.78472222222222,
                            56.79472222222222
                        ],
                        [
                            36.785,
                            56.79472222222222
                        ]
                    ]
                ]
            },
            "properties": {
                "description": "\u0422\u0432\u0435\u0440\u0441\u043a\u0430\u044f \u043e\u0431\u043b\u0430\u0441\u0442\u044c -> \u0418\u0432\u0430\u043d\u044c\u043a\u043e\u0432\u0441\u043a\u043e\u0435 \u0432\u043e\u0434\u043e\u0445\u0440\u0430\u043d\u0438\u043b\u0438\u0449\u0435 (\u041a\u043e\u043d\u0430\u043a\u043e\u0432\u0441\u043a\u0438\u0439 \u0440\u0430\u0439\u043e\u043d): \u0437\u0430\u043b\u0438\u0432 \u0413\u043e\u0440\u043e\u0434\u0438\u0449\u0435\u043d\u0441\u043a\u0438\u0439:"
            }
        },
        {
            "type": "Feature",
            "geometry": {
                "type": "Polygon",
                "coordinates": [
                    [
                        [
                            37.0175,
                            56.698055555555555
                        ],
                        [
                            37.01861111111111,
                            56.69777777777777
                        ],
                        [
                            37.02111111111111,
                            56.69888888888889
                        ],
                        [
                            37.02194444444444,
                            56.7
                        ],
                        [
                            37.0175,
                            56.698055555555555
                        ]
                    ]
                ]
            },
            "properties": {
                "description": "\u0422\u0432\u0435\u0440\u0441\u043a\u0430\u044f \u043e\u0431\u043b\u0430\u0441\u0442\u044c -> \u0418\u0432\u0430\u043d\u044c\u043a\u043e\u0432\u0441\u043a\u043e\u0435 \u0432\u043e\u0434\u043e\u0445\u0440\u0430\u043d\u0438\u043b\u0438\u0449\u0435 (\u041a\u043e\u043d\u0430\u043a\u043e\u0432\u0441\u043a\u0438\u0439 \u0440\u0430\u0439\u043e\u043d): \u0437\u0430\u043b\u0438\u0432 \u041a\u043e\u0440\u043e\u0432\u0438\u043d\u0441\u043a\u0438\u0439:"
            }
        },
        {
            "type": "Feature",
            "geometry": {
                "type": "Polygon",
                "coordinates": [
                    [
                        [
                            37.068333333333335,
                            56.698055555555555
                        ],
                        [
                            37.06861111111112,
                            56.69944444444444
                        ],
                        [
                            37.06638888888889,
                            56.70388888888889
                        ],
                        [
                            37.065555555555555,
                            56.70388888888889
                        ],
                        [
                            37.068333333333335,
                            56.698055555555555
                        ]
                    ]
                ]
            },
            "properties": {
                "description": "\u0422\u0432\u0435\u0440\u0441\u043a\u0430\u044f \u043e\u0431\u043b\u0430\u0441\u0442\u044c -> \u0418\u0432\u0430\u043d\u044c\u043a\u043e\u0432\u0441\u043a\u043e\u0435 \u0432\u043e\u0434\u043e\u0445\u0440\u0430\u043d\u0438\u043b\u0438\u0449\u0435 (\u041a\u043e\u043d\u0430\u043a\u043e\u0432\u0441\u043a\u0438\u0439 \u0440\u0430\u0439\u043e\u043d): \u0437\u0430\u043b\u0438\u0432 \u0414\u043e\u043c\u043a\u0438\u043d\u0441\u043a\u0438\u0439:"
            }
        },
        {
            "type": "Feature",
            "geometry": {
                "type": "Polygon",
                "coordinates": [
                    [
                        [
                            36.79472222222222,
                            56.80888888888889
                        ],
                        [
                            36.79555555555555,
                            56.808611111111105
                        ],
                        [
                            36.79527777777778,
                            56.80722222222222
                        ],
                        [
                            36.794999999999995,
                            56.80722222222222
                        ],
                        [
                            36.79472222222222,
                            56.80888888888889
                        ]
                    ]
                ]
            },
            "properties": {
                "description": "\u0422\u0432\u0435\u0440\u0441\u043a\u0430\u044f \u043e\u0431\u043b\u0430\u0441\u0442\u044c -> \u0418\u0432\u0430\u043d\u044c\u043a\u043e\u0432\u0441\u043a\u043e\u0435 \u0432\u043e\u0434\u043e\u0445\u0440\u0430\u043d\u0438\u043b\u0438\u0449\u0435 (\u041a\u043e\u043d\u0430\u043a\u043e\u0432\u0441\u043a\u0438\u0439 \u0440\u0430\u0439\u043e\u043d): \u0437\u0430\u043b\u0438\u0432 \u041f\u043e\u043b\u044f\u043d\u0441\u043a\u0438\u0439:"
            }
        },
        {
            "type": "Feature",
            "geometry": {
                "type": "Polygon",
                "coordinates": [
                    [
                        [
                            36.94138888888889,
                            56.78
                        ],
                        [
                            36.94138888888889,
                            56.78
                        ],
                        [
                            36.93833333333333,
                            56.780277777777776
                        ],
                        [
                            36.93833333333333,
                            56.78
                        ],
                        [
                            36.94138888888889,
                            56.78
                        ]
                    ]
                ]
            },
            "properties": {
                "description": "\u0422\u0432\u0435\u0440\u0441\u043a\u0430\u044f \u043e\u0431\u043b\u0430\u0441\u0442\u044c -> \u0418\u0432\u0430\u043d\u044c\u043a\u043e\u0432\u0441\u043a\u043e\u0435 \u0432\u043e\u0434\u043e\u0445\u0440\u0430\u043d\u0438\u043b\u0438\u0449\u0435 (\u041a\u043e\u043d\u0430\u043a\u043e\u0432\u0441\u043a\u0438\u0439 \u0440\u0430\u0439\u043e\u043d): \u0437\u0430\u043b\u0438\u0432 \u041c\u0438\u0442\u0438\u043d\u0441\u043a\u0438\u0439 (\u041c\u0430\u043b\u043e-\u041d\u043e\u0432\u043e\u0441\u0435\u043b\u044c\u0441\u043a\u0438\u0439):"
            }
        },
        {
            "type": "Feature",
            "geometry": {
                "type": "Polygon",
                "coordinates": [
                    [
                        [
                            36.888333333333335,
                            56.81194444444444
                        ],
                        [
                            36.8925,
                            56.81166666666666
                        ],
                        [
                            36.8925,
                            56.81194444444444
                        ],
                        [
                            36.88861111111111,
                            56.81222222222222
                        ],
                        [
                            36.900555555555556,
                            56.82833333333333
                        ],
                        [
                            36.90555555555555,
                            56.8275
                        ],
                        [
                            36.90555555555555,
                            56.82777777777778
                        ],
                        [
                            36.901111111111106,
                            56.82833333333333
                        ],
                        [
                            36.8975,
                            56.82333333333334
                        ],
                        [
                            36.89277777777778,
                            56.82027777777778
                        ],
                        [
                            36.89277777777778,
                            56.82055555555556
                        ],
                        [
                            36.89555555555555,
                            56.823055555555555
                        ],
                        [
                            36.888333333333335,
                            56.81194444444444
                        ]
                    ]
                ]
            },
            "properties": {
                "description": "\u0422\u0432\u0435\u0440\u0441\u043a\u0430\u044f \u043e\u0431\u043b\u0430\u0441\u0442\u044c -> \u0418\u0432\u0430\u043d\u044c\u043a\u043e\u0432\u0441\u043a\u043e\u0435 \u0432\u043e\u0434\u043e\u0445\u0440\u0430\u043d\u0438\u043b\u0438\u0449\u0435 (\u041a\u043e\u043d\u0430\u043a\u043e\u0432\u0441\u043a\u0438\u0439 \u0440\u0430\u0439\u043e\u043d): \u0437\u0430\u043b\u0438\u0432 \u041f\u0435\u0440\u0435\u0442\u0440\u0443\u0441\u043e\u0432\u0441\u043a\u0438\u0439:"
            }
        },
        {
            "type": "Feature",
            "geometry": {
                "type": "Polygon",
                "coordinates": [
                    [
                        [
                            36.743611111111115,
                            56.74277777777778
                        ],
                        [
                            36.744166666666665,
                            56.742222222222225
                        ],
                        [
                            36.74388888888889,
                            56.742222222222225
                        ],
                        [
                            36.743611111111115,
                            56.74277777777778
                        ]
                    ]
                ]
            },
            "properties": {
                "description": "\u0422\u0432\u0435\u0440\u0441\u043a\u0430\u044f \u043e\u0431\u043b\u0430\u0441\u0442\u044c -> \u0418\u0432\u0430\u043d\u044c\u043a\u043e\u0432\u0441\u043a\u043e\u0435 \u0432\u043e\u0434\u043e\u0445\u0440\u0430\u043d\u0438\u043b\u0438\u0449\u0435 (\u041a\u043e\u043d\u0430\u043a\u043e\u0432\u0441\u043a\u0438\u0439 \u0440\u0430\u0439\u043e\u043d): \u0437\u0430\u043b\u0438\u0432 \u0418\u0432\u0430\u043d\u044c\u043a\u043e\u0432\u0441\u043a\u0438\u0439:"
            }
        },
        {
            "type": "Feature",
            "geometry": {
                "type": "Polygon",
                "coordinates": [
                    [
                        [
                            36.59916666666667,
                            56.63777777777778
                        ],
                        [
                            36.599722222222226,
                            56.6375
                        ],
                        [
                            36.60166666666667,
                            56.63944444444444
                        ],
                        [
                            36.60138888888889,
                            56.63972222222222
                        ],
                        [
                            36.59916666666667,
                            56.63777777777778
                        ]
                    ]
                ]
            },
            "properties": {
                "description": "\u0422\u0432\u0435\u0440\u0441\u043a\u0430\u044f \u043e\u0431\u043b\u0430\u0441\u0442\u044c -> \u0418\u0432\u0430\u043d\u044c\u043a\u043e\u0432\u0441\u043a\u043e\u0435 \u0432\u043e\u0434\u043e\u0445\u0440\u0430\u043d\u0438\u043b\u0438\u0449\u0435 (\u041a\u043e\u043d\u0430\u043a\u043e\u0432\u0441\u043a\u0438\u0439 \u0440\u0430\u0439\u043e\u043d): \u0437\u0430\u043b\u0438\u0432 \u041e\u0441\u0438\u043d\u043e\u0432\u0441\u043a\u0438\u0439:"
            }
        },
        {
            "type": "Feature",
            "geometry": {
                "type": "Polygon",
                "coordinates": [
                    [
                        [
                            37.105555555555554,
                            56.70722222222223
                        ],
                        [
                            37.12277777777778,
                            56.70722222222223
                        ],
                        [
                            37.1075,
                            56.70916666666667
                        ],
                        [
                            37.10666666666667,
                            56.70944444444445
                        ],
                        [
                            37.084722222222226,
                            56.715
                        ],
                        [
                            37.08527777777778,
                            56.71527777777778
                        ],
                        [
                            37.08555555555556,
                            56.716944444444444
                        ],
                        [
                            37.08444444444444,
                            56.716944444444444
                        ],
                        [
                            37.105555555555554,
                            56.70722222222223
                        ]
                    ]
                ]
            },
            "properties": {
                "description": "\u0422\u0432\u0435\u0440\u0441\u043a\u0430\u044f \u043e\u0431\u043b\u0430\u0441\u0442\u044c -> \u0418\u0432\u0430\u043d\u044c\u043a\u043e\u0432\u0441\u043a\u043e\u0435 \u0432\u043e\u0434\u043e\u0445\u0440\u0430\u043d\u0438\u043b\u0438\u0449\u0435 (\u041a\u043e\u043d\u0430\u043a\u043e\u0432\u0441\u043a\u0438\u0439 \u0440\u0430\u0439\u043e\u043d): \u0437\u0430\u043b\u0438\u0432 \u041f\u0435\u0440\u0432\u044b\u0439 \u0418\u0432\u0430\u043d\u044c\u043a\u043e\u0432\u0441\u043a\u043e\u0433\u043e \u0432\u043e\u0434\u043e\u0445\u0440\u0430\u043d\u0438\u043b\u0438\u0449\u0430:"
            }
        },
        {
            "type": "Feature",
            "geometry": {
                "type": "Polygon",
                "coordinates": [
                    [
                        [
                            36.81777777777778,
                            56.81083333333333
                        ],
                        [
                            36.819722222222225,
                            56.794444444444444
                        ],
                        [
                            36.82,
                            56.81111111111111
                        ],
                        [
                            36.81944444444445,
                            56.809999999999995
                        ],
                        [
                            36.81777777777778,
                            56.81083333333333
                        ]
                    ]
                ]
            },
            "properties": {
                "description": "\u0422\u0432\u0435\u0440\u0441\u043a\u0430\u044f \u043e\u0431\u043b\u0430\u0441\u0442\u044c -> \u0418\u0432\u0430\u043d\u044c\u043a\u043e\u0432\u0441\u043a\u043e\u0435 \u0432\u043e\u0434\u043e\u0445\u0440\u0430\u043d\u0438\u043b\u0438\u0449\u0435 (\u041a\u043e\u043d\u0430\u043a\u043e\u0432\u0441\u043a\u0438\u0439 \u0440\u0430\u0439\u043e\u043d): \u0437\u0430\u043b\u0438\u0432 \u0425\u0430\u0440\u043b\u043e\u0432\u0441\u043a\u0438\u0439:"
            }
        },
        {
            "type": "Feature",
            "geometry": {
                "type": "Polygon",
                "coordinates": [
                    [
                        [
                            36.6875,
                            56.78055555555555
                        ],
                        [
                            36.692499999999995,
                            56.777499999999996
                        ],
                        [
                            36.69083333333333,
                            56.77722222222222
                        ],
                        [
                            36.68333333333333,
                            56.77972222222222
                        ],
                        [
                            36.6875,
                            56.78055555555555
                        ]
                    ]
                ]
            },
            "properties": {
                "description": "\u0422\u0432\u0435\u0440\u0441\u043a\u0430\u044f \u043e\u0431\u043b\u0430\u0441\u0442\u044c -> \u0418\u0432\u0430\u043d\u044c\u043a\u043e\u0432\u0441\u043a\u043e\u0435 \u0432\u043e\u0434\u043e\u0445\u0440\u0430\u043d\u0438\u043b\u0438\u0449\u0435 (\u041a\u043e\u043d\u0430\u043a\u043e\u0432\u0441\u043a\u0438\u0439 \u0440\u0430\u0439\u043e\u043d): \u0437\u0430\u043b\u0438\u0432 \u0411\u0430\u0431\u0435\u043d\u0441\u043a\u0438\u0439:"
            }
        },
        {
            "type": "Feature",
            "geometry": {
                "type": "Polygon",
                "coordinates": [
                    [
                        [
                            36.71194444444445,
                            56.7575
                        ],
                        [
                            36.712500000000006,
                            56.75694444444444
                        ],
                        [
                            36.719166666666666,
                            56.75944444444445
                        ],
                        [
                            36.718611111111116,
                            56.75972222222222
                        ],
                        [
                            36.71194444444445,
                            56.7575
                        ]
                    ]
                ]
            },
            "properties": {
                "description": "\u0422\u0432\u0435\u0440\u0441\u043a\u0430\u044f \u043e\u0431\u043b\u0430\u0441\u0442\u044c -> \u0418\u0432\u0430\u043d\u044c\u043a\u043e\u0432\u0441\u043a\u043e\u0435 \u0432\u043e\u0434\u043e\u0445\u0440\u0430\u043d\u0438\u043b\u0438\u0449\u0435 (\u041a\u043e\u043d\u0430\u043a\u043e\u0432\u0441\u043a\u0438\u0439 \u0440\u0430\u0439\u043e\u043d): \u0437\u0430\u043b\u0438\u0432 \u041f\u0435\u0442\u044f\u0449\u0438\u043d\u0441\u043a\u0438\u0439:"
            }
        },
        {
            "type": "Feature",
            "geometry": {
                "type": "Polygon",
                "coordinates": [
                    [
                        [
                            36.415,
                            56.60638888888889
                        ],
                        [
                            36.41444444444444,
                            56.605555555555554
                        ],
                        [
                            36.41555555555556,
                            56.60527777777778
                        ],
                        [
                            36.41638888888889,
                            56.60611111111111
                        ],
                        [
                            36.40611111111111,
                            56.60388888888889
                        ],
                        [
                            36.42333333333333,
                            56.603611111111114
                        ],
                        [
                            36.420833333333334,
                            56.60277777777778
                        ],
                        [
                            36.421388888888885,
                            56.60277777777778
                        ],
                        [
                            36.415,
                            56.60638888888889
                        ]
                    ]
                ]
            },
            "properties": {
                "description": "\u0422\u0432\u0435\u0440\u0441\u043a\u0430\u044f \u043e\u0431\u043b\u0430\u0441\u0442\u044c -> \u0418\u0432\u0430\u043d\u044c\u043a\u043e\u0432\u0441\u043a\u043e\u0435 \u0432\u043e\u0434\u043e\u0445\u0440\u0430\u043d\u0438\u043b\u0438\u0449\u0435 (\u041a\u043e\u043d\u0430\u043a\u043e\u0432\u0441\u043a\u0438\u0439 \u0440\u0430\u0439\u043e\u043d): \u0428\u043e\u0448\u0438\u043d\u0441\u043a\u0438\u0439 \u043f\u043b\u0435\u0441, \u041e\u0433\u0443\u0440\u0446\u043e\u0432\u0441\u043a\u0438\u0439 \u0437\u0430\u043b\u0438\u0432:"
            }
        },
        {
            "type": "Feature",
            "geometry": {
                "type": "Polygon",
                "coordinates": [
                    [
                        [
                            36.44194444444444,
                            56.66361111111111
                        ],
                        [
                            36.44222222222222,
                            56.66361111111111
                        ],
                        [
                            36.44472222222222,
                            56.66222222222222
                        ],
                        [
                            36.44499999999999,
                            56.6625
                        ],
                        [
                            36.44194444444444,
                            56.66361111111111
                        ]
                    ]
                ]
            },
            "properties": {
                "description": "\u0422\u0432\u0435\u0440\u0441\u043a\u0430\u044f \u043e\u0431\u043b\u0430\u0441\u0442\u044c -> \u0418\u0432\u0430\u043d\u044c\u043a\u043e\u0432\u0441\u043a\u043e\u0435 \u0432\u043e\u0434\u043e\u0445\u0440\u0430\u043d\u0438\u043b\u0438\u0449\u0435 (\u041a\u043e\u043d\u0430\u043a\u043e\u0432\u0441\u043a\u0438\u0439 \u0440\u0430\u0439\u043e\u043d): \u0440\u0430\u0439\u043e\u043d \u0434\u0435\u0440\u0435\u0432\u043d\u0438 \u0421\u0442\u0430\u0440\u043e\u0435 \u041c\u0435\u043b\u043a\u043e\u0432\u043e:"
            }
        },
        {
            "type": "Feature",
            "geometry": {
                "type": "Polygon",
                "coordinates": [
                    [
                        [
                            36.50277777777778,
                            56.64
                        ],
                        [
                            36.50361111111111,
                            56.64
                        ],
                        [
                            36.503055555555555,
                            56.64138888888889
                        ],
                        [
                            36.50361111111111,
                            56.64138888888889
                        ],
                        [
                            36.50277777777778,
                            56.64
                        ]
                    ]
                ]
            },
            "properties": {
                "description": "\u0422\u0432\u0435\u0440\u0441\u043a\u0430\u044f \u043e\u0431\u043b\u0430\u0441\u0442\u044c -> \u0418\u0432\u0430\u043d\u044c\u043a\u043e\u0432\u0441\u043a\u043e\u0435 \u0432\u043e\u0434\u043e\u0445\u0440\u0430\u043d\u0438\u043b\u0438\u0449\u0435 (\u041a\u043e\u043d\u0430\u043a\u043e\u0432\u0441\u043a\u0438\u0439 \u0440\u0430\u0439\u043e\u043d): \u0440\u0430\u0439\u043e\u043d "
            }
        },
        {
            "type": "Feature",
            "geometry": {
                "type": "Polygon",
                "coordinates": [
                    [
                        [
                            36.30722222222222,
                            56.78361111111111
                        ],
                        [
                            36.315555555555555,
                            56.785
                        ],
                        [
                            36.31444444444444,
                            56.78527777777778
                        ],
                        [
                            36.30777777777777,
                            56.784166666666664
                        ],
                        [
                            36.30722222222222,
                            56.78361111111111
                        ]
                    ]
                ]
            },
            "properties": {
                "description": "\u0422\u0432\u0435\u0440\u0441\u043a\u0430\u044f \u043e\u0431\u043b\u0430\u0441\u0442\u044c -> \u0418\u0432\u0430\u043d\u044c\u043a\u043e\u0432\u0441\u043a\u043e\u0435 \u0432\u043e\u0434\u043e\u0445\u0440\u0430\u043d\u0438\u043b\u0438\u0449\u0435 (\u041a\u043e\u043d\u0430\u043a\u043e\u0432\u0441\u043a\u0438\u0439 \u0440\u0430\u0439\u043e\u043d): \u0440\u0430\u0439\u043e\u043d \u0441\u0435\u043b\u0430 \u0418\u0433\u0443\u043c\u0435\u043d\u043a\u0430:"
            }
        },
        {
            "type": "Feature",
            "geometry": {
                "type": "Polygon",
                "coordinates": [
                    [
                        [
                            36.38666666666666,
                            56.695277777777775
                        ],
                        [
                            36.3875,
                            56.69583333333333
                        ],
                        [
                            36.388333333333335,
                            56.69472222222222
                        ],
                        [
                            36.388888888888886,
                            56.695277777777775
                        ],
                        [
                            36.38666666666666,
                            56.695277777777775
                        ]
                    ]
                ]
            },
            "properties": {
                "description": "\u0422\u0432\u0435\u0440\u0441\u043a\u0430\u044f \u043e\u0431\u043b\u0430\u0441\u0442\u044c -> \u0418\u0432\u0430\u043d\u044c\u043a\u043e\u0432\u0441\u043a\u043e\u0435 \u0432\u043e\u0434\u043e\u0445\u0440\u0430\u043d\u0438\u043b\u0438\u0449\u0435 (\u041a\u043e\u043d\u0430\u043a\u043e\u0432\u0441\u043a\u0438\u0439 \u0440\u0430\u0439\u043e\u043d): \u0440\u0430\u0439\u043e\u043d \u0434\u0435\u0440\u0435\u0432\u043d\u0438 \u0412\u0438\u0434\u043e\u0433\u043e\u0449\u0438:"
            }
        },
        {
            "type": "Feature",
            "geometry": {
                "type": "Polygon",
                "coordinates": [
                    [
                        [
                            36.45416666666667,
                            56.67222222222222
                        ],
                        [
                            36.45472222222222,
                            56.672777777777775
                        ],
                        [
                            36.44972222222222,
                            56.67388888888889
                        ],
                        [
                            36.45027777777778,
                            56.674166666666665
                        ],
                        [
                            36.45416666666667,
                            56.67222222222222
                        ]
                    ]
                ]
            },
            "properties": {
                "description": "\u0422\u0432\u0435\u0440\u0441\u043a\u0430\u044f \u043e\u0431\u043b\u0430\u0441\u0442\u044c -> \u0418\u0432\u0430\u043d\u044c\u043a\u043e\u0432\u0441\u043a\u043e\u0435 \u0432\u043e\u0434\u043e\u0445\u0440\u0430\u043d\u0438\u043b\u0438\u0449\u0435 (\u041a\u043e\u043d\u0430\u043a\u043e\u0432\u0441\u043a\u0438\u0439 \u0440\u0430\u0439\u043e\u043d): \u0440\u0430\u0439\u043e\u043d \u0441\u0435\u043b\u0430 \u0415\u0434\u0438\u043c\u043d\u043e\u0432\u043e \u0434\u0435\u0440\u0435\u0432\u043d\u044f \u0415\u0434\u0438\u043c\u043e\u043d\u043e\u0432\u0441\u043a\u0438\u0435 \u0413\u043e\u0440\u043a\u0438:"
            }
        },
        {
            "type": "Feature",
            "geometry": {
                "type": "Polygon",
                "coordinates": [
                    [
                        [
                            36.51555555555556,
                            56.66111111111111
                        ],
                        [
                            36.53666666666666,
                            56.65611111111111
                        ],
                        [
                            36.53777777777778,
                            56.65694444444444
                        ],
                        [
                            36.51638888888889,
                            56.661944444444444
                        ],
                        [
                            36.51555555555556,
                            56.66111111111111
                        ]
                    ]
                ]
            },
            "properties": {
                "description": "\u0422\u0432\u0435\u0440\u0441\u043a\u0430\u044f \u043e\u0431\u043b\u0430\u0441\u0442\u044c -> \u0418\u0432\u0430\u043d\u044c\u043a\u043e\u0432\u0441\u043a\u043e\u0435 \u0432\u043e\u0434\u043e\u0445\u0440\u0430\u043d\u0438\u043b\u0438\u0449\u0435 (\u041a\u043e\u043d\u0430\u043a\u043e\u0432\u0441\u043a\u0438\u0439 \u0440\u0430\u0439\u043e\u043d): \u043d\u0438\u0436\u0435 \u0434\u0435\u0440\u0435\u0432\u043d\u0438 \u0415\u0434\u0438\u043c\u043e\u043d\u043e\u0432\u0441\u043a\u0438\u0435 \u0413\u043e\u0440\u043a\u0438:"
            }
        },
        {
            "type": "Feature",
            "geometry": {
                "type": "Polygon",
                "coordinates": [
                    [
                        [
                            36.54611111111111,
                            56.62166666666667
                        ],
                        [
                            36.54666666666667,
                            56.621944444444445
                        ],
                        [
                            36.72166666666667,
                            56.696666666666665
                        ],
                        [
                            36.72166666666667,
                            56.697222222222216
                        ],
                        [
                            36.54611111111111,
                            56.62166666666667
                        ]
                    ]
                ]
            },
            "properties": {
                "description": "\u0422\u0432\u0435\u0440\u0441\u043a\u0430\u044f \u043e\u0431\u043b\u0430\u0441\u0442\u044c -> \u0418\u0432\u0430\u043d\u044c\u043a\u043e\u0432\u0441\u043a\u043e\u0435 \u0432\u043e\u0434\u043e\u0445\u0440\u0430\u043d\u0438\u043b\u0438\u0449\u0435 (\u041a\u043e\u043d\u0430\u043a\u043e\u0432\u0441\u043a\u0438\u0439 \u0440\u0430\u0439\u043e\u043d):"
            }
        },
        {
            "type": "Feature",
            "geometry": {
                "type": "Polygon",
                "coordinates": [
                    [
                        [
                            36.72833333333333,
                            56.75472222222222
                        ],
                        [
                            36.72888888888889,
                            56.755
                        ],
                        [
                            36.71555555555556,
                            56.775
                        ],
                        [
                            36.71638888888889,
                            56.775
                        ],
                        [
                            36.72833333333333,
                            56.75472222222222
                        ]
                    ]
                ]
            },
            "properties": {
                "description": "\u0422\u0432\u0435\u0440\u0441\u043a\u0430\u044f \u043e\u0431\u043b\u0430\u0441\u0442\u044c -> \u0418\u0432\u0430\u043d\u044c\u043a\u043e\u0432\u0441\u043a\u043e\u0435 \u0432\u043e\u0434\u043e\u0445\u0440\u0430\u043d\u0438\u043b\u0438\u0449\u0435 (\u041a\u043e\u043d\u0430\u043a\u043e\u0432\u0441\u043a\u0438\u0439 \u0440\u0430\u0439\u043e\u043d):"
            }
        },
        {
            "type": "Feature",
            "geometry": {
                "type": "Polygon",
                "coordinates": [
                    [
                        [
                            36.596944444444446,
                            56.63444444444444
                        ],
                        [
                            36.59777777777778,
                            56.634166666666665
                        ],
                        [
                            36.64888888888889,
                            56.669999999999995
                        ],
                        [
                            36.98305555555556,
                            56.66972222222222
                        ],
                        [
                            36.596944444444446,
                            56.63444444444444
                        ]
                    ]
                ]
            },
            "properties": {
                "description": "\u0422\u0432\u0435\u0440\u0441\u043a\u0430\u044f \u043e\u0431\u043b\u0430\u0441\u0442\u044c -> \u0418\u0432\u0430\u043d\u044c\u043a\u043e\u0432\u0441\u043a\u043e\u0435 \u0432\u043e\u0434\u043e\u0445\u0440\u0430\u043d\u0438\u043b\u0438\u0449\u0435 (\u041a\u043e\u043d\u0430\u043a\u043e\u0432\u0441\u043a\u0438\u0439 \u0440\u0430\u0439\u043e\u043d):"
            }
        },
        {
            "type": "Feature",
            "geometry": {
                "type": "Polygon",
                "coordinates": [
                    [
                        [
                            36.89194444444444,
                            56.79555555555555
                        ],
                        [
                            36.89222222222222,
                            56.795833333333334
                        ],
                        [
                            37.03472222222222,
                            56.76611111111111
                        ],
                        [
                            37.03527777777778,
                            56.76638888888889
                        ],
                        [
                            36.89194444444444,
                            56.79555555555555
                        ]
                    ]
                ]
            },
            "properties": {
                "description": "\u0422\u0432\u0435\u0440\u0441\u043a\u0430\u044f \u043e\u0431\u043b\u0430\u0441\u0442\u044c -> \u0418\u0432\u0430\u043d\u044c\u043a\u043e\u0432\u0441\u043a\u043e\u0435 \u0432\u043e\u0434\u043e\u0445\u0440\u0430\u043d\u0438\u043b\u0438\u0449\u0435 (\u041a\u043e\u043d\u0430\u043a\u043e\u0432\u0441\u043a\u0438\u0439 \u0440\u0430\u0439\u043e\u043d):"
            }
        },
        {
            "type": "Feature",
            "geometry": {
                "type": "Polygon",
                "coordinates": [
                    [
                        [
                            37.00527777777778,
                            56.7975
                        ],
                        [
                            37.00527777777778,
                            56.79694444444444
                        ],
                        [
                            36.94027777777777,
                            56.80777777777777
                        ],
                        [
                            37.00527777777778,
                            56.7975
                        ]
                    ]
                ]
            },
            "properties": {
                "description": "\u0422\u0432\u0435\u0440\u0441\u043a\u0430\u044f \u043e\u0431\u043b\u0430\u0441\u0442\u044c -> \u0418\u0432\u0430\u043d\u044c\u043a\u043e\u0432\u0441\u043a\u043e\u0435 \u0432\u043e\u0434\u043e\u0445\u0440\u0430\u043d\u0438\u043b\u0438\u0449\u0435 (\u041a\u043e\u043d\u0430\u043a\u043e\u0432\u0441\u043a\u0438\u0439 \u0440\u0430\u0439\u043e\u043d):"
            }
        },
        {
            "type": "Feature",
            "geometry": {
                "type": "Polygon",
                "coordinates": [
                    [
                        [
                            36.94833333333333,
                            56.806666666666665
                        ],
                        [
                            36.92027777777778,
                            56.81805555555556
                        ],
                        [
                            36.92305555555555,
                            56.8325
                        ],
                        [
                            36.973888888888894,
                            56.8175
                        ],
                        [
                            36.97083333333334,
                            56.81055555555555
                        ],
                        [
                            36.94833333333333,
                            56.806666666666665
                        ]
                    ]
                ]
            },
            "properties": {
                "description": "\u0422\u0432\u0435\u0440\u0441\u043a\u0430\u044f \u043e\u0431\u043b\u0430\u0441\u0442\u044c -> \u0418\u0432\u0430\u043d\u044c\u043a\u043e\u0432\u0441\u043a\u043e\u0435 \u0432\u043e\u0434\u043e\u0445\u0440\u0430\u043d\u0438\u043b\u0438\u0449\u0435 (\u041a\u043e\u043d\u0430\u043a\u043e\u0432\u0441\u043a\u0438\u0439 \u0440\u0430\u0439\u043e\u043d):"
            }
        },
        {
            "type": "Feature",
            "geometry": {
                "type": "Polygon",
                "coordinates": [
                    [
                        [
                            37.00555555555555,
                            56.797777777777775
                        ],
                        [
                            36.98972222222222,
                            56.806666666666665
                        ],
                        [
                            36.99611111111111,
                            56.814166666666665
                        ],
                        [
                            37.020833333333336,
                            56.80444444444444
                        ],
                        [
                            37.00555555555555,
                            56.797777777777775
                        ]
                    ]
                ]
            },
            "properties": {
                "description": "\u0422\u0432\u0435\u0440\u0441\u043a\u0430\u044f \u043e\u0431\u043b\u0430\u0441\u0442\u044c -> \u0418\u0432\u0430\u043d\u044c\u043a\u043e\u0432\u0441\u043a\u043e\u0435 \u0432\u043e\u0434\u043e\u0445\u0440\u0430\u043d\u0438\u0438\u0449\u0435 (\u041a\u043e\u043d\u0430\u043a\u043e\u0432\u0441\u043a\u0438\u0439 \u0440\u0430\u0439\u043e\u043d): \u043e\u0441\u0442\u0440\u043e\u0432 \u041e\u043c\u0443\u0442\u043d\u044f \u0432 \u0440\u0430\u0439\u043e\u043d\u0435, \u043e\u0433\u0440\u0430\u043d\u0438\u0447\u0435\u043d\u043d\u043e\u043c \u043f\u0440\u044f\u043c\u044b\u043c\u0438 \u043b\u0438\u043d\u0438\u044f\u043c\u0438, \u0441\u043e\u0435\u0434\u0438\u043d\u044f\u044e\u0449\u0438\u043c\u0438 \u0442\u043e\u0447\u043a\u0438 \u0441 \u0433\u0435\u043e\u0433\u0440\u0430\u0444\u0438\u0447\u0435\u0441\u043a\u0438\u043c\u0438 \u043a\u043e\u043e\u0440\u0434\u0438\u043d\u0430\u0442\u0430\u043c\u0438:"
            }
        },
        {
            "type": "Feature",
            "geometry": {
                "type": "Polygon",
                "coordinates": [
                    [
                        [
                            36.87222222222222,
                            56.79138888888889
                        ],
                        [
                            36.87277777777778,
                            56.79527777777778
                        ],
                        [
                            36.904444444444444,
                            56.793055555555554
                        ],
                        [
                            36.94222222222222,
                            56.78861111111111
                        ],
                        [
                            36.89666666666667,
                            56.786944444444444
                        ],
                        [
                            36.87222222222222,
                            56.79138888888889
                        ]
                    ]
                ]
            },
            "properties": {
                "description": "\u0422\u0432\u0435\u0440\u0441\u043a\u0430\u044f \u043e\u0431\u043b\u0430\u0441\u0442\u044c -> \u0418\u0432\u0430\u043d\u044c\u043a\u043e\u0432\u0441\u043a\u043e\u0435 \u0432\u043e\u0434\u043e\u0445\u0440\u0430\u043d\u0438\u0438\u0449\u0435 (\u041a\u043e\u043d\u0430\u043a\u043e\u0432\u0441\u043a\u0438\u0439 \u0440\u0430\u0439\u043e\u043d): \u043e\u0441\u0442\u0440\u043e\u0432 \u0413\u0440\u0430\u0431\u0438\u043b\u043e\u0432\u043a\u0430:"
            }
        },
        {
            "type": "Feature",
            "geometry": {
                "type": "Polygon",
                "coordinates": [
                    [
                        [
                            37.01555555555556,
                            56.76777777777777
                        ],
                        [
                            37.0175,
                            56.76916666666666
                        ],
                        [
                            37.03916666666667,
                            56.764722222222225
                        ],
                        [
                            37.032777777777774,
                            56.76166666666666
                        ],
                        [
                            37.01555555555556,
                            56.76777777777777
                        ]
                    ]
                ]
            },
            "properties": {
                "description": "\u0422\u0432\u0435\u0440\u0441\u043a\u0430\u044f \u043e\u0431\u043b\u0430\u0441\u0442\u044c -> \u0418\u0432\u0430\u043d\u044c\u043a\u043e\u0432\u0441\u043a\u043e\u0435 \u0432\u043e\u0434\u043e\u0445\u0440\u0430\u043d\u0438\u0438\u0449\u0435 (\u041a\u043e\u043d\u0430\u043a\u043e\u0432\u0441\u043a\u0438\u0439 \u0440\u0430\u0439\u043e\u043d): \u043e\u0441\u0442\u0440\u043e\u0432 \u041b\u0438\u043f\u043d\u044f:"
            }
        },
        {
            "type": "Feature",
            "geometry": {
                "type": "Polygon",
                "coordinates": [
                    [
                        [
                            36.968611111111116,
                            56.79472222222222
                        ],
                        [
                            36.93444444444444,
                            56.78444444444444
                        ],
                        [
                            36.95805555555556,
                            56.761944444444445
                        ],
                        [
                            36.95055555555556,
                            56.75555555555555
                        ],
                        [
                            36.959722222222226,
                            56.751666666666665
                        ],
                        [
                            37.00055555555556,
                            56.77861111111111
                        ],
                        [
                            36.968611111111116,
                            56.79472222222222
                        ]
                    ]
                ]
            },
            "properties": {
                "description": "\u0422\u0432\u0435\u0440\u0441\u043a\u0430\u044f \u043e\u0431\u043b\u0430\u0441\u0442\u044c -> \u0418\u0432\u0430\u043d\u044c\u043a\u043e\u0432\u0441\u043a\u043e\u0435 \u0432\u043e\u0434\u043e\u0445\u0440\u0430\u043d\u0438\u0438\u0449\u0435 (\u041a\u043e\u043d\u0430\u043a\u043e\u0432\u0441\u043a\u0438\u0439 \u0440\u0430\u0439\u043e\u043d): \u043e\u0441\u0442\u0440\u043e\u0432 \u0423\u0445\u043e\u0434\u043e\u0432\u043e:"
            }
        },
        {
            "type": "Feature",
            "geometry": {
                "type": "Polygon",
                "coordinates": [
                    [
                        [
                            36.50611111111111,
                            56.60638888888889
                        ],
                        [
                            36.50694444444444,
                            56.60277777777778
                        ],
                        [
                            36.51305555555555,
                            56.60444444444445
                        ],
                        [
                            36.525555555555556,
                            56.61388888888889
                        ],
                        [
                            36.50611111111111,
                            56.60638888888889
                        ]
                    ]
                ]
            },
            "properties": {
                "description": "\u0422\u0432\u0435\u0440\u0441\u043a\u0430\u044f \u043e\u0431\u043b\u0430\u0441\u0442\u044c -> \u0418\u0432\u0430\u043d\u044c\u043a\u043e\u0432\u0441\u043a\u043e\u0435 \u0432\u043e\u0434\u043e\u0445\u0440\u0430\u043d\u0438\u043b\u0438\u0449\u0435 (\u041a\u043e\u043d\u0430\u043a\u043e\u0432\u0441\u043a\u0438\u0439 \u0440\u0430\u0439\u043e\u043d): \u043e\u0441\u0442\u0440\u043e\u0432 \u0412\u0438\u043d\u043d\u044b\u0439:"
            }
        },
        {
            "type": "Feature",
            "geometry": {
                "type": "Polygon",
                "coordinates": [
                    [
                        [
                            36.35277777777778,
                            56.618611111111115
                        ],
                        [
                            36.54194444444444,
                            56.625
                        ],
                        [
                            36.538888888888884,
                            56.65
                        ],
                        [
                            36.51305555555555,
                            56.644999999999996
                        ],
                        [
                            36.35277777777778,
                            56.618611111111115
                        ]
                    ]
                ]
            },
            "properties": {
                "description": "\u0422\u0432\u0435\u0440\u0441\u043a\u0430\u044f \u043e\u0431\u043b\u0430\u0441\u0442\u044c -> \u0418\u0432\u0430\u043d\u044c\u043a\u043e\u0432\u0441\u043a\u043e\u0435 \u0432\u043e\u0434\u043e\u0445\u0440\u0430\u043d\u0438\u043b\u0438\u0449\u0435 (\u041a\u043e\u043d\u0430\u043a\u043e\u0432\u0441\u043a\u0438\u0439 \u0440\u0430\u0439\u043e\u043d): \u043e\u0441\u0442\u0440\u043e\u0432 \u041d\u0438\u0437\u043e\u0432\u043a\u0430:"
            }
        },
        {
            "type": "Feature",
            "geometry": {
                "type": "Polygon",
                "coordinates": [
                    [
                        [
                            36.51138888888889,
                            56.61083333333333
                        ],
                        [
                            36.513333333333335,
                            56.611111111111114
                        ],
                        [
                            36.513333333333335,
                            56.61138888888889
                        ],
                        [
                            36.51138888888889,
                            56.61083333333333
                        ]
                    ]
                ]
            },
            "properties": {
                "description": "\u0422\u0432\u0435\u0440\u0441\u043a\u0430\u044f \u043e\u0431\u043b\u0430\u0441\u0442\u044c -> \u0418\u0432\u0430\u043d\u044c\u043a\u043e\u0432\u0441\u043a\u043e\u0435 \u0432\u043e\u0434\u043e\u0445\u0440\u0430\u043d\u0438\u043b\u0438\u0449\u0435 (\u041a\u043e\u043d\u0430\u043a\u043e\u0432\u0441\u043a\u0438\u0439 \u0440\u0430\u0439\u043e\u043d): \u043f\u0440\u043e\u0442\u043e\u043a\u0430 \u043c\u0435\u0436\u0434\u0443 \u0422\u043e\u043b\u0441\u0442\u043e\u0432\u0441\u043a\u0438\u043c\u0438 \u043e\u0441\u0442\u0440\u043e\u0432\u0430\u043c\u0438 \u0438 \u043e\u0441\u0442\u0440\u043e\u0432\u043e\u043c \u0412\u0438\u043d\u043d\u044b\u0439: \u0443\u0447\u0430\u0441\u0442\u043e\u043a \u043f\u0440\u043e\u0442\u044f\u0436\u0435\u043d\u043d\u043e\u0441\u0442\u044c\u044e 120 \u043c, \u0448\u0438\u0440\u0438\u043d\u043e\u0439 15 \u043c, \u043e\u0431\u0449\u0435\u0439 \u043f\u043b\u043e\u0449\u0430\u0434\u044c\u044e 0,2 \u0433\u0430:"
            }
        },
        {
            "type": "Feature",
            "geometry": {
                "type": "Polygon",
                "coordinates": [
                    [
                        [
                            36.51083333333333,
                            56.61611111111111
                        ],
                        [
                            36.510555555555555,
                            56.61611111111111
                        ],
                        [
                            36.51222222222222,
                            56.61555555555556
                        ],
                        [
                            36.511944444444445,
                            56.61555555555556
                        ],
                        [
                            36.51083333333333,
                            56.61611111111111
                        ]
                    ]
                ]
            },
            "properties": {
                "description": "\u0422\u0432\u0435\u0440\u0441\u043a\u0430\u044f \u043e\u0431\u043b\u0430\u0441\u0442\u044c -> \u0418\u0432\u0430\u043d\u044c\u043a\u043e\u0432\u0441\u043a\u043e\u0435 \u0432\u043e\u0434\u043e\u0445\u0440\u0430\u043d\u0438\u043b\u0438\u0449\u0435 (\u041a\u043e\u043d\u0430\u043a\u043e\u0432\u0441\u043a\u0438\u0439 \u0440\u0430\u0439\u043e\u043d):"
            }
        },
        {
            "type": "Feature",
            "geometry": {
                "type": "Polygon",
                "coordinates": [
                    [
                        [
                            36.718333333333334,
                            56.80277777777778
                        ],
                        [
                            36.717222222222226,
                            56.801944444444445
                        ],
                        [
                            36.718333333333334,
                            56.801944444444445
                        ],
                        [
                            36.718333333333334,
                            56.80277777777778
                        ]
                    ]
                ]
            },
            "properties": {
                "description": "\u0422\u0432\u0435\u0440\u0441\u043a\u0430\u044f \u043e\u0431\u043b\u0430\u0441\u0442\u044c -> \u0440\u0435\u043a\u0430 \u0421\u043e\u0437\u044c (\u041a\u043e\u043d\u0430\u043a\u043e\u0432\u0441\u043a\u0438\u0439 \u0440\u0430\u0439\u043e\u043d): \u0443\u0447\u0430\u0441\u0442\u043e\u043a \u043f\u0440\u043e\u0442\u044f\u0436\u0435\u043d\u043d\u043e\u0441\u0442\u044c\u044e 70 \u043c, \u0448\u0438\u0440\u0438\u043d\u043e\u0439 40 \u043c, \u043e\u0431\u0449\u0435\u0439 \u043f\u043b\u043e\u0449\u0430\u0434\u044c\u044e 0,3 \u0433\u0430:"
            }
        },
        {
            "type": "Feature",
            "geometry": {
                "type": "Polygon",
                "coordinates": [
                    [
                        [
                            36.70527777777778,
                            56.79861111111111
                        ],
                        [
                            36.705000000000005,
                            56.79944444444444
                        ],
                        [
                            36.70611111111111,
                            56.79888888888889
                        ],
                        [
                            36.70527777777778,
                            56.79861111111111
                        ]
                    ]
                ]
            },
            "properties": {
                "description": "\u0422\u0432\u0435\u0440\u0441\u043a\u0430\u044f \u043e\u0431\u043b\u0430\u0441\u0442\u044c -> \u0440\u0435\u043a\u0430 \u0421\u043e\u0437\u044c (\u041a\u043e\u043d\u0430\u043a\u043e\u0432\u0441\u043a\u0438\u0439 \u0440\u0430\u0439\u043e\u043d): \u0443\u0447\u0430\u0441\u0442\u043e\u043a \u043f\u0440\u043e\u0442\u044f\u0436\u0435\u043d\u043d\u043e\u0441\u0442\u044c\u044e 70 \u043c, \u0448\u0438\u0440\u0438\u043d\u043e\u0439 40 \u043c, \u043e\u0431\u0449\u0435\u0439 \u043f\u043b\u043e\u0449\u0430\u0434\u044c\u044e 0,3 \u0433\u0430:"
            }
        },
        {
            "type": "Feature",
            "geometry": {
                "type": "Polygon",
                "coordinates": [
                    [
                        [
                            36.66111111111111,
                            56.76861111111111
                        ],
                        [
                            36.66111111111111,
                            56.76888888888889
                        ],
                        [
                            36.665,
                            56.769444444444446
                        ],
                        [
                            36.668055555555554,
                            56.769444444444446
                        ],
                        [
                            36.66111111111111,
                            56.76861111111111
                        ]
                    ]
                ]
            },
            "properties": {
                "description": "\u0422\u0432\u0435\u0440\u0441\u043a\u0430\u044f \u043e\u0431\u043b\u0430\u0441\u0442\u044c -> \u0440\u0435\u043a\u0430 \u0411\u0430\u0431\u043d\u044f (\u041a\u043e\u043d\u0430\u043a\u043e\u0432\u0441\u043a\u0438\u0439 \u0440\u0430\u0439\u043e\u043d): \u0443\u0447\u0430\u0441\u0442\u043e\u043a \u043f\u0440\u043e\u0442\u044f\u0436\u0435\u043d\u043d\u043e\u0441\u0442\u044c\u044e 310 \u043c, \u0448\u0438\u0440\u0438\u043d\u043e\u0439 45 \u043c, \u043e\u0431\u0449\u0435\u0439 \u043f\u043b\u043e\u0449\u0430\u0434\u044c\u044e 1,4 \u0433\u0430:"
            }
        },
        {
            "type": "Feature",
            "geometry": {
                "type": "Polygon",
                "coordinates": [
                    [
                        [
                            37.134949999999996,
                            56.67270277777777
                        ],
                        [
                            37.15753333333333,
                            56.66220833333333
                        ],
                        [
                            37.134949999999996,
                            56.67270277777777
                        ]
                    ]
                ]
            },
            "properties": {
                "description": "\u0422\u0432\u0435\u0440\u0441\u043a\u0430\u044f \u043e\u0431\u043b\u0430\u0441\u0442\u044c -> \u0440\u0435\u043a\u0430 \u0421\u0435\u0441\u0442\u0440\u0430 (\u041a\u043e\u043d\u0430\u043a\u043e\u0432\u0441\u043a\u0438\u0439 \u0440\u0430\u0439\u043e\u043d): \u0432 \u0433\u0440\u0430\u043d\u0438\u0446\u0430\u0445 \u041a\u043e\u043d\u0430\u043a\u043e\u0432\u0441\u043a\u043e\u0433\u043e \u0440\u0430\u0439\u043e\u043d\u0430:"
            }
        },
        {
            "type": "Feature",
            "geometry": {
                "type": "Polygon",
                "coordinates": [
                    [
                        [
                            36.77111111111111,
                            56.70944444444445
                        ],
                        [
                            36.76916666666666,
                            56.7075
                        ],
                        [
                            36.7675,
                            56.70777777777778
                        ],
                        [
                            36.76916666666666,
                            56.71055555555556
                        ],
                        [
                            36.77111111111111,
                            56.70944444444445
                        ]
                    ]
                ]
            },
            "properties": {
                "description": "\u0422\u0432\u0435\u0440\u0441\u043a\u0430\u044f \u043e\u0431\u043b\u0430\u0441\u0442\u044c -> \u0440\u0435\u043a\u0430 \u0414\u043e\u043d\u0445\u043e\u0432\u043a\u0430 (\u041a\u043e\u043d\u0430\u043a\u043e\u0432\u0441\u043a\u0438\u0439 \u0440\u0430\u0439\u043e\u043d): \u0443\u0447\u0430\u0441\u0442\u043e\u043a \u043f\u0440\u043e\u0442\u044f\u0436\u0435\u043d\u043d\u043e\u0441\u0442\u044c\u044e 570 \u043c, \u0448\u0438\u0440\u0438\u043d\u043e\u0439 60 \u043c, \u043e\u0431\u0449\u0435\u0439 \u043f\u043b\u043e\u0449\u0430\u0434\u044c\u044e 3,4 \u0433\u0430:"
            }
        },
        {
            "type": "Feature",
            "geometry": {
                "type": "Polygon",
                "coordinates": [
                    [
                        [
                            36.774166666666666,
                            56.702222222222225
                        ],
                        [
                            36.7725,
                            56.7025
                        ],
                        [
                            36.772777777777776,
                            56.70388888888889
                        ],
                        [
                            36.771388888888886,
                            56.70722222222223
                        ],
                        [
                            36.77305555555555,
                            56.70888888888889
                        ],
                        [
                            36.775555555555556,
                            56.708333333333336
                        ],
                        [
                            36.77388888888889,
                            56.70777777777778
                        ],
                        [
                            36.774166666666666,
                            56.705000000000005
                        ],
                        [
                            36.77583333333333,
                            56.703611111111115
                        ],
                        [
                            36.774166666666666,
                            56.702222222222225
                        ]
                    ]
                ]
            },
            "properties": {
                "description": "\u0422\u0432\u0435\u0440\u0441\u043a\u0430\u044f \u043e\u0431\u043b\u0430\u0441\u0442\u044c -> \u0440\u0435\u043a\u0430 \u0414\u043e\u043d\u0445\u043e\u0432\u043a\u0430 (\u041a\u043e\u043d\u0430\u043a\u043e\u0432\u0441\u043a\u0438\u0439 \u0440\u0430\u0439\u043e\u043d): \u0443\u0447\u0430\u0441\u0442\u043e\u043a \u043f\u0440\u043e\u0442\u044f\u0436\u0435\u043d\u043d\u043e\u0441\u0442\u044c\u044e 670 \u043c, \u0448\u0438\u0440\u0438\u043d\u043e\u0439 15 \u043c, \u043e\u0431\u0449\u0435\u0439 \u043f\u043b\u043e\u0449\u0430\u0434\u044c\u044e 10,2 \u0433\u0430:"
            }
        },
        {
            "type": "Feature",
            "geometry": {
                "type": "Polygon",
                "coordinates": [
                    [
                        [
                            36.72138888888889,
                            56.67972222222222
                        ],
                        [
                            36.720555555555556,
                            56.67972222222222
                        ],
                        [
                            36.72,
                            56.68138888888889
                        ],
                        [
                            36.72138888888889,
                            56.67972222222222
                        ]
                    ]
                ]
            },
            "properties": {
                "description": "\u0422\u0432\u0435\u0440\u0441\u043a\u0430\u044f \u043e\u0431\u043b\u0430\u0441\u0442\u044c -> \u0440\u0435\u043a\u0430 \u0421\u0443\u0447\u043e\u043a (\u041a\u043e\u043d\u0430\u043a\u043e\u0432\u0441\u043a\u0438\u0439 \u0440\u0430\u0439\u043e\u043d): \u0443\u0447\u0430\u0441\u0442\u043e\u043a \u043f\u0440\u043e\u0442\u044f\u0436\u0435\u043d\u043d\u043e\u0441\u0442\u044c\u044e 145 \u043c, \u0448\u0438\u0440\u0438\u043d\u043e\u0439 55 \u043c, \u043e\u0431\u0449\u0435\u0439 \u043f\u043b\u043e\u0449\u0430\u0434\u044c\u044e 0,8 \u0433\u0430:"
            }
        },
        {
            "type": "Feature",
            "geometry": {
                "type": "Polygon",
                "coordinates": [
                    [
                        [
                            36.67061944444444,
                            56.828833333333336
                        ],
                        [
                            36.58491111111111,
                            56.83703888888889
                        ],
                        [
                            36.67061944444444,
                            56.828833333333336
                        ]
                    ]
                ]
            },
            "properties": {
                "description": "\u0422\u0432\u0435\u0440\u0441\u043a\u0430\u044f \u043e\u0431\u043b\u0430\u0441\u0442\u044c -> \u0440\u0435\u043a\u0430 \u0421\u043e\u0441\u0446\u0430 (\u041a\u043e\u043d\u0430\u043a\u043e\u0432\u0441\u043a\u0438\u0439 \u0440\u0430\u0439\u043e\u043d):"
            }
        },
        {
            "type": "Feature",
            "geometry": {
                "type": "Polygon",
                "coordinates": [
                    [
                        [
                            34.115719444444444,
                            57.06353333333333
                        ],
                        [
                            34.142275,
                            57.038174999999995
                        ],
                        [
                            34.11623055555556,
                            57.06372222222222
                        ],
                        [
                            34.16000277777778,
                            57.04120277777778
                        ],
                        [
                            34.14344722222222,
                            57.05714722222222
                        ],
                        [
                            34.15694722222222,
                            57.06250555555555
                        ],
                        [
                            34.45823055555556,
                            56.97155277777778
                        ],
                        [
                            34.115719444444444,
                            57.06353333333333
                        ]
                    ]
                ]
            },
            "properties": {
                "description": "\u0422\u0432\u0435\u0440\u0441\u043a\u0430\u044f \u043e\u0431\u043b\u0430\u0441\u0442\u044c -> \u041d\u0435\u0433\u043e\u0447\u0430\u043d\u0441\u043a\u043e\u0435 \u0432\u043e\u0434\u043e\u0445\u0440\u0430\u043d\u0438\u043b\u0438\u0449\u0435 (\u041a\u0443\u0432\u0448\u0438\u043d\u043e\u0432\u0441\u043a\u0438\u0439 \u0440\u0430\u0439\u043e\u043d):"
            }
        },
        {
            "type": "Feature",
            "geometry": {
                "type": "Polygon",
                "coordinates": [
                    [
                        [
                            34.318625000000004,
                            57.187149999999995
                        ],
                        [
                            33.85572222222223,
                            57.22709722222223
                        ],
                        [
                            34.318625000000004,
                            57.187149999999995
                        ]
                    ]
                ]
            },
            "properties": {
                "description": "\u0422\u0432\u0435\u0440\u0441\u043a\u0430\u044f \u043e\u0431\u043b\u0430\u0441\u0442\u044c -> \u0440\u0435\u043a\u0430 \u041f\u043e\u0432\u0435\u0434\u044c (\u041a\u0443\u0432\u0448\u0438\u043d\u043e\u0432\u0441\u043a\u0438\u0439 \u0440\u0430\u0439\u043e\u043d):"
            }
        },
        {
            "type": "Feature",
            "geometry": {
                "type": "Polygon",
                "coordinates": [
                    [
                        [
                            35.42957222222222,
                            57.37862777777778
                        ],
                        [
                            35.44651111111111,
                            57.373472222222226
                        ],
                        [
                            35.42957222222222,
                            57.37862777777778
                        ]
                    ]
                ]
            },
            "properties": {
                "description": "\u0422\u0432\u0435\u0440\u0441\u043a\u0430\u044f \u043e\u0431\u043b\u0430\u0441\u0442\u044c -> \u0440\u0435\u043a\u0430 \u041c\u0435\u0434\u0432\u0435\u0434\u0438\u0446\u0430 (\u041b\u0438\u0445\u043e\u0441\u043b\u0430\u0432\u043b\u044c\u0441\u043a\u0438\u0439 \u0440\u0430\u0439\u043e\u043d):"
            }
        },
        {
            "type": "Feature",
            "geometry": {
                "type": "Polygon",
                "coordinates": [
                    [
                        [
                            35.68056111111111,
                            57.376875
                        ],
                        [
                            35.76873055555556,
                            57.36343333333333
                        ],
                        [
                            35.68056111111111,
                            57.376875
                        ]
                    ]
                ]
            },
            "properties": {
                "description": "\u0422\u0432\u0435\u0440\u0441\u043a\u0430\u044f \u043e\u0431\u043b\u0430\u0441\u0442\u044c -> \u0440\u0435\u043a\u0430 \u041c\u0435\u0434\u0432\u0435\u0434\u0438\u0446\u0430 (\u041b\u0438\u0445\u043e\u0441\u043b\u0430\u0432\u043b\u044c\u0441\u043a\u0438\u0439 \u0440\u0430\u0439\u043e\u043d):"
            }
        },
        {
            "type": "Feature",
            "geometry": {
                "type": "Polygon",
                "coordinates": [
                    [
                        [
                            35.600569444444446,
                            57.43535555555555
                        ],
                        [
                            35.60058611111111,
                            57.43604166666666
                        ],
                        [
                            35.600825,
                            57.43608055555555
                        ],
                        [
                            35.60078888888889,
                            57.43536388888889
                        ],
                        [
                            35.600569444444446,
                            57.43535555555555
                        ]
                    ]
                ]
            },
            "properties": {
                "description": "\u0422\u0432\u0435\u0440\u0441\u043a\u0430\u044f \u043e\u0431\u043b\u0430\u0441\u0442\u044c -> \u0440\u0435\u043a\u0430 \u041c\u0435\u0434\u0432\u0435\u0434\u0438\u0446\u0430 (\u041b\u0438\u0445\u043e\u0441\u043b\u0430\u0432\u043b\u044c\u0441\u043a\u0438\u0439 \u0440\u0430\u0439\u043e\u043d):"
            }
        },
        {
            "type": "Feature",
            "geometry": {
                "type": "Polygon",
                "coordinates": [
                    [
                        [
                            35.52955277777777,
                            57.13780555555555
                        ],
                        [
                            35.537825,
                            57.13431666666666
                        ],
                        [
                            35.52955277777777,
                            57.13780555555555
                        ]
                    ]
                ]
            },
            "properties": {
                "description": "\u0422\u0432\u0435\u0440\u0441\u043a\u0430\u044f \u043e\u0431\u043b\u0430\u0441\u0442\u044c -> \u0440\u0435\u043a\u0430 \u041a\u0430\u0432\u0430 (\u041b\u0438\u0445\u043e\u0441\u043b\u0430\u0432\u043b\u044c\u0441\u043a\u0438\u0439 \u0440\u0430\u0439\u043e\u043d):"
            }
        },
        {
            "type": "Feature",
            "geometry": {
                "type": "Polygon",
                "coordinates": [
                    [
                        [
                            35.66773055555555,
                            57.12754722222222
                        ],
                        [
                            35.67108333333333,
                            57.12387777777778
                        ],
                        [
                            35.66773055555555,
                            57.12754722222222
                        ]
                    ]
                ]
            },
            "properties": {
                "description": "\u0422\u0432\u0435\u0440\u0441\u043a\u0430\u044f \u043e\u0431\u043b\u0430\u0441\u0442\u044c -> \u0440\u0435\u043a\u0430 \u041a\u0430\u0432\u0430 (\u041b\u0438\u0445\u043e\u0441\u043b\u0430\u0432\u043b\u044c\u0441\u043a\u0438\u0439 \u0440\u0430\u0439\u043e\u043d):"
            }
        },
        {
            "type": "Feature",
            "geometry": {
                "type": "Polygon",
                "coordinates": [
                    [
                        [
                            35.70388611111112,
                            57.103052777777776
                        ],
                        [
                            35.719436111111115,
                            57.100119444444445
                        ],
                        [
                            35.70388611111112,
                            57.103052777777776
                        ]
                    ]
                ]
            },
            "properties": {
                "description": "\u0422\u0432\u0435\u0440\u0441\u043a\u0430\u044f \u043e\u0431\u043b\u0430\u0441\u0442\u044c -> \u0440\u0435\u043a\u0430 \u041a\u0430\u0432\u0430 (\u041b\u0438\u0445\u043e\u0441\u043b\u0430\u0432\u043b\u044c\u0441\u043a\u0438\u0439 \u0440\u0430\u0439\u043e\u043d):"
            }
        },
        {
            "type": "Feature",
            "geometry": {
                "type": "Polygon",
                "coordinates": [
                    [
                        [
                            33.025866666666666,
                            57.22577777777778
                        ],
                        [
                            33.03708333333333,
                            57.22724166666667
                        ],
                        [
                            33.04358333333333,
                            57.226819444444445
                        ],
                        [
                            33.037663888888886,
                            57.226800000000004
                        ],
                        [
                            33.02674444444445,
                            57.225566666666666
                        ],
                        [
                            33.025866666666666,
                            57.22577777777778
                        ]
                    ]
                ]
            },
            "properties": {
                "description": "\u0422\u0432\u0435\u0440\u0441\u043a\u0430\u044f \u043e\u0431\u043b\u0430\u0441\u0442\u044c -> \u043e\u0437\u0435\u0440\u043e \u0421\u0435\u043b\u0438\u0433\u0435\u0440 (\u041e\u0441\u0442\u0430\u0448\u043a\u043e\u0432\u0441\u043a\u0438\u0439 \u0440\u0430\u0439\u043e\u043d):"
            }
        },
        {
            "type": "Feature",
            "geometry": {
                "type": "Polygon",
                "coordinates": [
                    [
                        [
                            33.07989166666667,
                            57.24273055555555
                        ],
                        [
                            33.082633333333334,
                            57.242358333333335
                        ],
                        [
                            33.08624722222223,
                            57.242469444444446
                        ],
                        [
                            33.08543888888889,
                            57.24229166666667
                        ],
                        [
                            33.08261944444445,
                            57.24218611111111
                        ],
                        [
                            33.07991388888889,
                            57.24263611111111
                        ],
                        [
                            33.07989166666667,
                            57.24273055555555
                        ]
                    ]
                ]
            },
            "properties": {
                "description": "\u0422\u0432\u0435\u0440\u0441\u043a\u0430\u044f \u043e\u0431\u043b\u0430\u0441\u0442\u044c -> \u043e\u0437\u0435\u0440\u043e \u0421\u0435\u043b\u0438\u0433\u0435\u0440 (\u041e\u0441\u0442\u0430\u0448\u043a\u043e\u0432\u0441\u043a\u0438\u0439 \u0440\u0430\u0439\u043e\u043d):"
            }
        },
        {
            "type": "Feature",
            "geometry": {
                "type": "Polygon",
                "coordinates": [
                    [
                        [
                            32.85041388888889,
                            57.26128055555556
                        ],
                        [
                            32.85016666666667,
                            57.261433333333336
                        ],
                        [
                            32.85342222222222,
                            57.261491666666664
                        ],
                        [
                            32.85423055555556,
                            57.261319444444446
                        ],
                        [
                            32.85041388888889,
                            57.26128055555556
                        ]
                    ]
                ]
            },
            "properties": {
                "description": "\u0422\u0432\u0435\u0440\u0441\u043a\u0430\u044f \u043e\u0431\u043b\u0430\u0441\u0442\u044c -> \u043e\u0437\u0435\u0440\u043e \u0421\u0435\u043b\u0438\u0433\u0435\u0440 (\u041e\u0441\u0442\u0430\u0448\u043a\u043e\u0432\u0441\u043a\u0438\u0439 \u0440\u0430\u0439\u043e\u043d):"
            }
        },
        {
            "type": "Feature",
            "geometry": {
                "type": "Polygon",
                "coordinates": [
                    [
                        [
                            32.714019444444446,
                            57.24851944444445
                        ],
                        [
                            32.71414166666667,
                            57.24881111111111
                        ],
                        [
                            32.715300000000006,
                            57.247033333333334
                        ],
                        [
                            32.714980555555556,
                            57.24706388888889
                        ],
                        [
                            32.714019444444446,
                            57.24851944444445
                        ]
                    ]
                ]
            },
            "properties": {
                "description": "\u0422\u0432\u0435\u0440\u0441\u043a\u0430\u044f \u043e\u0431\u043b\u0430\u0441\u0442\u044c -> \u043e\u0437\u0435\u0440\u043e \u0421\u0435\u043b\u0438\u0433\u0435\u0440 (\u041e\u0441\u0442\u0430\u0448\u043a\u043e\u0432\u0441\u043a\u0438\u0439 \u0440\u0430\u0439\u043e\u043d):"
            }
        },
        {
            "type": "Feature",
            "geometry": {
                "type": "Polygon",
                "coordinates": [
                    [
                        [
                            33.0119,
                            57.20503611111111
                        ],
                        [
                            33.01197777777778,
                            57.205533333333335
                        ],
                        [
                            33.00892777777778,
                            57.20841388888889
                        ],
                        [
                            33.008608333333335,
                            57.20836111111112
                        ],
                        [
                            33.0119,
                            57.20503611111111
                        ]
                    ]
                ]
            },
            "properties": {
                "description": "\u0422\u0432\u0435\u0440\u0441\u043a\u0430\u044f \u043e\u0431\u043b\u0430\u0441\u0442\u044c -> \u043e\u0437\u0435\u0440\u043e \u0421\u0435\u043b\u0438\u0433\u0435\u0440 (\u041e\u0441\u0442\u0430\u0448\u043a\u043e\u0432\u0441\u043a\u0438\u0439 \u0440\u0430\u0439\u043e\u043d):"
            }
        },
        {
            "type": "Feature",
            "geometry": {
                "type": "Polygon",
                "coordinates": [
                    [
                        [
                            32.98246944444445,
                            57.13495277777778
                        ],
                        [
                            32.957994444444445,
                            57.11290277777778
                        ],
                        [
                            32.985325,
                            57.13388055555556
                        ],
                        [
                            32.96051388888889,
                            57.11221666666667
                        ],
                        [
                            32.98246944444445,
                            57.13495277777778
                        ]
                    ]
                ]
            },
            "properties": {
                "description": "\u0422\u0432\u0435\u0440\u0441\u043a\u0430\u044f \u043e\u0431\u043b\u0430\u0441\u0442\u044c -> \u043e\u0437\u0435\u0440\u043e \u0421\u0435\u043b\u0438\u0433\u0435\u0440 (\u041e\u0441\u0442\u0430\u0448\u043a\u043e\u0432\u0441\u043a\u0438\u0439 \u0440\u0430\u0439\u043e\u043d):"
            }
        },
        {
            "type": "Feature",
            "geometry": {
                "type": "Polygon",
                "coordinates": [
                    [
                        [
                            33.02148333333333,
                            57.145697222222225
                        ],
                        [
                            32.98750277777778,
                            57.13824722222222
                        ],
                        [
                            33.01893611111111,
                            57.143391666666666
                        ],
                        [
                            32.98768611111111,
                            57.13627777777778
                        ],
                        [
                            33.02148333333333,
                            57.145697222222225
                        ]
                    ]
                ]
            },
            "properties": {
                "description": "\u0422\u0432\u0435\u0440\u0441\u043a\u0430\u044f \u043e\u0431\u043b\u0430\u0441\u0442\u044c -> \u043e\u0437\u0435\u0440\u043e \u0421\u0435\u043b\u0438\u0433\u0435\u0440 (\u041e\u0441\u0442\u0430\u0448\u043a\u043e\u0432\u0441\u043a\u0438\u0439 \u0440\u0430\u0439\u043e\u043d):"
            }
        },
        {
            "type": "Feature",
            "geometry": {
                "type": "Polygon",
                "coordinates": [
                    [
                        [
                            32.860172222222225,
                            57.28910555555555
                        ],
                        [
                            32.859769444444446,
                            57.28926666666666
                        ],
                        [
                            32.86065,
                            57.294552777777774
                        ],
                        [
                            32.861380555555556,
                            57.29498888888889
                        ],
                        [
                            32.860172222222225,
                            57.28910555555555
                        ]
                    ]
                ]
            },
            "properties": {
                "description": "\u0422\u0432\u0435\u0440\u0441\u043a\u0430\u044f \u043e\u0431\u043b\u0430\u0441\u0442\u044c -> \u043e\u0437\u0435\u0440\u043e \u0421\u0435\u043b\u0438\u0433\u0435\u0440 (\u041e\u0441\u0442\u0430\u0448\u043a\u043e\u0432\u0441\u043a\u0438\u0439 \u0440\u0430\u0439\u043e\u043d):"
            }
        },
        {
            "type": "Feature",
            "geometry": {
                "type": "Polygon",
                "coordinates": [
                    [
                        [
                            33.14078888888889,
                            57.30046944444444
                        ],
                        [
                            33.14046944444444,
                            57.300038888888885
                        ],
                        [
                            33.14182777777778,
                            57.29953611111111
                        ],
                        [
                            33.142405555555555,
                            57.29974444444444
                        ],
                        [
                            33.14078888888889,
                            57.30046944444444
                        ]
                    ]
                ]
            },
            "properties": {
                "description": "\u0422\u0432\u0435\u0440\u0441\u043a\u0430\u044f \u043e\u0431\u043b\u0430\u0441\u0442\u044c -> \u043e\u0437\u0435\u0440\u043e \u0421\u0435\u043b\u0438\u0433\u0435\u0440 (\u041e\u0441\u0442\u0430\u0448\u043a\u043e\u0432\u0441\u043a\u0438\u0439 \u0440\u0430\u0439\u043e\u043d):"
            }
        },
        {
            "type": "Feature",
            "geometry": {
                "type": "Polygon",
                "coordinates": [
                    [
                        [
                            32.90773055555555,
                            57.30894722222222
                        ],
                        [
                            32.90772777777778,
                            57.30928055555555
                        ],
                        [
                            32.91587777777777,
                            57.30918611111111
                        ],
                        [
                            32.91617222222222,
                            57.30903055555555
                        ],
                        [
                            32.90773055555555,
                            57.30894722222222
                        ]
                    ]
                ]
            },
            "properties": {
                "description": "\u0422\u0432\u0435\u0440\u0441\u043a\u0430\u044f \u043e\u0431\u043b\u0430\u0441\u0442\u044c -> \u043e\u0437\u0435\u0440\u043e \u0421\u0435\u043b\u0438\u0433\u0435\u0440 (\u041e\u0441\u0442\u0430\u0448\u043a\u043e\u0432\u0441\u043a\u0438\u0439 \u0440\u0430\u0439\u043e\u043d):"
            }
        },
        {
            "type": "Feature",
            "geometry": {
                "type": "Polygon",
                "coordinates": [
                    [
                        [
                            33.04736666666666,
                            57.393636111111114
                        ],
                        [
                            33.052411111111105,
                            57.39456388888889
                        ],
                        [
                            33.05163888888889,
                            57.396680555555555
                        ],
                        [
                            33.04736666666666,
                            57.393636111111114
                        ]
                    ]
                ]
            },
            "properties": {
                "description": "\u0422\u0432\u0435\u0440\u0441\u043a\u0430\u044f \u043e\u0431\u043b\u0430\u0441\u0442\u044c -> \u043e\u0437\u0435\u0440\u043e \u0421\u0435\u043b\u0438\u0433\u0435\u0440 (\u041e\u0441\u0442\u0430\u0448\u043a\u043e\u0432\u0441\u043a\u0438\u0439 \u0440\u0430\u0439\u043e\u043d):"
            }
        },
        {
            "type": "Feature",
            "geometry": {
                "type": "Polygon",
                "coordinates": [
                    [
                        [
                            33.06675277777778,
                            57.267744444444446
                        ],
                        [
                            33.06829166666667,
                            57.27018611111111
                        ],
                        [
                            33.07040000000001,
                            57.270091666666666
                        ],
                        [
                            33.07261666666667,
                            57.26718611111111
                        ],
                        [
                            33.06675277777778,
                            57.267744444444446
                        ]
                    ]
                ]
            },
            "properties": {
                "description": "\u0422\u0432\u0435\u0440\u0441\u043a\u0430\u044f \u043e\u0431\u043b\u0430\u0441\u0442\u044c -> \u043e\u0437\u0435\u0440\u043e \u0421\u0435\u043b\u0438\u0433\u0435\u0440 (\u041e\u0441\u0442\u0430\u0448\u043a\u043e\u0432\u0441\u043a\u0438\u0439 \u0440\u0430\u0439\u043e\u043d):"
            }
        },
        {
            "type": "Feature",
            "geometry": {
                "type": "Polygon",
                "coordinates": [
                    [
                        [
                            33.198230555555554,
                            57.31491944444444
                        ],
                        [
                            33.19909166666666,
                            57.313991666666666
                        ],
                        [
                            33.198366666666665,
                            57.31316388888889
                        ],
                        [
                            33.19726111111111,
                            57.313741666666665
                        ],
                        [
                            33.198230555555554,
                            57.31491944444444
                        ]
                    ]
                ]
            },
            "properties": {
                "description": "\u0422\u0432\u0435\u0440\u0441\u043a\u0430\u044f \u043e\u0431\u043b\u0430\u0441\u0442\u044c -> \u043e\u0437\u0435\u0440\u043e \u0421\u0435\u043b\u0438\u0433\u0435\u0440 (\u041e\u0441\u0442\u0430\u0448\u043a\u043e\u0432\u0441\u043a\u0438\u0439 \u0440\u0430\u0439\u043e\u043d):"
            }
        },
        {
            "type": "Feature",
            "geometry": {
                "type": "Polygon",
                "coordinates": [
                    [
                        [
                            33.29047222222222,
                            57.059438888888884
                        ],
                        [
                            33.28767777777777,
                            57.03603888888889
                        ],
                        [
                            33.29047222222222,
                            57.059438888888884
                        ]
                    ]
                ]
            },
            "properties": {
                "description": "\u0422\u0432\u0435\u0440\u0441\u043a\u0430\u044f \u043e\u0431\u043b\u0430\u0441\u0442\u044c -> \u043e\u0437\u0435\u0440\u043e \u0421\u0435\u043b\u0438\u0433\u0435\u0440 (\u041e\u0441\u0442\u0430\u0448\u043a\u043e\u0432\u0441\u043a\u0438\u0439 \u0440\u0430\u0439\u043e\u043d):"
            }
        },
        {
            "type": "Feature",
            "geometry": {
                "type": "Polygon",
                "coordinates": [
                    [
                        [
                            33.29065,
                            57.28726666666667
                        ],
                        [
                            33.29541111111111,
                            57.285875
                        ],
                        [
                            33.298602777777774,
                            57.28510555555555
                        ],
                        [
                            33.30028333333333,
                            57.28547777777778
                        ],
                        [
                            33.29920833333333,
                            57.28648333333333
                        ],
                        [
                            33.29752777777777,
                            57.287102777777775
                        ],
                        [
                            33.298224999999995,
                            57.28814722222222
                        ],
                        [
                            33.29683611111111,
                            57.289138888888886
                        ],
                        [
                            33.29347222222222,
                            57.28968888888889
                        ],
                        [
                            33.29065,
                            57.28726666666667
                        ]
                    ]
                ]
            },
            "properties": {
                "description": "\u0422\u0432\u0435\u0440\u0441\u043a\u0430\u044f \u043e\u0431\u043b\u0430\u0441\u0442\u044c -> \u043e\u0437\u0435\u0440\u043e \u0421\u0435\u043b\u0438\u0433\u0435\u0440 (\u041e\u0441\u0442\u0430\u0448\u043a\u043e\u0432\u0441\u043a\u0438\u0439 \u0440\u0430\u0439\u043e\u043d):"
            }
        },
        {
            "type": "Feature",
            "geometry": {
                "type": "Polygon",
                "coordinates": [
                    [
                        [
                            32.928688888888885,
                            57.26724166666666
                        ],
                        [
                            32.92767222222222,
                            57.265813888888886
                        ],
                        [
                            32.928925,
                            57.26503888888889
                        ],
                        [
                            32.92865277777778,
                            57.264272222222225
                        ],
                        [
                            32.92928055555555,
                            57.263891666666666
                        ],
                        [
                            32.93031111111111,
                            57.264741666666666
                        ],
                        [
                            32.931425,
                            57.26455555555555
                        ],
                        [
                            32.93301944444444,
                            57.265080555555556
                        ],
                        [
                            32.93221944444444,
                            57.26596388888889
                        ],
                        [
                            32.93115833333333,
                            57.265905555555555
                        ],
                        [
                            32.93011944444444,
                            57.26627222222222
                        ],
                        [
                            32.930905555555555,
                            57.267183333333335
                        ],
                        [
                            32.928688888888885,
                            57.26724166666666
                        ]
                    ]
                ]
            },
            "properties": {
                "description": "\u0422\u0432\u0435\u0440\u0441\u043a\u0430\u044f \u043e\u0431\u043b\u0430\u0441\u0442\u044c -> \u043e\u0437\u0435\u0440\u043e \u0421\u0435\u043b\u0438\u0433\u0435\u0440 (\u041e\u0441\u0442\u0430\u0448\u043a\u043e\u0432\u0441\u043a\u0438\u0439 \u0440\u0430\u0439\u043e\u043d):"
            }
        },
        {
            "type": "Feature",
            "geometry": {
                "type": "Polygon",
                "coordinates": [
                    [
                        [
                            33.048208333333335,
                            57.063602777777774
                        ],
                        [
                            33.04801388888889,
                            57.06425833333333
                        ],
                        [
                            33.05135,
                            57.065041666666666
                        ],
                        [
                            33.053638888888884,
                            57.064816666666665
                        ],
                        [
                            33.05153333333333,
                            57.063599999999994
                        ],
                        [
                            33.048208333333335,
                            57.063602777777774
                        ]
                    ]
                ]
            },
            "properties": {
                "description": "\u0422\u0432\u0435\u0440\u0441\u043a\u0430\u044f \u043e\u0431\u043b\u0430\u0441\u0442\u044c -> \u043e\u0437\u0435\u0440\u043e \u0421\u0438\u0433 (\u041e\u0441\u0442\u0430\u0448\u043a\u043e\u0432\u0441\u043a\u0438\u0439 \u0440\u0430\u0439\u043e\u043d):"
            }
        },
        {
            "type": "Feature",
            "geometry": {
                "type": "Polygon",
                "coordinates": [
                    [
                        [
                            32.575072222222225,
                            57.22790555555556
                        ],
                        [
                            32.57855555555556,
                            57.22771388888889
                        ],
                        [
                            32.57953611111112,
                            57.22688055555556
                        ],
                        [
                            32.57534444444445,
                            57.22511666666667
                        ],
                        [
                            32.575072222222225,
                            57.22790555555556
                        ]
                    ]
                ]
            },
            "properties": {
                "description": "\u0422\u0432\u0435\u0440\u0441\u043a\u0430\u044f \u043e\u0431\u043b\u0430\u0441\u0442\u044c -> \u043e\u0437\u0435\u0440\u043e \u0421\u0442\u0435\u0440\u0436 (\u041e\u0441\u0442\u0430\u0448\u043a\u043e\u0432\u0441\u043a\u0438\u0439 \u0440\u0430\u0439\u043e\u043d):"
            }
        },
        {
            "type": "Feature",
            "geometry": {
                "type": "Polygon",
                "coordinates": [
                    [
                        [
                            32.60543055555556,
                            57.1139
                        ],
                        [
                            32.61056111111111,
                            57.11018888888889
                        ],
                        [
                            32.604730555555555,
                            57.112069444444444
                        ],
                        [
                            32.60543055555556,
                            57.1139
                        ]
                    ]
                ]
            },
            "properties": {
                "description": "\u0422\u0432\u0435\u0440\u0441\u043a\u0430\u044f \u043e\u0431\u043b\u0430\u0441\u0442\u044c -> \u043e\u0437\u0435\u0440\u043e \u0412\u0441\u0435\u043b\u0443\u0433 (\u041f\u0435\u043d\u043e\u0432\u0441\u043a\u0438\u0439 \u0440\u0430\u0439\u043e\u043d):"
            }
        },
        {
            "type": "Feature",
            "geometry": {
                "type": "Polygon",
                "coordinates": [
                    [
                        [
                            32.63710277777778,
                            57.06058611111111
                        ],
                        [
                            32.63834166666667,
                            57.06175277777778
                        ],
                        [
                            32.64248333333333,
                            57.06274722222222
                        ],
                        [
                            32.642355555555554,
                            57.06429166666666
                        ],
                        [
                            32.64617222222222,
                            57.06545833333333
                        ],
                        [
                            32.647558333333336,
                            57.06034444444444
                        ],
                        [
                            32.643055555555556,
                            57.06154166666666
                        ],
                        [
                            32.63710277777778,
                            57.06058611111111
                        ]
                    ]
                ]
            },
            "properties": {
                "description": "\u0422\u0432\u0435\u0440\u0441\u043a\u0430\u044f \u043e\u0431\u043b\u0430\u0441\u0442\u044c -> \u043e\u0437\u0435\u0440\u043e \u0412\u0441\u0435\u043b\u0443\u0433 (\u041f\u0435\u043d\u043e\u0432\u0441\u043a\u0438\u0439 \u0440\u0430\u0439\u043e\u043d):"
            }
        },
        {
            "type": "Feature",
            "geometry": {
                "type": "Polygon",
                "coordinates": [
                    [
                        [
                            36.49820277777778,
                            57.18953888888888
                        ],
                        [
                            36.49816666666667,
                            57.18991666666666
                        ],
                        [
                            36.50011111111111,
                            57.18993611111111
                        ],
                        [
                            36.50029444444444,
                            57.18949722222222
                        ],
                        [
                            36.49820277777778,
                            57.18953888888888
                        ]
                    ]
                ]
            },
            "properties": {
                "description": "\u0422\u0432\u0435\u0440\u0441\u043a\u0430\u044f \u043e\u0431\u043b\u0430\u0441\u0442\u044c -> \u0440\u0435\u043a\u0430 \u041c\u0435\u0434\u0432\u0435\u0434\u0438\u0446\u0430 (\u0420\u0430\u043c\u0435\u0448\u043a\u043e\u0432\u0441\u043a\u0438\u0439 \u0440\u0430\u0439\u043e\u043d):"
            }
        },
        {
            "type": "Feature",
            "geometry": {
                "type": "Polygon",
                "coordinates": [
                    [
                        [
                            36.361980555555554,
                            57.19593333333333
                        ],
                        [
                            36.37938611111111,
                            57.195116666666664
                        ],
                        [
                            36.361980555555554,
                            57.19593333333333
                        ]
                    ]
                ]
            },
            "properties": {
                "description": "\u0422\u0432\u0435\u0440\u0441\u043a\u0430\u044f \u043e\u0431\u043b\u0430\u0441\u0442\u044c -> \u0440\u0435\u043a\u0430 \u041c\u0435\u0434\u0432\u0435\u0434\u0438\u0446\u0430 (\u0420\u0430\u043c\u0435\u0448\u043a\u043e\u0432\u0441\u043a\u0438\u0439 \u0440\u0430\u0439\u043e\u043d):"
            }
        },
        {
            "type": "Feature",
            "geometry": {
                "type": "Polygon",
                "coordinates": [
                    [
                        [
                            36.411966666666665,
                            57.188063888888884
                        ],
                        [
                            36.41469166666666,
                            57.18989722222222
                        ],
                        [
                            36.415163888888884,
                            57.18963333333333
                        ],
                        [
                            36.411966666666665,
                            57.188063888888884
                        ]
                    ]
                ]
            },
            "properties": {
                "description": "\u0422\u0432\u0435\u0440\u0441\u043a\u0430\u044f \u043e\u0431\u043b\u0430\u0441\u0442\u044c -> \u0440\u0435\u043a\u0430 \u041c\u0435\u0434\u0432\u0435\u0434\u0438\u0446\u0430 (\u0420\u0430\u043c\u0435\u0448\u043a\u043e\u0432\u0441\u043a\u0438\u0439 \u0440\u0430\u0439\u043e\u043d):"
            }
        },
        {
            "type": "Feature",
            "geometry": {
                "type": "Polygon",
                "coordinates": [
                    [
                        [
                            36.78513611111111,
                            57.31850277777778
                        ],
                        [
                            36.78528333333333,
                            57.31946111111112
                        ],
                        [
                            36.786116666666665,
                            57.319205555555556
                        ],
                        [
                            36.78513611111111,
                            57.31850277777778
                        ]
                    ]
                ]
            },
            "properties": {
                "description": "\u0422\u0432\u0435\u0440\u0441\u043a\u0430\u044f \u043e\u0431\u043b\u0430\u0441\u0442\u044c -> \u0440\u0435\u043a\u0430 \u041c\u0435\u0434\u0432\u0435\u0434\u0438\u0446\u0430 (\u0420\u0430\u043c\u0435\u0448\u043a\u043e\u0432\u0441\u043a\u0438\u0439 \u0440\u0430\u0439\u043e\u043d):"
            }
        },
        {
            "type": "Feature",
            "geometry": {
                "type": "Polygon",
                "coordinates": [
                    [
                        [
                            36.07761666666667,
                            57.27220833333333
                        ],
                        [
                            36.078250000000004,
                            57.27255
                        ],
                        [
                            36.07944722222223,
                            57.27254722222222
                        ],
                        [
                            36.07991388888889,
                            57.272327777777775
                        ],
                        [
                            36.07761666666667,
                            57.27220833333333
                        ]
                    ]
                ]
            },
            "properties": {
                "description": "\u0422\u0432\u0435\u0440\u0441\u043a\u0430\u044f \u043e\u0431\u043b\u0430\u0441\u0442\u044c -> \u0440\u0435\u043a\u0430 \u041c\u0435\u0434\u0432\u0435\u0434\u0438\u0446\u0430 (\u0420\u0430\u043c\u0435\u0448\u043a\u043e\u0432\u0441\u043a\u0438\u0439 \u0440\u0430\u0439\u043e\u043d):"
            }
        },
        {
            "type": "Feature",
            "geometry": {
                "type": "Polygon",
                "coordinates": [
                    [
                        [
                            36.29736111111111,
                            57.176808333333334
                        ],
                        [
                            36.307472222222216,
                            57.17401388888889
                        ],
                        [
                            36.29736111111111,
                            57.176808333333334
                        ]
                    ]
                ]
            },
            "properties": {
                "description": "\u0422\u0432\u0435\u0440\u0441\u043a\u0430\u044f \u043e\u0431\u043b\u0430\u0441\u0442\u044c -> \u0440\u0435\u043a\u0430 \u041c\u0435\u0434\u0432\u0435\u0434\u0438\u0446\u0430 (\u0420\u0430\u043c\u0435\u0448\u043a\u043e\u0432\u0441\u043a\u0438\u0439 \u0440\u0430\u0439\u043e\u043d):"
            }
        },
        {
            "type": "Feature",
            "geometry": {
                "type": "Polygon",
                "coordinates": [
                    [
                        [
                            36.003141666666664,
                            57.290283333333335
                        ],
                        [
                            36.005116666666666,
                            57.291377777777775
                        ],
                        [
                            36.00578888888889,
                            57.29129444444444
                        ],
                        [
                            36.003141666666664,
                            57.290283333333335
                        ]
                    ]
                ]
            },
            "properties": {
                "description": "\u0422\u0432\u0435\u0440\u0441\u043a\u0430\u044f \u043e\u0431\u043b\u0430\u0441\u0442\u044c -> \u0440\u0435\u043a\u0430 \u041c\u0435\u0434\u0432\u0435\u0434\u0438\u0446\u0430 (\u0420\u0430\u043c\u0435\u0448\u043a\u043e\u0432\u0441\u043a\u0438\u0439 \u0440\u0430\u0439\u043e\u043d):"
            }
        },
        {
            "type": "Feature",
            "geometry": {
                "type": "Polygon",
                "coordinates": [
                    [
                        [
                            36.40404722222222,
                            57.28570833333333
                        ],
                        [
                            36.42355833333333,
                            57.28018888888889
                        ],
                        [
                            36.40404722222222,
                            57.28570833333333
                        ]
                    ]
                ]
            },
            "properties": {
                "description": "\u0422\u0432\u0435\u0440\u0441\u043a\u0430\u044f \u043e\u0431\u043b\u0430\u0441\u0442\u044c -> \u0440\u0435\u043a\u0430 \u0418\u0432\u0438\u0446\u0430 (\u0420\u0430\u043c\u0435\u0448\u043a\u043e\u0432\u0441\u043a\u0438\u0439 \u0440\u0430\u0439\u043e\u043d):"
            }
        },
        {
            "type": "Feature",
            "geometry": {
                "type": "Polygon",
                "coordinates": [
                    [
                        [
                            36.43028611111111,
                            57.273777777777774
                        ],
                        [
                            36.43412222222222,
                            57.26690555555555
                        ],
                        [
                            36.43028611111111,
                            57.273777777777774
                        ]
                    ]
                ]
            },
            "properties": {
                "description": "\u0422\u0432\u0435\u0440\u0441\u043a\u0430\u044f \u043e\u0431\u043b\u0430\u0441\u0442\u044c -> \u0440\u0435\u043a\u0430 \u0418\u0432\u0438\u0446\u0430 (\u0420\u0430\u043c\u0435\u0448\u043a\u043e\u0432\u0441\u043a\u0438\u0439 \u0440\u0430\u0439\u043e\u043d):"
            }
        },
        {
            "type": "Feature",
            "geometry": {
                "type": "Polygon",
                "coordinates": [
                    [
                        [
                            36.08815,
                            57.11561944444445
                        ],
                        [
                            36.107866666666666,
                            57.13027777777778
                        ],
                        [
                            36.08815,
                            57.11561944444445
                        ]
                    ]
                ]
            },
            "properties": {
                "description": "\u0422\u0432\u0435\u0440\u0441\u043a\u0430\u044f \u043e\u0431\u043b\u0430\u0441\u0442\u044c -> \u0440\u0435\u043a\u0430 \u041a\u0443\u0448\u0430\u043b\u043a\u0430 (\u0420\u0430\u043c\u0435\u0448\u043a\u043e\u0432\u0441\u043a\u0438\u0439 \u0440\u0430\u0439\u043e\u043d):"
            }
        },
        {
            "type": "Feature",
            "geometry": {
                "type": "Polygon",
                "coordinates": [
                    [
                        [
                            36.232622222222226,
                            57.15936111111111
                        ],
                        [
                            36.24115833333333,
                            57.16515833333333
                        ],
                        [
                            36.232622222222226,
                            57.15936111111111
                        ]
                    ]
                ]
            },
            "properties": {
                "description": "\u0422\u0432\u0435\u0440\u0441\u043a\u0430\u044f \u043e\u0431\u043b\u0430\u0441\u0442\u044c -> \u0440\u0435\u043a\u0430 \u041a\u0443\u0448\u0430\u043b\u043a\u0430 (\u0420\u0430\u043c\u0435\u0448\u043a\u043e\u0432\u0441\u043a\u0438\u0439 \u0440\u0430\u0439\u043e\u043d):"
            }
        },
        {
            "type": "Feature",
            "geometry": {
                "type": "Polygon",
                "coordinates": [
                    [
                        [
                            36.170363888888886,
                            57.13528055555555
                        ],
                        [
                            36.170363888888886,
                            57.13528055555555
                        ]
                    ]
                ]
            },
            "properties": {
                "description": "\u0422\u0432\u0435\u0440\u0441\u043a\u0430\u044f \u043e\u0431\u043b\u0430\u0441\u0442\u044c -> \u0440\u0435\u043a\u0430 \u041a\u0443\u0448\u0430\u043b\u043a\u0430 (\u0420\u0430\u043c\u0435\u0448\u043a\u043e\u0432\u0441\u043a\u0438\u0439 \u0440\u0430\u0439\u043e\u043d):"
            }
        },
        {
            "type": "Feature",
            "geometry": {
                "type": "Polygon",
                "coordinates": [
                    [
                        [
                            36.09671111111111,
                            57.33911944444445
                        ],
                        [
                            36.07823888888889,
                            57.27261388888889
                        ],
                        [
                            36.09671111111111,
                            57.33911944444445
                        ]
                    ]
                ]
            },
            "properties": {
                "description": "\u0422\u0432\u0435\u0440\u0441\u043a\u0430\u044f \u043e\u0431\u043b\u0430\u0441\u0442\u044c -> \u0440\u0435\u043a\u0430 \u0428\u0443\u0439\u043a\u0430 (\u0420\u0430\u043c\u0435\u0448\u043a\u043e\u0432\u0441\u043a\u0438\u0439 \u0440\u0430\u0439\u043e\u043d):"
            }
        },
        {
            "type": "Feature",
            "geometry": {
                "type": "Polygon",
                "coordinates": [
                    [
                        [
                            36.5036,
                            57.041127777777774
                        ],
                        [
                            36.504530555555554,
                            57.04463055555556
                        ],
                        [
                            36.522927777777774,
                            57.043394444444445
                        ],
                        [
                            36.518683333333335,
                            57.038244444444445
                        ],
                        [
                            36.5036,
                            57.041127777777774
                        ]
                    ]
                ]
            },
            "properties": {
                "description": "\u0422\u0432\u0435\u0440\u0441\u043a\u0430\u044f \u043e\u0431\u043b\u0430\u0441\u0442\u044c -> \u043e\u0437\u0435\u0440\u043e \u0412\u0435\u043b\u0438\u043a\u043e\u0435 (\u0420\u0430\u043c\u0435\u0448\u043a\u043e\u0432\u0441\u043a\u0438\u0439 \u0440\u0430\u0439\u043e\u043d):"
            }
        },
        {
            "type": "Feature",
            "geometry": {
                "type": "Polygon",
                "coordinates": [
                    [
                        [
                            36.48654722222222,
                            57.04944166666667
                        ],
                        [
                            36.481750000000005,
                            57.05313888888889
                        ],
                        [
                            36.50806388888889,
                            57.054224999999995
                        ],
                        [
                            36.50474444444445,
                            57.050749999999994
                        ],
                        [
                            36.48654722222222,
                            57.04944166666667
                        ]
                    ]
                ]
            },
            "properties": {
                "description": "\u0422\u0432\u0435\u0440\u0441\u043a\u0430\u044f \u043e\u0431\u043b\u0430\u0441\u0442\u044c -> \u043e\u0437\u0435\u0440\u043e \u0412\u0435\u043b\u0438\u043a\u043e\u0435 (\u0420\u0430\u043c\u0435\u0448\u043a\u043e\u0432\u0441\u043a\u0438\u0439 \u0440\u0430\u0439\u043e\u043d):"
            }
        },
        {
            "type": "Feature",
            "geometry": {
                "type": "Polygon",
                "coordinates": [
                    [
                        [
                            34.895538888888886,
                            56.330738888888895
                        ],
                        [
                            34.895336111111114,
                            56.330913888888894
                        ],
                        [
                            34.89688611111111,
                            56.33110833333334
                        ],
                        [
                            34.89700833333333,
                            56.330925
                        ],
                        [
                            34.895538888888886,
                            56.330738888888895
                        ]
                    ]
                ]
            },
            "properties": {
                "description": "\u0422\u0432\u0435\u0440\u0441\u043a\u0430\u044f \u043e\u0431\u043b\u0430\u0441\u0442\u044c -> \u0440\u0435\u043a\u0430 \u0412\u043e\u043b\u0433\u0430 (\u0421\u0442\u0430\u0440\u0438\u0446\u043a\u0438\u0439 \u0440\u0430\u0439\u043e\u043d):"
            }
        },
        {
            "type": "Feature",
            "geometry": {
                "type": "Polygon",
                "coordinates": [
                    [
                        [
                            35.07794722222223,
                            56.55497222222222
                        ],
                        [
                            35.077555555555556,
                            56.55510833333333
                        ],
                        [
                            35.07885277777778,
                            56.55549722222222
                        ],
                        [
                            35.07906944444445,
                            56.55528888888889
                        ],
                        [
                            35.07794722222223,
                            56.55497222222222
                        ]
                    ]
                ]
            },
            "properties": {
                "description": "\u0422\u0432\u0435\u0440\u0441\u043a\u0430\u044f \u043e\u0431\u043b\u0430\u0441\u0442\u044c -> \u0440\u0435\u043a\u0430 \u0412\u043e\u043b\u0433\u0430 (\u0421\u0442\u0430\u0440\u0438\u0446\u043a\u0438\u0439 \u0440\u0430\u0439\u043e\u043d):"
            }
        },
        {
            "type": "Feature",
            "geometry": {
                "type": "Polygon",
                "coordinates": [
                    [
                        [
                            34.924363888888884,
                            56.516280555555554
                        ],
                        [
                            34.92397777777778,
                            56.516983333333336
                        ],
                        [
                            34.924616666666665,
                            56.51696111111111
                        ],
                        [
                            34.92469166666667,
                            56.51624722222222
                        ],
                        [
                            34.924363888888884,
                            56.516280555555554
                        ]
                    ]
                ]
            },
            "properties": {
                "description": "\u0422\u0432\u0435\u0440\u0441\u043a\u0430\u044f \u043e\u0431\u043b\u0430\u0441\u0442\u044c -> \u0440\u0435\u043a\u0430 \u0412\u043e\u043b\u0433\u0430 (\u0421\u0442\u0430\u0440\u0438\u0446\u043a\u0438\u0439 \u0440\u0430\u0439\u043e\u043d):"
            }
        },
        {
            "type": "Feature",
            "geometry": {
                "type": "Polygon",
                "coordinates": [
                    [
                        [
                            34.82381388888889,
                            56.30138055555555
                        ],
                        [
                            34.82392777777778,
                            56.301538888888885
                        ],
                        [
                            34.82565,
                            56.30107222222222
                        ],
                        [
                            34.82545555555556,
                            56.30095277777777
                        ],
                        [
                            34.82381388888889,
                            56.30138055555555
                        ]
                    ]
                ]
            },
            "properties": {
                "description": "\u0422\u0432\u0435\u0440\u0441\u043a\u0430\u044f \u043e\u0431\u043b\u0430\u0441\u0442\u044c -> \u0440\u0435\u043a\u0430 \u0412\u043e\u043b\u0433\u0430 (\u0420\u0436\u0435\u0432\u0441\u043a\u0438\u0439, \u0421\u0442\u0430\u0440\u0438\u0446\u043a\u0438\u0439 \u0440\u0430\u0439\u043e\u043d\u044b):"
            }
        },
        {
            "type": "Feature",
            "geometry": {
                "type": "Polygon",
                "coordinates": [
                    [
                        [
                            34.36444166666667,
                            56.593375
                        ],
                        [
                            34.361444444444444,
                            56.59462777777778
                        ],
                        [
                            34.36306666666667,
                            56.596697222222225
                        ],
                        [
                            34.368575,
                            56.59994722222223
                        ],
                        [
                            34.37026388888889,
                            56.59849444444445
                        ],
                        [
                            34.36444166666667,
                            56.593375
                        ]
                    ]
                ]
            },
            "properties": {
                "description": "\u0422\u0432\u0435\u0440\u0441\u043a\u0430\u044f \u043e\u0431\u043b\u0430\u0441\u0442\u044c -> \u043e\u0437\u0435\u0440\u043e \u0414\u0435\u043d\u0435\u0436\u043d\u043e\u0435 (\u0421\u0442\u0430\u0440\u0438\u0446\u043a\u0438\u0439 \u0440\u0430\u0439\u043e\u043d):"
            }
        },
        {
            "type": "Feature",
            "geometry": {
                "type": "Polygon",
                "coordinates": [
                    [
                        [
                            35.26716666666667,
                            56.97649722222222
                        ],
                        [
                            35.26716666666667,
                            56.97649722222222
                        ]
                    ]
                ]
            },
            "properties": {
                "description": "\u0422\u0432\u0435\u0440\u0441\u043a\u0430\u044f \u043e\u0431\u043b\u0430\u0441\u0442\u044c -> \u0440\u0435\u043a\u0430 \u041b\u043e\u0433\u043e\u0432\u0435\u0436\u044c (\u0422\u043e\u0440\u0436\u043e\u043a\u0441\u043a\u0438\u0439 \u0440\u0430\u0439\u043e\u043d):"
            }
        },
        {
            "type": "Feature",
            "geometry": {
                "type": "Polygon",
                "coordinates": [
                    [
                        [
                            35.163941666666666,
                            57.07588611111112
                        ],
                        [
                            35.20223055555556,
                            57.057944444444445
                        ],
                        [
                            35.163941666666666,
                            57.07588611111112
                        ]
                    ]
                ]
            },
            "properties": {
                "description": "\u0422\u0432\u0435\u0440\u0441\u043a\u0430\u044f \u043e\u0431\u043b\u0430\u0441\u0442\u044c -> \u0440\u0435\u043a\u0430 \u041b\u043e\u0433\u043e\u0432\u0435\u0436\u044c (\u0422\u043e\u0440\u0436\u043e\u043a\u0441\u043a\u0438\u0439 \u0440\u0430\u0439\u043e\u043d):"
            }
        },
        {
            "type": "Feature",
            "geometry": {
                "type": "Polygon",
                "coordinates": [
                    [
                        [
                            35.1653,
                            57.093494444444445
                        ],
                        [
                            35.170608333333334,
                            57.08490833333334
                        ],
                        [
                            35.1653,
                            57.093494444444445
                        ]
                    ]
                ]
            },
            "properties": {
                "description": "\u0422\u0432\u0435\u0440\u0441\u043a\u0430\u044f \u043e\u0431\u043b\u0430\u0441\u0442\u044c -> \u0440\u0435\u043a\u0430 \u041b\u043e\u0433\u043e\u0432\u0435\u0436\u044c (\u0422\u043e\u0440\u0436\u043e\u043a\u0441\u043a\u0438\u0439 \u0440\u0430\u0439\u043e\u043d):"
            }
        },
        {
            "type": "Feature",
            "geometry": {
                "type": "Polygon",
                "coordinates": [
                    [
                        [
                            35.13041944444444,
                            57.11100555555556
                        ],
                        [
                            35.150130555555556,
                            57.10481388888889
                        ],
                        [
                            35.13041944444444,
                            57.11100555555556
                        ]
                    ]
                ]
            },
            "properties": {
                "description": "\u0422\u0432\u0435\u0440\u0441\u043a\u0430\u044f \u043e\u0431\u043b\u0430\u0441\u0442\u044c -> \u0440\u0435\u043a\u0430 \u041b\u043e\u0433\u043e\u0432\u0435\u0436\u044c (\u0422\u043e\u0440\u0436\u043e\u043a\u0441\u043a\u0438\u0439 \u0440\u0430\u0439\u043e\u043d):"
            }
        },
        {
            "type": "Feature",
            "geometry": {
                "type": "Polygon",
                "coordinates": [
                    [
                        [
                            35.31428888888889,
                            56.926405555555554
                        ],
                        [
                            35.315,
                            56.92757222222222
                        ],
                        [
                            35.31615277777777,
                            56.927213888888886
                        ],
                        [
                            35.31428888888889,
                            56.926405555555554
                        ]
                    ]
                ]
            },
            "properties": {
                "description": "\u0422\u0432\u0435\u0440\u0441\u043a\u0430\u044f \u043e\u0431\u043b\u0430\u0441\u0442\u044c -> \u0440\u0435\u043a\u0430 \u0422\u0432\u0435\u0440\u0446\u0430 (\u0422\u043e\u0440\u0436\u043e\u043a\u0441\u043a\u0438\u0439 \u0440\u0430\u0439\u043e\u043d):"
            }
        },
        {
            "type": "Feature",
            "geometry": {
                "type": "Polygon",
                "coordinates": [
                    [
                        [
                            35.09489166666667,
                            56.997525
                        ],
                        [
                            35.094725000000004,
                            56.99770277777778
                        ],
                        [
                            35.09992777777778,
                            56.997994444444444
                        ],
                        [
                            35.09968055555556,
                            56.99783055555556
                        ],
                        [
                            35.09489166666667,
                            56.997525
                        ]
                    ]
                ]
            },
            "properties": {
                "description": "\u0422\u0432\u0435\u0440\u0441\u043a\u0430\u044f \u043e\u0431\u043b\u0430\u0441\u0442\u044c -> \u0440\u0435\u043a\u0430 \u0422\u0432\u0435\u0440\u0446\u0430 (\u0422\u043e\u0440\u0436\u043e\u043a\u0441\u043a\u0438\u0439 \u0440\u0430\u0439\u043e\u043d):"
            }
        },
        {
            "type": "Feature",
            "geometry": {
                "type": "Polygon",
                "coordinates": [
                    [
                        [
                            35.04500833333333,
                            56.99939166666667
                        ],
                        [
                            35.045005555555555,
                            56.999519444444445
                        ],
                        [
                            35.04878055555555,
                            56.99978611111111
                        ],
                        [
                            35.04880277777777,
                            56.999636111111116
                        ],
                        [
                            35.04500833333333,
                            56.99939166666667
                        ]
                    ]
                ]
            },
            "properties": {
                "description": "\u0422\u0432\u0435\u0440\u0441\u043a\u0430\u044f \u043e\u0431\u043b\u0430\u0441\u0442\u044c -> \u0440\u0435\u043a\u0430 \u0422\u0432\u0435\u0440\u0446\u0430 (\u0422\u043e\u0440\u0436\u043e\u043a\u0441\u043a\u0438\u0439 \u0440\u0430\u0439\u043e\u043d):"
            }
        },
        {
            "type": "Feature",
            "geometry": {
                "type": "Polygon",
                "coordinates": [
                    [
                        [
                            34.95666388888889,
                            57.10987222222222
                        ],
                        [
                            34.95745,
                            57.10993333333334
                        ],
                        [
                            34.960322222222224,
                            57.10890833333333
                        ],
                        [
                            34.95666388888889,
                            57.10987222222222
                        ]
                    ]
                ]
            },
            "properties": {
                "description": "\u0422\u0432\u0435\u0440\u0441\u043a\u0430\u044f \u043e\u0431\u043b\u0430\u0441\u0442\u044c -> \u0440\u0435\u043a\u0430 \u0422\u0432\u0435\u0440\u0446\u0430 (\u0422\u043e\u0440\u0436\u043e\u043a\u0441\u043a\u0438\u0439 \u0440\u0430\u0439\u043e\u043d):"
            }
        },
        {
            "type": "Feature",
            "geometry": {
                "type": "Polygon",
                "coordinates": [
                    [
                        [
                            34.93779444444444,
                            57.11781111111111
                        ],
                        [
                            34.94153333333333,
                            57.116841666666666
                        ],
                        [
                            34.93779444444444,
                            57.11781111111111
                        ]
                    ]
                ]
            },
            "properties": {
                "description": "\u0422\u0432\u0435\u0440\u0441\u043a\u0430\u044f \u043e\u0431\u043b\u0430\u0441\u0442\u044c -> \u0440\u0435\u043a\u0430 \u0422\u0432\u0435\u0440\u0446\u0430 (\u0422\u043e\u0440\u0436\u043e\u043a\u0441\u043a\u0438\u0439 \u0440\u0430\u0439\u043e\u043d):"
            }
        },
        {
            "type": "Feature",
            "geometry": {
                "type": "Polygon",
                "coordinates": [
                    [
                        [
                            34.75836944444445,
                            57.089061111111114
                        ],
                        [
                            34.75828055555556,
                            57.085147222222226
                        ],
                        [
                            34.75836944444445,
                            57.089061111111114
                        ]
                    ]
                ]
            },
            "properties": {
                "description": "\u0422\u0432\u0435\u0440\u0441\u043a\u0430\u044f \u043e\u0431\u043b\u0430\u0441\u0442\u044c -> \u0440\u0435\u043a\u0430 \u041e\u0441\u0443\u0433\u0430 (\u0422\u043e\u0440\u0436\u043e\u043a\u0441\u043a\u0438\u0439 \u0440\u0430\u0439\u043e\u043d):"
            }
        },
        {
            "type": "Feature",
            "geometry": {
                "type": "Polygon",
                "coordinates": [
                    [
                        [
                            34.520938888888885,
                            57.21073333333334
                        ],
                        [
                            34.441802777777774,
                            57.21511666666667
                        ],
                        [
                            34.520938888888885,
                            57.21073333333334
                        ]
                    ]
                ]
            },
            "properties": {
                "description": "\u0422\u0432\u0435\u0440\u0441\u043a\u0430\u044f \u043e\u0431\u043b\u0430\u0441\u0442\u044c -> \u0440\u0435\u043a\u0430 \u041f\u043e\u0432\u0435\u0434\u044c (\u0422\u043e\u0440\u0436\u043e\u043a\u0441\u043a\u0438\u0439 \u0440\u0430\u0439\u043e\u043d):"
            }
        },
        {
            "type": "Feature",
            "geometry": {
                "type": "Polygon",
                "coordinates": [
                    [
                        [
                            34.64114166666667,
                            57.19569444444444
                        ],
                        [
                            34.67932777777778,
                            57.19859722222222
                        ],
                        [
                            34.64114166666667,
                            57.19569444444444
                        ]
                    ]
                ]
            },
            "properties": {
                "description": "\u0422\u0432\u0435\u0440\u0441\u043a\u0430\u044f \u043e\u0431\u043b\u0430\u0441\u0442\u044c -> \u0440\u0435\u043a\u0430 \u041f\u043e\u0432\u0435\u0434\u044c (\u0422\u043e\u0440\u0436\u043e\u043a\u0441\u043a\u0438\u0439 \u0440\u0430\u0439\u043e\u043d):"
            }
        },
        {
            "type": "Feature",
            "geometry": {
                "type": "Polygon",
                "coordinates": [
                    [
                        [
                            34.70345833333334,
                            57.21094444444445
                        ],
                        [
                            34.70191666666667,
                            57.213411111111114
                        ],
                        [
                            34.70345833333334,
                            57.21094444444445
                        ]
                    ]
                ]
            },
            "properties": {
                "description": "\u0422\u0432\u0435\u0440\u0441\u043a\u0430\u044f \u043e\u0431\u043b\u0430\u0441\u0442\u044c -> \u0440\u0435\u043a\u0430 \u041f\u043e\u0432\u0435\u0434\u044c (\u0422\u043e\u0440\u0436\u043e\u043a\u0441\u043a\u0438\u0439 \u0440\u0430\u0439\u043e\u043d):"
            }
        },
        {
            "type": "Feature",
            "geometry": {
                "type": "Polygon",
                "coordinates": [
                    [
                        [
                            34.53836666666666,
                            57.21361944444445
                        ],
                        [
                            34.53820277777778,
                            57.21386666666667
                        ],
                        [
                            34.54008333333333,
                            57.214577777777784
                        ],
                        [
                            34.54011944444444,
                            57.21446944444445
                        ],
                        [
                            34.53836666666666,
                            57.21361944444445
                        ]
                    ]
                ]
            },
            "properties": {
                "description": "\u0422\u0432\u0435\u0440\u0441\u043a\u0430\u044f \u043e\u0431\u043b\u0430\u0441\u0442\u044c -> \u0440\u0435\u043a\u0430 \u041f\u043e\u0432\u0435\u0434\u044c (\u0422\u043e\u0440\u0436\u043e\u043a\u0441\u043a\u0438\u0439 \u0440\u0430\u0439\u043e\u043d):"
            }
        },
        {
            "type": "Feature",
            "geometry": {
                "type": "Polygon",
                "coordinates": [
                    [
                        [
                            35.21200277777778,
                            56.812213888888884
                        ],
                        [
                            35.21177777777778,
                            56.81233611111111
                        ],
                        [
                            35.21483611111111,
                            56.812841666666664
                        ],
                        [
                            35.21200277777778,
                            56.812213888888884
                        ]
                    ]
                ]
            },
            "properties": {
                "description": "\u0422\u0432\u0435\u0440\u0441\u043a\u0430\u044f \u043e\u0431\u043b\u0430\u0441\u0442\u044c -> \u0440\u0435\u043a\u0430 \u0422\u044c\u043c\u0430 (\u0422\u043e\u0440\u0436\u043e\u043a\u0441\u043a\u0438\u0439 \u0440\u0430\u0439\u043e\u043d):"
            }
        },
        {
            "type": "Feature",
            "geometry": {
                "type": "Polygon",
                "coordinates": [
                    [
                        [
                            35.169824999999996,
                            56.81491944444444
                        ],
                        [
                            35.169599999999996,
                            56.815124999999995
                        ],
                        [
                            35.17283888888888,
                            56.815016666666665
                        ],
                        [
                            35.17288055555555,
                            56.81480833333333
                        ],
                        [
                            35.169824999999996,
                            56.81491944444444
                        ]
                    ]
                ]
            },
            "properties": {
                "description": "\u0422\u0432\u0435\u0440\u0441\u043a\u0430\u044f \u043e\u0431\u043b\u0430\u0441\u0442\u044c -> \u0440\u0435\u043a\u0430 \u0422\u044c\u043c\u0430 (\u0422\u043e\u0440\u0436\u043e\u043a\u0441\u043a\u0438\u0439 \u0440\u0430\u0439\u043e\u043d):"
            }
        },
        {
            "type": "Feature",
            "geometry": {
                "type": "Polygon",
                "coordinates": [
                    [
                        [
                            35.24063888888889,
                            56.823752777777784
                        ],
                        [
                            35.23971388888889,
                            56.82378888888889
                        ],
                        [
                            35.24185277777778,
                            56.82416666666667
                        ],
                        [
                            35.24292222222223,
                            56.82404722222223
                        ],
                        [
                            35.24063888888889,
                            56.823752777777784
                        ]
                    ]
                ]
            },
            "properties": {
                "description": "\u0422\u0432\u0435\u0440\u0441\u043a\u0430\u044f \u043e\u0431\u043b\u0430\u0441\u0442\u044c -> \u0440\u0435\u043a\u0430 \u0422\u044c\u043c\u0430 (\u0422\u043e\u0440\u0436\u043e\u043a\u0441\u043a\u0438\u0439 \u0440\u0430\u0439\u043e\u043d):"
            }
        },
        {
            "type": "Feature",
            "geometry": {
                "type": "Polygon",
                "coordinates": [
                    [
                        [
                            34.87436944444445,
                            56.69733333333333
                        ],
                        [
                            34.88218333333334,
                            56.705333333333336
                        ],
                        [
                            34.87436944444445,
                            56.69733333333333
                        ]
                    ]
                ]
            },
            "properties": {
                "description": "\u0422\u0432\u0435\u0440\u0441\u043a\u0430\u044f \u043e\u0431\u043b\u0430\u0441\u0442\u044c -> \u0440\u0435\u043a\u0430 \u0422\u044c\u043c\u0430 (\u0422\u043e\u0440\u0436\u043e\u043a\u0441\u043a\u0438\u0439 \u0440\u0430\u0439\u043e\u043d):"
            }
        },
        {
            "type": "Feature",
            "geometry": {
                "type": "Polygon",
                "coordinates": [
                    [
                        [
                            34.707013888888895,
                            57.039024999999995
                        ],
                        [
                            34.70847777777778,
                            57.04309722222222
                        ],
                        [
                            34.707013888888895,
                            57.039024999999995
                        ]
                    ]
                ]
            },
            "properties": {
                "description": "\u0422\u0432\u0435\u0440\u0441\u043a\u0430\u044f \u043e\u0431\u043b\u0430\u0441\u0442\u044c -> \u0440\u0435\u043a\u0430 \u0420\u0430\u0439\u0447\u043e\u043d\u0430 (\u0422\u043e\u0440\u0436\u043e\u043a\u0441\u043a\u0438\u0439 \u0440\u0430\u0439\u043e\u043d):"
            }
        },
        {
            "type": "Feature",
            "geometry": {
                "type": "Polygon",
                "coordinates": [
                    [
                        [
                            34.733644444444444,
                            57.008472222222224
                        ],
                        [
                            34.72928888888889,
                            57.01068333333333
                        ],
                        [
                            34.733644444444444,
                            57.008472222222224
                        ]
                    ]
                ]
            },
            "properties": {
                "description": "\u0422\u0432\u0435\u0440\u0441\u043a\u0430\u044f \u043e\u0431\u043b\u0430\u0441\u0442\u044c -> \u0440\u0435\u043a\u0430 \u0420\u0430\u0439\u0447\u043e\u043d\u0430 (\u0422\u043e\u0440\u0436\u043e\u043a\u0441\u043a\u0438\u0439 \u0440\u0430\u0439\u043e\u043d):"
            }
        },
        {
            "type": "Feature",
            "geometry": {
                "type": "Polygon",
                "coordinates": [
                    [
                        [
                            34.52405833333333,
                            57.10338333333333
                        ],
                        [
                            34.5244,
                            57.10384166666667
                        ],
                        [
                            34.52068611111111,
                            57.10431666666667
                        ],
                        [
                            34.525216666666665,
                            57.104533333333336
                        ],
                        [
                            34.52596111111111,
                            57.10413055555556
                        ],
                        [
                            34.52405833333333,
                            57.10338333333333
                        ]
                    ]
                ]
            },
            "properties": {
                "description": "\u0422\u0432\u0435\u0440\u0441\u043a\u0430\u044f \u043e\u0431\u043b\u0430\u0441\u0442\u044c -> \u0440\u0435\u043a\u0430 \u0422\u0430\u043b\u043e\u0436\u0435\u043d\u043a\u0430 (\u0422\u043e\u0440\u0436\u043e\u043a\u0441\u043a\u0438\u0439 \u0440\u0430\u0439\u043e\u043d):"
            }
        },
        {
            "type": "Feature",
            "geometry": {
                "type": "Polygon",
                "coordinates": [
                    [
                        [
                            35.28816944444444,
                            56.774425
                        ],
                        [
                            35.297422222222224,
                            56.7765
                        ],
                        [
                            35.28816944444444,
                            56.774425
                        ]
                    ]
                ]
            },
            "properties": {
                "description": "\u0422\u0432\u0435\u0440\u0441\u043a\u0430\u044f \u043e\u0431\u043b\u0430\u0441\u0442\u044c -> \u0440\u0435\u043a\u0430 \u0428\u043e\u0441\u0442\u043a\u0430 (\u0422\u043e\u0440\u0436\u043e\u043a\u0441\u043a\u0438\u0439 \u0440\u0430\u0439\u043e\u043d):"
            }
        },
        {
            "type": "Feature",
            "geometry": {
                "type": "Polygon",
                "coordinates": [
                    [
                        [
                            35.194002777777776,
                            56.736583333333336
                        ],
                        [
                            35.206788888888894,
                            56.740941666666664
                        ],
                        [
                            35.194002777777776,
                            56.736583333333336
                        ]
                    ]
                ]
            },
            "properties": {
                "description": "\u0422\u0432\u0435\u0440\u0441\u043a\u0430\u044f \u043e\u0431\u043b\u0430\u0441\u0442\u044c -> \u0440\u0435\u043a\u0430 \u0428\u043e\u0441\u0442\u043a\u0430 (\u0422\u043e\u0440\u0436\u043e\u043a\u0441\u043a\u0438\u0439 \u0440\u0430\u0439\u043e\u043d):"
            }
        },
        {
            "type": "Feature",
            "geometry": {
                "type": "Polygon",
                "coordinates": [
                    [
                        [
                            31.937102777777778,
                            56.799569444444444
                        ],
                        [
                            31.937444444444445,
                            56.799416666666666
                        ],
                        [
                            31.941119444444446,
                            56.80011388888889
                        ],
                        [
                            31.940666666666665,
                            56.80058611111111
                        ],
                        [
                            31.937102777777778,
                            56.799569444444444
                        ]
                    ]
                ]
            },
            "properties": {
                "description": "\u0422\u0432\u0435\u0440\u0441\u043a\u0430\u044f \u043e\u0431\u043b\u0430\u0441\u0442\u044c -> \u043e\u0437\u0435\u0440\u043e \u0411\u043e\u0439\u043d\u043e (\u0410\u043d\u0434\u0440\u0435\u0430\u043f\u043e\u043b\u044c\u0441\u043a\u0438\u0439 \u0440\u0430\u0439\u043e\u043d):"
            }
        }
    ]
}
